Image_Name,Image_Path,Plate_Detected,Detected_Text,x1,y1,x2,y2,Processed_Image_Path,Processing_Time,Confidence_Score
0001.jpg,D:\GP\EALPR Vechicles dataset\Vehicles\0001.jpg,True,س ط ن٧١٢٦,333,371,445,430,results\plates\plate_0001.jpg,1.53,1.0
0002.jpg,D:\GP\EALPR Vechicles dataset\Vehicles\0002.jpg,True,ط ب ج٣٩٤٥,252,369,372,417,results\plates\plate_0002.jpg,1.15,1.0
0003.jpg,D:\GP\EALPR Vechicles dataset\Vehicles\0003.jpg,True,و ط ن١,181,462,288,509,results\plates\plate_0003.jpg,1.46,1.0
0004.jpg,D:\GP\EALPR Vechicles dataset\Vehicles\0004.jpg,True,ص س٦٧٤٣,302,499,392,535,results\plates\plate_0004.jpg,1.05,1.0
0005.jpg,D:\GP\EALPR Vechicles dataset\Vehicles\0005.jpg,True,ط س م٨٤٣٢,439,537,601,616,results\plates\plate_0005.jpg,0.91,1.0
0006.jpg,D:\GP\EALPR Vechicles dataset\Vehicles\0006.jpg,True,ط س م٨٤٣٢,436,351,570,423,results\plates\plate_0006.jpg,0.91,1.0
0007.jpg,D:\GP\EALPR Vechicles dataset\Vehicles\0007.jpg,True,ع م أ٥٣٨٢,421,569,530,622,results\plates\plate_0007.jpg,0.91,1.0
0008.jpg,D:\GP\EALPR Vechicles dataset\Vehicles\0008.jpg,True,د م ه٩٣٥,178,512,247,546,results\plates\plate_0008.jpg,0.83,1.0
0009.jpg,D:\GP\EALPR Vechicles dataset\Vehicles\0009.jpg,True,ف و٧٥٧١,74,277,142,310,results\plates\plate_0009.jpg,0.80,1.0
0010.jpg,D:\GP\EALPR Vechicles dataset\Vehicles\0010.jpg,True,ن ق ق٧٤٨,137,474,223,518,results\plates\plate_0010.jpg,0.83,1.0
0011.jpg,D:\GP\EALPR Vechicles dataset\Vehicles\0011.jpg,True,أ ن ع٨١٩,280,468,414,547,results\plates\plate_0011.jpg,0.93,1.0
0012.jpg,D:\GP\EALPR Vechicles dataset\Vehicles\0012.jpg,True,م ن ر٦٢٥٤,178,552,272,599,results\plates\plate_0012.jpg,1.00,1.0
0013.jpg,D:\GP\EALPR Vechicles dataset\Vehicles\0013.jpg,True,ه أ ق٤٧٦,316,462,429,520,results\plates\plate_0013.jpg,1.11,1.0
0014.jpg,D:\GP\EALPR Vechicles dataset\Vehicles\0014.jpg,True,ر و ي٤٨٥١,171,470,296,530,results\plates\plate_0014.jpg,1.01,1.0
0015.jpg,D:\GP\EALPR Vechicles dataset\Vehicles\0015.jpg,True,ر و ي٤٨٥١,237,575,349,629,results\plates\plate_0015.jpg,0.84,1.0
0016.jpg,D:\GP\EALPR Vechicles dataset\Vehicles\0016.jpg,True,س و و٥٤٩٨,394,481,537,551,results\plates\plate_0016.jpg,1.06,1.0
0017.jpg,D:\GP\EALPR Vechicles dataset\Vehicles\0017.jpg,True,ب د٤٣٦٤,312,676,448,745,results\plates\plate_0017.jpg,0.95,1.0
0018.jpg,D:\GP\EALPR Vechicles dataset\Vehicles\0018.jpg,True,ع ي ق٦٤٨٣,160,489,247,532,results\plates\plate_0018.jpg,0.80,1.0
0019.jpg,D:\GP\EALPR Vechicles dataset\Vehicles\0019.jpg,True,ع ي ق٦٤٨٣,170,449,253,492,results\plates\plate_0019.jpg,0.82,1.0
0020.jpg,D:\GP\EALPR Vechicles dataset\Vehicles\0020.jpg,True,د س ع٥٥٢٣,397,373,504,426,results\plates\plate_0020.jpg,0.87,1.0
0021.jpg,D:\GP\EALPR Vechicles dataset\Vehicles\0021.jpg,True,ر ي ع١٦٤٧,408,537,532,598,results\plates\plate_0021.jpg,1.05,1.0
0022.jpg,D:\GP\EALPR Vechicles dataset\Vehicles\0022.jpg,True,ع ر٤٤٧٥,328,659,441,719,results\plates\plate_0022.jpg,1.23,1.0
0023.jpg,D:\GP\EALPR Vechicles dataset\Vehicles\0023.jpg,True,أ ع ر٤٤٧٥,307,596,430,659,results\plates\plate_0023.jpg,1.55,1.0
0024.jpg,D:\GP\EALPR Vechicles dataset\Vehicles\0024.jpg,True,ع ر٤٤٧٥,317,470,411,519,results\plates\plate_0024.jpg,1.08,1.0
0025.jpg,D:\GP\EALPR Vechicles dataset\Vehicles\0025.jpg,True,أ ف ر١٢٤٥,201,520,335,590,results\plates\plate_0025.jpg,1.02,1.0
0026.jpg,D:\GP\EALPR Vechicles dataset\Vehicles\0026.jpg,True,ص ق د٢٤١١,378,529,508,596,results\plates\plate_0026.jpg,1.10,1.0
0027.jpg,D:\GP\EALPR Vechicles dataset\Vehicles\0027.jpg,True,ص ق د٢٤١١,398,498,538,570,results\plates\plate_0027.jpg,1.17,1.0
0028.jpg,D:\GP\EALPR Vechicles dataset\Vehicles\0028.jpg,True,ص ق د٢٤١١,373,540,502,609,results\plates\plate_0028.jpg,1.16,1.0
0029.jpg,D:\GP\EALPR Vechicles dataset\Vehicles\0029.jpg,True,ط ع ر٤٤٧٥,320,464,413,517,results\plates\plate_0029.jpg,1.30,1.0
0030.jpg,D:\GP\EALPR Vechicles dataset\Vehicles\0030.jpg,True,ع ر٤٤٧٥,328,659,441,719,results\plates\plate_0030.jpg,1.05,1.0
0031.jpg,D:\GP\EALPR Vechicles dataset\Vehicles\0031.jpg,True,أ ع ر٤٤٧٥,307,596,430,659,results\plates\plate_0031.jpg,1.03,1.0
0032.jpg,D:\GP\EALPR Vechicles dataset\Vehicles\0032.jpg,True,ج ق٤٢٩٨,374,455,463,499,results\plates\plate_0032.jpg,1.18,1.0
0033.jpg,D:\GP\EALPR Vechicles dataset\Vehicles\0033.jpg,True,ج ق٤٢٩٨,426,538,543,599,results\plates\plate_0033.jpg,1.58,1.0
0034.jpg,D:\GP\EALPR Vechicles dataset\Vehicles\0034.jpg,True,ر ط١,286,508,416,578,results\plates\plate_0034.jpg,1.15,1.0
0035.jpg,D:\GP\EALPR Vechicles dataset\Vehicles\0035.jpg,True,أ ن س٥١٣,469,951,698,1057,results\plates\plate_0035.jpg,1.19,1.0
0036.jpg,D:\GP\EALPR Vechicles dataset\Vehicles\0036.jpg,True,د ف ق٩٤٣٥,330,586,448,640,results\plates\plate_0036.jpg,1.01,1.0
0037.jpg,D:\GP\EALPR Vechicles dataset\Vehicles\0037.jpg,True,ق أ ج٤٦٧١,410,616,554,707,results\plates\plate_0037.jpg,1.03,1.0
0038.jpg,D:\GP\EALPR Vechicles dataset\Vehicles\0038.jpg,True,س٢,540,485,652,544,results\plates\plate_0038.jpg,1.19,1.0
0039.jpg,D:\GP\EALPR Vechicles dataset\Vehicles\0039.jpg,True,د د د٦٦٦٦,437,475,570,547,results\plates\plate_0039.jpg,1.24,1.0
0040.jpg,D:\GP\EALPR Vechicles dataset\Vehicles\0040.jpg,True,ر أ١١١,401,482,623,598,results\plates\plate_0040.jpg,1.10,1.0
0041.jpg,D:\GP\EALPR Vechicles dataset\Vehicles\0041.jpg,True,ق و ي١١١١,519,294,624,365,results\plates\plate_0041.jpg,1.02,1.0
0042.jpg,D:\GP\EALPR Vechicles dataset\Vehicles\0042.jpg,True,أ١,196,214,273,256,results\plates\plate_0042.jpg,1.00,1.0
0043.jpg,D:\GP\EALPR Vechicles dataset\Vehicles\0043.jpg,True,ن س ر٢٢٢٢,357,252,511,341,results\plates\plate_0043.jpg,1.24,1.0
0044.jpg,D:\GP\EALPR Vechicles dataset\Vehicles\0044.jpg,True,م م٦٦٦٦,271,329,397,414,results\plates\plate_0044.jpg,1.04,1.0
0045.jpg,D:\GP\EALPR Vechicles dataset\Vehicles\0045.jpg,True,ع٥٥,178,140,240,172,results\plates\plate_0045.jpg,1.20,1.0
0046.jpg,D:\GP\EALPR Vechicles dataset\Vehicles\0046.jpg,True,م و ه٦٦٦٦,395,364,513,427,results\plates\plate_0046.jpg,1.25,1.0
0047.jpg,D:\GP\EALPR Vechicles dataset\Vehicles\0047.jpg,True,ع س١,229,211,307,251,results\plates\plate_0047.jpg,0.95,1.0
0048.jpg,D:\GP\EALPR Vechicles dataset\Vehicles\0048.jpg,True,و و٥١٥,391,443,595,549,results\plates\plate_0048.jpg,1.14,1.0
0049.jpg,D:\GP\EALPR Vechicles dataset\Vehicles\0049.jpg,True,و و و٥٥٥,479,568,624,639,results\plates\plate_0049.jpg,1.12,1.0
0050.jpg,D:\GP\EALPR Vechicles dataset\Vehicles\0050.jpg,True,أ٥٥,413,687,596,779,results\plates\plate_0050.jpg,1.10,1.0
0051.jpg,D:\GP\EALPR Vechicles dataset\Vehicles\0051.jpg,True,ع ر ب١,491,427,692,541,results\plates\plate_0051.jpg,0.99,1.0
0052.jpg,D:\GP\EALPR Vechicles dataset\Vehicles\0052.jpg,True,ه د ي١١١١,236,475,354,546,results\plates\plate_0052.jpg,1.07,1.0
0053.jpg,D:\GP\EALPR Vechicles dataset\Vehicles\0053.jpg,True,ي ج ل٥٥٥٥,412,509,563,591,results\plates\plate_0053.jpg,0.94,1.0
0054.jpg,D:\GP\EALPR Vechicles dataset\Vehicles\0054.jpg,True,ع ل ي٨٨٨,219,445,320,500,results\plates\plate_0054.jpg,1.05,1.0
0055.jpg,D:\GP\EALPR Vechicles dataset\Vehicles\0055.jpg,True,ق ه ع٥٨٤٧,572,388,665,451,results\plates\plate_0055.jpg,0.94,1.0
0056.jpg,D:\GP\EALPR Vechicles dataset\Vehicles\0056.jpg,True,ع أ و٣٨٧١,221,570,322,619,results\plates\plate_0056.jpg,0.87,1.0
0057.jpg,D:\GP\EALPR Vechicles dataset\Vehicles\0057.jpg,True,ط س و٨٥٢٩,187,608,323,675,results\plates\plate_0057.jpg,0.83,1.0
0058.jpg,D:\GP\EALPR Vechicles dataset\Vehicles\0058.jpg,True,ط س و٨٥٢٩,136,480,291,564,results\plates\plate_0058.jpg,0.81,1.0
0059.jpg,D:\GP\EALPR Vechicles dataset\Vehicles\0059.jpg,True,د ل ع٤٤٤,385,835,513,901,results\plates\plate_0059.jpg,1.05,1.0
0060.jpg,D:\GP\EALPR Vechicles dataset\Vehicles\0060.jpg,True,أ م ي٦٦٦٦,408,549,592,653,results\plates\plate_0060.jpg,0.96,1.0
0061.jpg,D:\GP\EALPR Vechicles dataset\Vehicles\0061.jpg,True,ه ن أ٧٧٧٧,260,451,523,601,results\plates\plate_0061.jpg,0.97,1.0
0062.jpg,D:\GP\EALPR Vechicles dataset\Vehicles\0062.jpg,True,أ أ أ٨٨٨,460,524,718,649,results\plates\plate_0062.jpg,0.98,1.0
0063.jpg,D:\GP\EALPR Vechicles dataset\Vehicles\0063.jpg,True,م و ن١١١١,400,440,798,643,results\plates\plate_0063.jpg,0.99,1.0
0064.jpg,D:\GP\EALPR Vechicles dataset\Vehicles\0064.jpg,True,س ي د٩٩٩,314,576,480,653,results\plates\plate_0064.jpg,1.07,1.0
0065.jpg,D:\GP\EALPR Vechicles dataset\Vehicles\0065.jpg,True,ع ل ي١,235,534,368,602,results\plates\plate_0065.jpg,1.07,1.0
0066.jpg,D:\GP\EALPR Vechicles dataset\Vehicles\0066.jpg,True,ج ب ل٦٦٦٦,442,481,671,598,results\plates\plate_0066.jpg,0.98,1.0
0067.jpg,D:\GP\EALPR Vechicles dataset\Vehicles\0067.jpg,True,م م٥٥٥٥,415,463,632,558,results\plates\plate_0067.jpg,0.94,1.0
0068.jpg,D:\GP\EALPR Vechicles dataset\Vehicles\0068.jpg,True,أ ع ف١١١,334,832,567,945,results\plates\plate_0068.jpg,1.06,1.0
0069.jpg,D:\GP\EALPR Vechicles dataset\Vehicles\0069.jpg,True,أ أ أ١,457,613,623,696,results\plates\plate_0069.jpg,1.07,1.0
0070.jpg,D:\GP\EALPR Vechicles dataset\Vehicles\0070.jpg,True,س ي ف٢,515,782,623,838,results\plates\plate_0070.jpg,1.07,1.0
0071.jpg,D:\GP\EALPR Vechicles dataset\Vehicles\0071.jpg,True,ر١١١,501,696,668,780,results\plates\plate_0071.jpg,0.98,1.0
0072.jpg,D:\GP\EALPR Vechicles dataset\Vehicles\0072.jpg,True,م ص ر٢,426,580,685,709,results\plates\plate_0072.jpg,0.97,1.0
0073.jpg,D:\GP\EALPR Vechicles dataset\Vehicles\0073.jpg,True,ب ر و٦٦٦٦,443,765,775,934,results\plates\plate_0073.jpg,1.08,1.0
0074.jpg,D:\GP\EALPR Vechicles dataset\Vehicles\0074.jpg,True,ج ن ي٧٧٧,309,298,449,368,results\plates\plate_0074.jpg,1.11,1.0
0075.jpg,D:\GP\EALPR Vechicles dataset\Vehicles\0075.jpg,True,أ ص ه٥٥٥٥,917,381,958,404,results\plates\plate_0075.jpg,1.00,1.0
0076.jpg,D:\GP\EALPR Vechicles dataset\Vehicles\0076.jpg,True,ن س ر٧,454,469,657,578,results\plates\plate_0076.jpg,1.02,1.0
0077.jpg,D:\GP\EALPR Vechicles dataset\Vehicles\0077.jpg,True,أ سد٥٥٥٥  ٥,355,766,718,956,results\plates\plate_0077.jpg,1.02,1.0
0078.jpg,D:\GP\EALPR Vechicles dataset\Vehicles\0078.jpg,True,ع د ل٢٢٢٢,514,587,644,653,results\plates\plate_0078.jpg,1.11,1.0
0079.jpg,D:\GP\EALPR Vechicles dataset\Vehicles\0079.jpg,True,م م٥,260,391,438,484,results\plates\plate_0079.jpg,0.98,1.0
0080.jpg,D:\GP\EALPR Vechicles dataset\Vehicles\0080.jpg,True,س٢,410,573,621,683,results\plates\plate_0080.jpg,0.98,1.0
0081.jpg,D:\GP\EALPR Vechicles dataset\Vehicles\0081.jpg,True,س س س٦,395,305,570,393,results\plates\plate_0081.jpg,0.89,1.0
0082.jpg,D:\GP\EALPR Vechicles dataset\Vehicles\0082.jpg,True,أ س د٤١٤,245,315,432,411,results\plates\plate_0082.jpg,1.02,1.0
0083.jpg,D:\GP\EALPR Vechicles dataset\Vehicles\0083.jpg,True,ن س ر٧,327,190,454,255,results\plates\plate_0083.jpg,1.07,1.0
0084.jpg,D:\GP\EALPR Vechicles dataset\Vehicles\0084.jpg,True,ب د ر٨٨٨٨,267,347,399,415,results\plates\plate_0084.jpg,1.12,1.0
0085.jpg,D:\GP\EALPR Vechicles dataset\Vehicles\0085.jpg,True,د ل ع٤٤٤٤,374,674,522,749,results\plates\plate_0085.jpg,0.98,1.0
0086.jpg,D:\GP\EALPR Vechicles dataset\Vehicles\0086.jpg,True,ب ي٥٥٥٥,557,615,684,680,results\plates\plate_0086.jpg,1.13,1.0
0087.jpg,D:\GP\EALPR Vechicles dataset\Vehicles\0087.jpg,True,م أ٧٧٧٧,396,613,620,725,results\plates\plate_0087.jpg,0.99,1.0
0088.jpg,D:\GP\EALPR Vechicles dataset\Vehicles\0088.jpg,True,ه أ د١١١١,223,329,325,386,results\plates\plate_0088.jpg,0.96,1.0
0089.jpg,D:\GP\EALPR Vechicles dataset\Vehicles\0089.jpg,True,ن ص ر٧٧٧٧,213,333,307,382,results\plates\plate_0089.jpg,1.06,1.0
0090.jpg,D:\GP\EALPR Vechicles dataset\Vehicles\0090.jpg,True,د ي٨٥٤٧٦,311,604,452,665,results\plates\plate_0090.jpg,0.98,1.0
0091.jpg,D:\GP\EALPR Vechicles dataset\Vehicles\0091.jpg,True,ج ج ج٨٨٨٨,382,570,534,645,results\plates\plate_0091.jpg,1.10,1.0
0092.jpg,D:\GP\EALPR Vechicles dataset\Vehicles\0092.jpg,True,م ه٦٦٦٦,428,644,585,720,results\plates\plate_0092.jpg,1.12,1.0
0093.jpg,D:\GP\EALPR Vechicles dataset\Vehicles\0093.jpg,True,ج ب ل٥,662,664,833,750,results\plates\plate_0093.jpg,0.99,1.0
0094.jpg,D:\GP\EALPR Vechicles dataset\Vehicles\0094.jpg,True,ج ب ل١١١,369,690,574,802,results\plates\plate_0094.jpg,1.07,1.0
0095.jpg,D:\GP\EALPR Vechicles dataset\Vehicles\0095.jpg,True,ه د ف٦٦٦٦,434,396,533,461,results\plates\plate_0095.jpg,1.23,1.0
0096.jpg,D:\GP\EALPR Vechicles dataset\Vehicles\0096.jpg,True,م٣,264,317,399,386,results\plates\plate_0096.jpg,1.07,1.0
0097.jpg,D:\GP\EALPR Vechicles dataset\Vehicles\0097.jpg,True,ع ه٧٧٧٧,237,697,378,772,results\plates\plate_0097.jpg,1.10,1.0
0098.jpg,D:\GP\EALPR Vechicles dataset\Vehicles\0098.jpg,True,و أ و٩١٩,537,453,703,546,results\plates\plate_0098.jpg,0.98,1.0
0099.jpg,D:\GP\EALPR Vechicles dataset\Vehicles\0099.jpg,True,د د د٦٦٦٦,902,520,997,571,results\plates\plate_0099.jpg,1.11,1.0
0100.jpg,D:\GP\EALPR Vechicles dataset\Vehicles\0100.jpg,True,ج د ع٧٥٦,437,507,749,669,results\plates\plate_0100.jpg,1.06,1.0
0101.jpg,D:\GP\EALPR Vechicles dataset\Vehicles\0101.jpg,True,ر ر ر٦٦٦,342,180,565,276,results\plates\plate_0101.jpg,0.93,1.0
0102.jpg,D:\GP\EALPR Vechicles dataset\Vehicles\0102.jpg,True,أ س د١١١١,197,230,309,285,results\plates\plate_0102.jpg,1.17,1.0
0103.jpg,D:\GP\EALPR Vechicles dataset\Vehicles\0103.jpg,True,س ع د٥,424,523,519,569,results\plates\plate_0103.jpg,0.98,1.0
0104.jpg,D:\GP\EALPR Vechicles dataset\Vehicles\0104.jpg,True,أ١,466,268,570,318,results\plates\plate_0104.jpg,0.86,1.0
0105.jpg,D:\GP\EALPR Vechicles dataset\Vehicles\0105.jpg,True,م١,194,268,248,302,results\plates\plate_0105.jpg,1.04,1.0
0106.jpg,D:\GP\EALPR Vechicles dataset\Vehicles\0106.jpg,True,ق م ر١٢١٢,483,325,590,379,results\plates\plate_0106.jpg,0.95,1.0
0107.jpg,D:\GP\EALPR Vechicles dataset\Vehicles\0107.jpg,True,ر ر ر٣٣٣٣,463,182,577,241,results\plates\plate_0107.jpg,0.88,1.0
0108.jpg,D:\GP\EALPR Vechicles dataset\Vehicles\0108.jpg,True,أ أ١١,501,685,671,772,results\plates\plate_0108.jpg,1.08,1.0
0109.jpg,D:\GP\EALPR Vechicles dataset\Vehicles\0109.jpg,True,ص ص ص٦٦٦,296,435,422,500,results\plates\plate_0109.jpg,0.96,1.0
0110.jpg,D:\GP\EALPR Vechicles dataset\Vehicles\0110.jpg,True,ه و م٥٥٥,200,482,362,563,results\plates\plate_0110.jpg,1.01,1.0
0111.jpg,D:\GP\EALPR Vechicles dataset\Vehicles\0111.jpg,True,ع ل ي٧٧٧٧,273,420,448,513,results\plates\plate_0111.jpg,0.97,1.0
0112.jpg,D:\GP\EALPR Vechicles dataset\Vehicles\0112.jpg,True,م م م١,351,461,506,541,results\plates\plate_0112.jpg,1.08,1.0
0113.jpg,D:\GP\EALPR Vechicles dataset\Vehicles\0113.jpg,True,ن ج م٦٦٦٦,391,191,640,311,results\plates\plate_0113.jpg,0.81,1.0
0114.jpg,D:\GP\EALPR Vechicles dataset\Vehicles\0114.jpg,True,د ف ل٦٦٦,275,471,337,515,results\plates\plate_0114.jpg,1.07,1.0
0115.jpg,D:\GP\EALPR Vechicles dataset\Vehicles\0115.jpg,True,س أ ر٥٥٥,282,702,541,828,results\plates\plate_0115.jpg,0.94,1.0
0116.jpg,D:\GP\EALPR Vechicles dataset\Vehicles\0116.jpg,True,أ أ أ٧٧٧٧,324,328,483,411,results\plates\plate_0116.jpg,1.13,1.0
0117.jpg,D:\GP\EALPR Vechicles dataset\Vehicles\0117.jpg,True,س م٦٦٦٦,387,386,570,483,results\plates\plate_0117.jpg,0.84,1.0
0118.jpg,D:\GP\EALPR Vechicles dataset\Vehicles\0118.jpg,True,ع ل ي٩٩٩٩,243,567,828,878,results\plates\plate_0118.jpg,1.30,1.0
0119.jpg,D:\GP\EALPR Vechicles dataset\Vehicles\0119.jpg,True,ه س١,263,589,358,639,results\plates\plate_0119.jpg,1.07,1.0
0120.jpg,D:\GP\EALPR Vechicles dataset\Vehicles\0120.jpg,True,ر ج ب٦٦٦,282,454,364,497,results\plates\plate_0120.jpg,0.85,1.0
0121.jpg,D:\GP\EALPR Vechicles dataset\Vehicles\0121.jpg,True,م ج د٤٤٤,239,444,364,513,results\plates\plate_0121.jpg,1.06,1.0
0122.jpg,D:\GP\EALPR Vechicles dataset\Vehicles\0122.jpg,True,م د و٦٦٦٦,378,574,649,705,results\plates\plate_0122.jpg,0.99,1.0
0123.jpg,D:\GP\EALPR Vechicles dataset\Vehicles\0123.jpg,True,م ع٦٦٦٦,262,496,390,559,results\plates\plate_0123.jpg,0.93,1.0
0124.jpg,D:\GP\EALPR Vechicles dataset\Vehicles\0124.jpg,True,د ل ع٦٦٦٦,262,317,487,435,results\plates\plate_0124.jpg,1.22,1.0
0125.jpg,D:\GP\EALPR Vechicles dataset\Vehicles\0125.jpg,True,ج ج ج٥٥٥,185,566,533,701,results\plates\plate_0125.jpg,0.94,1.0
0126.jpg,D:\GP\EALPR Vechicles dataset\Vehicles\0126.jpg,True,س أ أ١١١١,249,337,380,404,results\plates\plate_0126.jpg,1.06,1.0
0127.jpg,D:\GP\EALPR Vechicles dataset\Vehicles\0127.jpg,True,ن ن ن٤٤٤,236,504,567,672,results\plates\plate_0127.jpg,1.07,1.0
0128.jpg,D:\GP\EALPR Vechicles dataset\Vehicles\0128.jpg,True,و١١,193,371,247,400,results\plates\plate_0128.jpg,0.88,1.0
0129.jpg,D:\GP\EALPR Vechicles dataset\Vehicles\0129.jpg,True,د ل ع٥٥٥,404,278,689,424,results\plates\plate_0129.jpg,1.15,1.0
0130.jpg,D:\GP\EALPR Vechicles dataset\Vehicles\0130.jpg,True,أ٣,415,331,502,373,results\plates\plate_0130.jpg,1.05,1.0
0131.jpg,D:\GP\EALPR Vechicles dataset\Vehicles\0131.jpg,True,ه١,245,412,348,471,results\plates\plate_0131.jpg,1.12,1.0
0132.jpg,D:\GP\EALPR Vechicles dataset\Vehicles\0132.jpg,True,ي س ن١,475,661,664,757,results\plates\plate_0132.jpg,0.99,1.0
0133.jpg,D:\GP\EALPR Vechicles dataset\Vehicles\0133.jpg,True,م ب م٩٩٩,260,469,397,547,results\plates\plate_0133.jpg,0.94,1.0
0134.jpg,D:\GP\EALPR Vechicles dataset\Vehicles\0134.jpg,True,أ ج د٥٥٥,265,446,451,564,results\plates\plate_0134.jpg,1.04,1.0
0135.jpg,D:\GP\EALPR Vechicles dataset\Vehicles\0135.jpg,True,د د د٥٥٥٥,289,455,443,533,results\plates\plate_0135.jpg,1.04,1.0
0136.jpg,D:\GP\EALPR Vechicles dataset\Vehicles\0136.jpg,True,ج ج ج٤٤٤,388,308,555,393,results\plates\plate_0136.jpg,0.93,1.0
0137.jpg,D:\GP\EALPR Vechicles dataset\Vehicles\0137.jpg,True,أ ه م٤٤٤,282,272,426,367,results\plates\plate_0137.jpg,0.86,1.0
0138.jpg,D:\GP\EALPR Vechicles dataset\Vehicles\0138.jpg,True,ه ه٢٢٢٢,173,275,238,318,results\plates\plate_0138.jpg,0.84,1.0
0139.jpg,D:\GP\EALPR Vechicles dataset\Vehicles\0139.jpg,True,م س٤٤٤٤,338,290,507,376,results\plates\plate_0139.jpg,0.94,1.0
0140.jpg,D:\GP\EALPR Vechicles dataset\Vehicles\0140.jpg,True,و١,277,252,399,313,results\plates\plate_0140.jpg,1.06,1.0
0141.jpg,D:\GP\EALPR Vechicles dataset\Vehicles\0141.jpg,True,ف ف ف٤٤٤,343,408,525,500,results\plates\plate_0141.jpg,0.98,1.0
0142.jpg,D:\GP\EALPR Vechicles dataset\Vehicles\0142.jpg,True,أ ر٤٤٤٤,203,692,451,833,results\plates\plate_0142.jpg,1.07,1.0
0143.jpg,D:\GP\EALPR Vechicles dataset\Vehicles\0143.jpg,True,ج ه٩٣٨٥,363,487,438,528,results\plates\plate_0143.jpg,0.94,1.0
0144.jpg,D:\GP\EALPR Vechicles dataset\Vehicles\0144.jpg,True,م م م٤٤٤٤,282,330,426,403,results\plates\plate_0144.jpg,1.06,1.0
0145.jpg,D:\GP\EALPR Vechicles dataset\Vehicles\0145.jpg,True,ع ل ي٣٣٣,336,569,474,640,results\plates\plate_0145.jpg,0.93,1.0
0146.jpg,D:\GP\EALPR Vechicles dataset\Vehicles\0146.jpg,True,ج ي ب١١١,379,581,498,647,results\plates\plate_0146.jpg,0.95,1.0
0147.jpg,D:\GP\EALPR Vechicles dataset\Vehicles\0147.jpg,True,ع ط ر٩٩٩,436,242,665,363,results\plates\plate_0147.jpg,0.93,1.0
0148.jpg,D:\GP\EALPR Vechicles dataset\Vehicles\0148.jpg,True,ع ع ع٢٢٢٢,800,349,1089,494,results\plates\plate_0148.jpg,0.96,1.0
0149.jpg,D:\GP\EALPR Vechicles dataset\Vehicles\0149.jpg,True,م ج د٨٨٨,778,329,1207,523,results\plates\plate_0149.jpg,0.90,1.0
0150.jpg,D:\GP\EALPR Vechicles dataset\Vehicles\0150.jpg,True,ل و أ٥٥٥٥,279,315,336,345,results\plates\plate_0150.jpg,0.88,1.0
0151.jpg,D:\GP\EALPR Vechicles dataset\Vehicles\0151.jpg,True,ه أ م٧٧٧,341,161,621,308,results\plates\plate_0151.jpg,0.94,1.0
0152.jpg,D:\GP\EALPR Vechicles dataset\Vehicles\0152.jpg,True,أ م م١,408,661,627,772,results\plates\plate_0152.jpg,0.96,1.0
0153.jpg,D:\GP\EALPR Vechicles dataset\Vehicles\0153.jpg,True,ن م ر٧٧,252,360,804,636,results\plates\plate_0153.jpg,0.94,1.0
0154.jpg,D:\GP\EALPR Vechicles dataset\Vehicles\0154.jpg,True,م م م٢٢٢,411,430,597,531,results\plates\plate_0154.jpg,0.94,1.0
0155.jpg,D:\GP\EALPR Vechicles dataset\Vehicles\0155.jpg,True,د د د٦٦٦٦,407,335,508,389,results\plates\plate_0155.jpg,0.88,1.0
0156.jpg,D:\GP\EALPR Vechicles dataset\Vehicles\0156.jpg,True,أ ه م٥٥٥,397,368,617,482,results\plates\plate_0156.jpg,1.26,1.0
0157.jpg,D:\GP\EALPR Vechicles dataset\Vehicles\0157.jpg,True,و و٦٦٦٦,288,253,416,316,results\plates\plate_0157.jpg,1.05,1.0
0158.jpg,D:\GP\EALPR Vechicles dataset\Vehicles\0158.jpg,True,أ أ١,233,560,390,641,results\plates\plate_0158.jpg,0.92,1.0
0159.jpg,D:\GP\EALPR Vechicles dataset\Vehicles\0159.jpg,True,س س١,341,323,495,404,results\plates\plate_0159.jpg,0.93,1.0
0160.jpg,D:\GP\EALPR Vechicles dataset\Vehicles\0160.jpg,True,س ي د٧٧٧,373,464,595,573,results\plates\plate_0160.jpg,0.99,1.0
0161.jpg,D:\GP\EALPR Vechicles dataset\Vehicles\0161.jpg,True,أ د م١١١١,330,533,447,591,results\plates\plate_0161.jpg,0.94,1.0
0162.jpg,D:\GP\EALPR Vechicles dataset\Vehicles\0162.jpg,True,ن م ر٧٧,407,702,505,752,results\plates\plate_0162.jpg,0.98,1.0
0163.jpg,D:\GP\EALPR Vechicles dataset\Vehicles\0163.jpg,True,أ أ١,220,248,595,465,results\plates\plate_0163.jpg,0.95,1.0
0164.jpg,D:\GP\EALPR Vechicles dataset\Vehicles\0164.jpg,True,أ ه م٥٥٥,397,368,617,482,results\plates\plate_0164.jpg,0.95,1.0
0165.jpg,D:\GP\EALPR Vechicles dataset\Vehicles\0165.jpg,True,أ ه م٥٥٥٥,289,288,435,364,results\plates\plate_0165.jpg,1.06,1.0
0166.jpg,D:\GP\EALPR Vechicles dataset\Vehicles\0166.jpg,True,ع ع ع٩٩٩,445,392,600,464,results\plates\plate_0166.jpg,0.95,1.0
0167.jpg,D:\GP\EALPR Vechicles dataset\Vehicles\0167.jpg,True,ن و ر٤٤٤,187,477,385,579,results\plates\plate_0167.jpg,0.95,1.0
0168.jpg,D:\GP\EALPR Vechicles dataset\Vehicles\0168.jpg,True,س ي د٩٩٩,267,465,418,542,results\plates\plate_0168.jpg,1.06,1.0
0169.jpg,D:\GP\EALPR Vechicles dataset\Vehicles\0169.jpg,True,أ١١,166,403,443,525,results\plates\plate_0169.jpg,0.92,1.0
0170.jpg,D:\GP\EALPR Vechicles dataset\Vehicles\0170.jpg,True,و١١,266,367,359,415,results\plates\plate_0170.jpg,1.10,1.0
0171.jpg,D:\GP\EALPR Vechicles dataset\Vehicles\0171.jpg,True,أ د م٦٦٦٦,301,291,459,375,results\plates\plate_0171.jpg,1.07,1.0
0172.jpg,D:\GP\EALPR Vechicles dataset\Vehicles\0172.jpg,True,أ د م١١١,268,347,395,410,results\plates\plate_0172.jpg,0.96,1.0
0173.jpg,D:\GP\EALPR Vechicles dataset\Vehicles\0173.jpg,True,ط ط ط١١١١,100,378,407,538,results\plates\plate_0173.jpg,0.85,1.0
0174.jpg,D:\GP\EALPR Vechicles dataset\Vehicles\0174.jpg,True,ج ه ج٢٢٢٢,514,271,599,317,results\plates\plate_0174.jpg,0.90,1.0
0175.jpg,D:\GP\EALPR Vechicles dataset\Vehicles\0175.jpg,True,ف ف١١١١,384,314,511,378,results\plates\plate_0175.jpg,0.86,1.0
0176.jpg,D:\GP\EALPR Vechicles dataset\Vehicles\0176.jpg,True,ج د ه١,498,616,713,731,results\plates\plate_0176.jpg,0.96,1.0
0177.jpg,D:\GP\EALPR Vechicles dataset\Vehicles\0177.jpg,True,أ أ١,508,502,581,558,results\plates\plate_0177.jpg,0.93,1.0
0178.jpg,D:\GP\EALPR Vechicles dataset\Vehicles\0178.jpg,True,ص ص١١,376,594,493,653,results\plates\plate_0178.jpg,0.95,1.0
0179.jpg,D:\GP\EALPR Vechicles dataset\Vehicles\0179.jpg,True,ع ع ع٤٤٤,253,446,411,529,results\plates\plate_0179.jpg,0.99,1.0
0180.jpg,D:\GP\EALPR Vechicles dataset\Vehicles\0180.jpg,True,أ١,284,504,385,562,results\plates\plate_0180.jpg,1.06,1.0
0181.jpg,D:\GP\EALPR Vechicles dataset\Vehicles\0181.jpg,True,ع س ل٣٣٣,215,120,320,178,results\plates\plate_0181.jpg,0.91,1.0
0182.jpg,D:\GP\EALPR Vechicles dataset\Vehicles\0182.jpg,True,و ل ع٦٦٦,453,195,570,258,results\plates\plate_0182.jpg,0.96,1.0
0183.jpg,D:\GP\EALPR Vechicles dataset\Vehicles\0183.jpg,True,ط ل ق٦٦٦,273,210,440,295,results\plates\plate_0183.jpg,1.04,1.0
0184.jpg,D:\GP\EALPR Vechicles dataset\Vehicles\0184.jpg,True,ج ج ج٤٤٤٤,292,206,490,307,results\plates\plate_0184.jpg,0.95,1.0
0185.jpg,D:\GP\EALPR Vechicles dataset\Vehicles\0185.jpg,True,ص ص٢٢٢٢,87,430,173,492,results\plates\plate_0185.jpg,1.04,1.0
0186.jpg,D:\GP\EALPR Vechicles dataset\Vehicles\0186.jpg,True,م١,345,412,516,499,results\plates\plate_0186.jpg,0.92,1.0
0187.jpg,D:\GP\EALPR Vechicles dataset\Vehicles\0187.jpg,True,أ أ أ١,373,541,518,620,results\plates\plate_0187.jpg,0.99,1.0
0188.jpg,D:\GP\EALPR Vechicles dataset\Vehicles\0188.jpg,True,ف ف ف٥٥٥٥,222,397,357,473,results\plates\plate_0188.jpg,1.05,1.0
0189.jpg,D:\GP\EALPR Vechicles dataset\Vehicles\0189.jpg,True,أ٣,525,418,635,471,results\plates\plate_0189.jpg,0.92,1.0
0190.jpg,D:\GP\EALPR Vechicles dataset\Vehicles\0190.jpg,True,و١,181,186,276,235,results\plates\plate_0190.jpg,1.03,1.0
0191.jpg,D:\GP\EALPR Vechicles dataset\Vehicles\0191.jpg,True,د د د١١١,437,469,569,541,results\plates\plate_0191.jpg,0.93,1.0
0192.jpg,D:\GP\EALPR Vechicles dataset\Vehicles\0192.jpg,True,ه١,302,293,413,350,results\plates\plate_0192.jpg,1.07,1.0
0193.jpg,D:\GP\EALPR Vechicles dataset\Vehicles\0193.jpg,True,د ف ل٦٦٦,270,448,428,543,results\plates\plate_0193.jpg,0.95,1.0
0194.jpg,D:\GP\EALPR Vechicles dataset\Vehicles\0194.jpg,True,ن ص ر٩٩٩٩,240,522,403,613,results\plates\plate_0194.jpg,1.05,1.0
0195.jpg,D:\GP\EALPR Vechicles dataset\Vehicles\0195.jpg,True,س ي ف١,290,395,421,462,results\plates\plate_0195.jpg,0.99,1.0
0196.jpg,D:\GP\EALPR Vechicles dataset\Vehicles\0196.jpg,True,ف ف ف٥٥٥٥,582,235,639,265,results\plates\plate_0196.jpg,0.86,1.0
0197.jpg,D:\GP\EALPR Vechicles dataset\Vehicles\0197.jpg,True,ه س أ١,339,452,470,520,results\plates\plate_0197.jpg,0.94,1.0
0198.jpg,D:\GP\EALPR Vechicles dataset\Vehicles\0198.jpg,True,م م م١,241,236,345,290,results\plates\plate_0198.jpg,1.05,1.0
0199.jpg,D:\GP\EALPR Vechicles dataset\Vehicles\0199.jpg,True,ق١,274,314,397,377,results\plates\plate_0199.jpg,1.06,1.0
0200.jpg,D:\GP\EALPR Vechicles dataset\Vehicles\0200.jpg,True,ن ج م٦٦٦٦,302,542,472,613,results\plates\plate_0200.jpg,1.23,1.0
0201.jpg,D:\GP\EALPR Vechicles dataset\Vehicles\0201.jpg,True,م و ن٦٦٦٦,293,364,426,432,results\plates\plate_0201.jpg,1.11,1.0
0202.jpg,D:\GP\EALPR Vechicles dataset\Vehicles\0202.jpg,True,أ س د١,170,324,311,403,results\plates\plate_0202.jpg,1.07,1.0
0203.jpg,D:\GP\EALPR Vechicles dataset\Vehicles\0203.jpg,True,ب١,298,469,458,545,results\plates\plate_0203.jpg,1.03,1.0
0204.jpg,D:\GP\EALPR Vechicles dataset\Vehicles\0204.jpg,True,ل ل ل١١١١,303,230,444,302,results\plates\plate_0204.jpg,0.95,1.0
0205.jpg,D:\GP\EALPR Vechicles dataset\Vehicles\0205.jpg,True,د١,369,168,494,232,results\plates\plate_0205.jpg,0.95,1.0
0206.jpg,D:\GP\EALPR Vechicles dataset\Vehicles\0206.jpg,True,ص ق ر٩٩٩٩,267,429,345,470,results\plates\plate_0206.jpg,1.16,1.0
0207.jpg,D:\GP\EALPR Vechicles dataset\Vehicles\0207.jpg,True,ه س١١١١,330,472,465,540,results\plates\plate_0207.jpg,1.13,1.0
0208.jpg,D:\GP\EALPR Vechicles dataset\Vehicles\0208.jpg,True,ر١,276,299,372,343,results\plates\plate_0208.jpg,1.04,1.0
0209.jpg,D:\GP\EALPR Vechicles dataset\Vehicles\0209.jpg,True,ن ن ن٦٦٦٦,292,203,404,262,results\plates\plate_0209.jpg,1.06,1.0
0210.jpg,D:\GP\EALPR Vechicles dataset\Vehicles\0210.jpg,True,أ ه م٩٩٩٩,435,374,627,473,results\plates\plate_0210.jpg,1.05,1.0
0211.jpg,D:\GP\EALPR Vechicles dataset\Vehicles\0211.jpg,True,ل ل ل١١١١,255,371,484,493,results\plates\plate_0211.jpg,1.06,1.0
0212.jpg,D:\GP\EALPR Vechicles dataset\Vehicles\0212.jpg,True,و و و٦٦٦٦,239,344,426,439,results\plates\plate_0212.jpg,1.05,1.0
0213.jpg,D:\GP\EALPR Vechicles dataset\Vehicles\0213.jpg,True,و و و٤٤٤٤,227,446,366,520,results\plates\plate_0213.jpg,1.04,1.0
0214.jpg,D:\GP\EALPR Vechicles dataset\Vehicles\0214.jpg,True,ن ج م٦٦٦٦,313,266,446,334,results\plates\plate_0214.jpg,1.04,1.0
0215.jpg,D:\GP\EALPR Vechicles dataset\Vehicles\0215.jpg,True,ص ق ر٦٦٦٦,283,408,462,500,results\plates\plate_0215.jpg,0.96,1.0
0216.jpg,D:\GP\EALPR Vechicles dataset\Vehicles\0216.jpg,True,ط ل ق٦٦٦,950,543,1021,590,results\plates\plate_0216.jpg,0.96,1.0
0217.jpg,D:\GP\EALPR Vechicles dataset\Vehicles\0217.jpg,True,أ د م٦٦٦٦,233,267,363,333,results\plates\plate_0217.jpg,1.03,1.0
0218.jpg,D:\GP\EALPR Vechicles dataset\Vehicles\0218.jpg,True,س ي د٣٣٣٣,267,547,441,640,results\plates\plate_0218.jpg,1.01,1.0
0219.jpg,D:\GP\EALPR Vechicles dataset\Vehicles\0219.jpg,True,م ر٦٦٦٦,219,264,316,317,results\plates\plate_0219.jpg,1.02,1.0
0220.jpg,D:\GP\EALPR Vechicles dataset\Vehicles\0220.jpg,True,ج ج٦٦٦٦,294,304,448,380,results\plates\plate_0220.jpg,1.04,1.0
0221.jpg,D:\GP\EALPR Vechicles dataset\Vehicles\0221.jpg,True,د د د١١١,225,345,296,387,results\plates\plate_0221.jpg,1.05,1.0
0222.jpg,D:\GP\EALPR Vechicles dataset\Vehicles\0222.jpg,True,و١١,421,646,623,773,results\plates\plate_0222.jpg,0.96,1.0
0223.jpg,D:\GP\EALPR Vechicles dataset\Vehicles\0223.jpg,True,و١١,348,426,578,575,results\plates\plate_0223.jpg,0.99,1.0
0224.jpg,D:\GP\EALPR Vechicles dataset\Vehicles\0224.jpg,True,أ س د١,233,347,364,419,results\plates\plate_0224.jpg,1.07,1.0
0225.jpg,D:\GP\EALPR Vechicles dataset\Vehicles\0225.jpg,True,ن و ر٥٥٥٥,176,233,458,403,results\plates\plate_0225.jpg,1.05,1.0
0226.jpg,D:\GP\EALPR Vechicles dataset\Vehicles\0226.jpg,True,ط ط٥٥٥٥,166,568,728,859,results\plates\plate_0226.jpg,1.00,1.0
0227.jpg,D:\GP\EALPR Vechicles dataset\Vehicles\0227.jpg,True,ع ع ع٣٦٣٦٣٦٣,217,139,394,235,results\plates\plate_0227.jpg,1.08,1.0
0228.jpg,D:\GP\EALPR Vechicles dataset\Vehicles\0228.jpg,True,ر ع ب٢٢٢,386,537,577,633,results\plates\plate_0228.jpg,1.06,1.0
0229.jpg,D:\GP\EALPR Vechicles dataset\Vehicles\0229.jpg,True,أ س د٤٤٤٤,209,205,451,328,results\plates\plate_0229.jpg,1.10,1.0
0230.jpg,D:\GP\EALPR Vechicles dataset\Vehicles\0230.jpg,True,أ س د٤٤٤٤,321,345,477,421,results\plates\plate_0230.jpg,1.05,1.0
0231.jpg,D:\GP\EALPR Vechicles dataset\Vehicles\0231.jpg,True,م م م٣٣٣٣,287,274,353,309,results\plates\plate_0231.jpg,0.89,1.0
0232.jpg,D:\GP\EALPR Vechicles dataset\Vehicles\0232.jpg,True,أ ه م١,310,426,482,514,results\plates\plate_0232.jpg,1.05,1.0
0233.jpg,D:\GP\EALPR Vechicles dataset\Vehicles\0233.jpg,True,د د د٢٢٢٢,800,518,1562,993,results\plates\plate_0233.jpg,1.03,1.0
0234.jpg,D:\GP\EALPR Vechicles dataset\Vehicles\0234.jpg,True,ه ن١١,323,373,454,445,results\plates\plate_0234.jpg,1.05,1.0
0235.jpg,D:\GP\EALPR Vechicles dataset\Vehicles\0235.jpg,True,و ل ع٦٦٦,304,349,407,402,results\plates\plate_0235.jpg,1.05,1.0
0236.jpg,D:\GP\EALPR Vechicles dataset\Vehicles\0236.jpg,True,ن ن ن٦٦٦٦,124,364,191,414,results\plates\plate_0236.jpg,1.06,1.0
0237.jpg,D:\GP\EALPR Vechicles dataset\Vehicles\0237.jpg,True,ف ف ف٤٤٤,362,413,542,506,results\plates\plate_0237.jpg,0.99,1.0
0238.jpg,D:\GP\EALPR Vechicles dataset\Vehicles\0238.jpg,True,م م٥,415,948,709,1084,results\plates\plate_0238.jpg,1.05,1.0
0239.jpg,D:\GP\EALPR Vechicles dataset\Vehicles\0239.jpg,True,ع س ل٥١٥١,615,354,678,386,results\plates\plate_0239.jpg,1.16,1.0
0240.jpg,D:\GP\EALPR Vechicles dataset\Vehicles\0240.jpg,True,م١,824,651,951,734,results\plates\plate_0240.jpg,0.95,1.0
0241.jpg,D:\GP\EALPR Vechicles dataset\Vehicles\0241.jpg,True,ي١,605,353,725,420,results\plates\plate_0241.jpg,1.03,1.0
0242.jpg,D:\GP\EALPR Vechicles dataset\Vehicles\0242.jpg,True,ر و ق٦٦٦٦,352,463,571,583,results\plates\plate_0242.jpg,0.87,1.0
0243.jpg,D:\GP\EALPR Vechicles dataset\Vehicles\0243.jpg,True,م ي ر٦٦٦٦,214,400,287,437,results\plates\plate_0243.jpg,1.04,1.0
0244.jpg,D:\GP\EALPR Vechicles dataset\Vehicles\0244.jpg,True,ي١,87,382,130,412,results\plates\plate_0244.jpg,1.03,1.0
0245.jpg,D:\GP\EALPR Vechicles dataset\Vehicles\0245.jpg,True,س س١,350,305,465,367,results\plates\plate_0245.jpg,1.07,1.0
0246.jpg,D:\GP\EALPR Vechicles dataset\Vehicles\0246.jpg,True,م م م١٤١٤,293,534,421,609,results\plates\plate_0246.jpg,1.08,1.0
0247.jpg,D:\GP\EALPR Vechicles dataset\Vehicles\0247.jpg,True,ص ص١١,296,227,407,288,results\plates\plate_0247.jpg,1.10,1.0
0248.jpg,D:\GP\EALPR Vechicles dataset\Vehicles\0248.jpg,True,ط ط٥٥٥٥,272,628,529,777,results\plates\plate_0248.jpg,0.98,1.0
0249.jpg,D:\GP\EALPR Vechicles dataset\Vehicles\0249.jpg,True,م١,501,338,586,380,results\plates\plate_0249.jpg,1.01,1.0
0250.jpg,D:\GP\EALPR Vechicles dataset\Vehicles\0250.jpg,True,ه س١,349,320,516,406,results\plates\plate_0250.jpg,1.03,1.0
0251.jpg,D:\GP\EALPR Vechicles dataset\Vehicles\0251.jpg,True,ن س ر١١١١,260,506,366,558,results\plates\plate_0251.jpg,0.96,1.0
0252.jpg,D:\GP\EALPR Vechicles dataset\Vehicles\0252.jpg,True,ع ب١,413,377,552,451,results\plates\plate_0252.jpg,0.92,1.0
0253.jpg,D:\GP\EALPR Vechicles dataset\Vehicles\0253.jpg,True,ص ص٢٢٢٢,269,369,350,408,results\plates\plate_0253.jpg,1.04,1.0
0254.jpg,D:\GP\EALPR Vechicles dataset\Vehicles\0254.jpg,True,م١,311,315,454,388,results\plates\plate_0254.jpg,1.08,1.0
0255.jpg,D:\GP\EALPR Vechicles dataset\Vehicles\0255.jpg,True,ر ل د٦٦٦٦,210,351,298,396,results\plates\plate_0255.jpg,1.03,1.0
0256.jpg,D:\GP\EALPR Vechicles dataset\Vehicles\0256.jpg,True,م ط ر٦٦٦,259,200,352,244,results\plates\plate_0256.jpg,0.92,1.0
0257.jpg,D:\GP\EALPR Vechicles dataset\Vehicles\0257.jpg,True,ب ط ل١١١,322,523,536,625,results\plates\plate_0257.jpg,0.98,1.0
0258.jpg,D:\GP\EALPR Vechicles dataset\Vehicles\0258.jpg,True,ه ي٦٦٦٦,247,331,351,386,results\plates\plate_0258.jpg,0.93,1.0
0259.jpg,D:\GP\EALPR Vechicles dataset\Vehicles\0259.jpg,True,ه س١,114,418,200,475,results\plates\plate_0259.jpg,1.03,1.0
0260.jpg,D:\GP\EALPR Vechicles dataset\Vehicles\0260.jpg,True,ص ص١١,288,219,424,288,results\plates\plate_0260.jpg,1.00,1.0
0261.jpg,D:\GP\EALPR Vechicles dataset\Vehicles\0261.jpg,True,ف ه د٢٢٢٢,206,447,310,501,results\plates\plate_0261.jpg,1.07,1.0
0262.jpg,D:\GP\EALPR Vechicles dataset\Vehicles\0262.jpg,True,ع ب١,294,480,400,528,results\plates\plate_0262.jpg,0.91,1.0
0263.jpg,D:\GP\EALPR Vechicles dataset\Vehicles\0263.jpg,True,ج ن أ١١١,408,648,620,760,results\plates\plate_0263.jpg,1.06,1.0
0264.jpg,D:\GP\EALPR Vechicles dataset\Vehicles\0264.jpg,True,د ه ب٥٥٥٥,270,515,349,555,results\plates\plate_0264.jpg,1.14,1.0
0265.jpg,D:\GP\EALPR Vechicles dataset\Vehicles\0265.jpg,True,م م٢,72,525,165,591,results\plates\plate_0265.jpg,0.94,1.0
0266.jpg,D:\GP\EALPR Vechicles dataset\Vehicles\0266.jpg,True,أ ه م١,180,473,288,539,results\plates\plate_0266.jpg,0.96,1.0
0267.jpg,D:\GP\EALPR Vechicles dataset\Vehicles\0267.jpg,True,س و ل١١,303,475,403,532,results\plates\plate_0267.jpg,0.94,1.0
0268.jpg,D:\GP\EALPR Vechicles dataset\Vehicles\0268.jpg,True,أ ع١,277,349,349,397,results\plates\plate_0268.jpg,0.93,1.0
0269.jpg,D:\GP\EALPR Vechicles dataset\Vehicles\0269.jpg,True,م١,224,635,375,725,results\plates\plate_0269.jpg,0.94,1.0
0270.jpg,D:\GP\EALPR Vechicles dataset\Vehicles\0270.jpg,True,د د د١١١,312,433,422,490,results\plates\plate_0270.jpg,1.06,1.0
0271.jpg,D:\GP\EALPR Vechicles dataset\Vehicles\0271.jpg,True,ف١,267,510,388,569,results\plates\plate_0271.jpg,1.13,1.0
0272.jpg,D:\GP\EALPR Vechicles dataset\Vehicles\0272.jpg,True,د ف ل٦٦٦,110,323,231,394,results\plates\plate_0272.jpg,1.09,1.0
0273.jpg,D:\GP\EALPR Vechicles dataset\Vehicles\0273.jpg,True,أ ع١,604,279,690,325,results\plates\plate_0273.jpg,1.01,1.0
0274.jpg,D:\GP\EALPR Vechicles dataset\Vehicles\0274.jpg,True,أ د ج٩١٩١,434,746,652,855,results\plates\plate_0274.jpg,1.03,1.0
0275.jpg,D:\GP\EALPR Vechicles dataset\Vehicles\0275.jpg,True,أ٣,415,331,502,373,results\plates\plate_0275.jpg,0.93,1.0
0276.jpg,D:\GP\EALPR Vechicles dataset\Vehicles\0276.jpg,True,م س١١١١,364,495,454,543,results\plates\plate_0276.jpg,1.00,1.0
0277.jpg,D:\GP\EALPR Vechicles dataset\Vehicles\0277.jpg,True,ه ب١,369,538,459,584,results\plates\plate_0277.jpg,0.95,1.0
0278.jpg,D:\GP\EALPR Vechicles dataset\Vehicles\0278.jpg,True,أ ه م١,434,511,534,566,results\plates\plate_0278.jpg,0.93,1.0
0279.jpg,D:\GP\EALPR Vechicles dataset\Vehicles\0279.jpg,True,ي ي٦٦٦٦,440,554,628,647,results\plates\plate_0279.jpg,0.98,1.0
0280.jpg,D:\GP\EALPR Vechicles dataset\Vehicles\0280.jpg,True,أ أ١,236,500,378,572,results\plates\plate_0280.jpg,1.06,1.0
0281.jpg,D:\GP\EALPR Vechicles dataset\Vehicles\0281.jpg,True,و ص٥٤٤٧,284,630,384,692,results\plates\plate_0281.jpg,0.97,1.0
0282.jpg,D:\GP\EALPR Vechicles dataset\Vehicles\0282.jpg,True,ف ر س١١١١,282,474,428,540,results\plates\plate_0282.jpg,1.09,1.0
0283.jpg,D:\GP\EALPR Vechicles dataset\Vehicles\0283.jpg,True,أ١,289,343,421,417,results\plates\plate_0283.jpg,0.95,1.0
0284.jpg,D:\GP\EALPR Vechicles dataset\Vehicles\0284.jpg,True,أ ب١١١١,412,689,552,761,results\plates\plate_0284.jpg,1.02,1.0
0285.jpg,D:\GP\EALPR Vechicles dataset\Vehicles\0285.jpg,True,ط ر١,464,566,634,653,results\plates\plate_0285.jpg,0.96,1.0
0286.jpg,D:\GP\EALPR Vechicles dataset\Vehicles\0286.jpg,True,ه ي ب١,389,420,441,448,results\plates\plate_0286.jpg,0.95,1.0
0287.jpg,D:\GP\EALPR Vechicles dataset\Vehicles\0287.jpg,True,أ٨,478,536,606,603,results\plates\plate_0287.jpg,0.95,1.0
0288.jpg,D:\GP\EALPR Vechicles dataset\Vehicles\0288.jpg,True,أ ن س١,288,428,420,494,results\plates\plate_0288.jpg,0.98,1.0
0289.jpg,D:\GP\EALPR Vechicles dataset\Vehicles\0289.jpg,True,س أ م١,384,737,638,859,results\plates\plate_0289.jpg,0.97,1.0
0290.jpg,D:\GP\EALPR Vechicles dataset\Vehicles\0290.jpg,True,ب ط ل١,323,443,408,485,results\plates\plate_0290.jpg,1.01,1.0
0291.jpg,D:\GP\EALPR Vechicles dataset\Vehicles\0291.jpg,True,ع س ل١١١,351,477,521,564,results\plates\plate_0291.jpg,0.97,1.0
0292.jpg,D:\GP\EALPR Vechicles dataset\Vehicles\0292.jpg,True,أ أ١١١,353,482,531,568,results\plates\plate_0292.jpg,0.97,1.0
0293.jpg,D:\GP\EALPR Vechicles dataset\Vehicles\0293.jpg,True,ن و ر١,286,131,375,177,results\plates\plate_0293.jpg,0.83,1.0
0294.jpg,D:\GP\EALPR Vechicles dataset\Vehicles\0294.jpg,True,ف ر س١١١,268,169,379,225,results\plates\plate_0294.jpg,0.81,1.0
0295.jpg,D:\GP\EALPR Vechicles dataset\Vehicles\0295.jpg,True,أ م ي١١١,362,884,673,1035,results\plates\plate_0295.jpg,1.07,1.0
0296.jpg,D:\GP\EALPR Vechicles dataset\Vehicles\0296.jpg,True,ق ل ب١١١,267,234,445,319,results\plates\plate_0296.jpg,0.94,1.0
0297.jpg,D:\GP\EALPR Vechicles dataset\Vehicles\0297.jpg,True,أ د م١١١,294,221,470,311,results\plates\plate_0297.jpg,0.91,1.0
0298.jpg,D:\GP\EALPR Vechicles dataset\Vehicles\0298.jpg,True,أ١١١,178,212,267,255,results\plates\plate_0298.jpg,1.06,1.0
0299.jpg,D:\GP\EALPR Vechicles dataset\Vehicles\0299.jpg,True,ق د ه٣٧٩٤,341,366,430,416,results\plates\plate_0299.jpg,0.83,1.0
0300.jpg,D:\GP\EALPR Vechicles dataset\Vehicles\0300.jpg,True,أ أ١١,336,467,496,548,results\plates\plate_0300.jpg,0.95,1.0
0301.jpg,D:\GP\EALPR Vechicles dataset\Vehicles\0301.jpg,True,ع٤,263,299,334,335,results\plates\plate_0301.jpg,1.02,1.0
0302.jpg,D:\GP\EALPR Vechicles dataset\Vehicles\0302.jpg,True,و ط ن١,355,225,524,316,results\plates\plate_0302.jpg,0.94,1.0
0303.jpg,D:\GP\EALPR Vechicles dataset\Vehicles\0303.jpg,True,ج و و١٢٣,395,721,551,799,results\plates\plate_0303.jpg,0.97,1.0
0304.jpg,D:\GP\EALPR Vechicles dataset\Vehicles\0304.jpg,True,س ع د٥,273,460,387,520,results\plates\plate_0304.jpg,1.14,1.0
0305.jpg,D:\GP\EALPR Vechicles dataset\Vehicles\0305.jpg,True,ه أ م٣٣٣٣,272,451,395,516,results\plates\plate_0305.jpg,0.95,1.0
0306.jpg,D:\GP\EALPR Vechicles dataset\Vehicles\0306.jpg,True,ل و ل١١١١,153,221,205,250,results\plates\plate_0306.jpg,1.04,1.0
0307.jpg,D:\GP\EALPR Vechicles dataset\Vehicles\0307.jpg,True,ف ف ف١١١١,393,554,504,612,results\plates\plate_0307.jpg,1.00,1.0
0308.jpg,D:\GP\EALPR Vechicles dataset\Vehicles\0308.jpg,True,أ س د٢٢٢٢,234,299,392,368,results\plates\plate_0308.jpg,0.90,1.0
0309.jpg,D:\GP\EALPR Vechicles dataset\Vehicles\0309.jpg,True,ه ر١,342,384,434,433,results\plates\plate_0309.jpg,0.94,1.0
0310.jpg,D:\GP\EALPR Vechicles dataset\Vehicles\0310.jpg,True,ق ل ب١١١١,307,214,465,295,results\plates\plate_0310.jpg,0.92,1.0
0311.jpg,D:\GP\EALPR Vechicles dataset\Vehicles\0311.jpg,True,م ه ر٦٦٦٦,341,367,449,428,results\plates\plate_0311.jpg,0.96,1.0
0312.jpg,D:\GP\EALPR Vechicles dataset\Vehicles\0312.jpg,True,ه ه ه١,314,517,505,614,results\plates\plate_0312.jpg,1.04,1.0
0313.jpg,D:\GP\EALPR Vechicles dataset\Vehicles\0313.jpg,True,س س س٥,313,471,433,533,results\plates\plate_0313.jpg,0.99,1.0
0314.jpg,D:\GP\EALPR Vechicles dataset\Vehicles\0314.jpg,True,س ع د١١١١,332,845,540,944,results\plates\plate_0314.jpg,1.01,1.0
0315.jpg,D:\GP\EALPR Vechicles dataset\Vehicles\0315.jpg,True,ه ن١١١١,369,933,584,1031,results\plates\plate_0315.jpg,0.95,1.0
0316.jpg,D:\GP\EALPR Vechicles dataset\Vehicles\0316.jpg,True,ن ب٩٩٩٩,203,509,289,557,results\plates\plate_0316.jpg,1.04,1.0
0317.jpg,D:\GP\EALPR Vechicles dataset\Vehicles\0317.jpg,True,س م ر٦٦٦,347,486,575,609,results\plates\plate_0317.jpg,0.97,1.0
0318.jpg,D:\GP\EALPR Vechicles dataset\Vehicles\0318.jpg,True,ع ل م١١١١,204,282,348,356,results\plates\plate_0318.jpg,0.91,1.0
0319.jpg,D:\GP\EALPR Vechicles dataset\Vehicles\0319.jpg,True,م م م٥٥٥,319,551,559,672,results\plates\plate_0319.jpg,1.12,1.0
0320.jpg,D:\GP\EALPR Vechicles dataset\Vehicles\0320.jpg,True,أ س د٢,295,382,437,456,results\plates\plate_0320.jpg,0.96,1.0
0321.jpg,D:\GP\EALPR Vechicles dataset\Vehicles\0321.jpg,True,ق ق١١١١,317,452,458,525,results\plates\plate_0321.jpg,0.94,1.0
0322.jpg,D:\GP\EALPR Vechicles dataset\Vehicles\0322.jpg,True,أ١١١,271,330,378,395,results\plates\plate_0322.jpg,0.92,1.0
0323.jpg,D:\GP\EALPR Vechicles dataset\Vehicles\0323.jpg,True,م ه م٣٣٣٣,291,444,400,504,results\plates\plate_0323.jpg,1.04,1.0
0324.jpg,D:\GP\EALPR Vechicles dataset\Vehicles\0324.jpg,True,ب ط ل٧٧٧٧,352,628,524,717,results\plates\plate_0324.jpg,0.96,1.0
0325.jpg,D:\GP\EALPR Vechicles dataset\Vehicles\0325.jpg,True,س م ر١٩٩٧,429,765,657,880,results\plates\plate_0325.jpg,0.99,1.0
0326.jpg,D:\GP\EALPR Vechicles dataset\Vehicles\0326.jpg,True,ق م ر٩٩٩٩,324,642,523,750,results\plates\plate_0326.jpg,0.97,1.0
0327.jpg,D:\GP\EALPR Vechicles dataset\Vehicles\0327.jpg,True,س س س١,237,706,446,815,results\plates\plate_0327.jpg,0.96,1.0
0328.jpg,D:\GP\EALPR Vechicles dataset\Vehicles\0328.jpg,True,ج ن ن٦٦٦,218,404,410,523,results\plates\plate_0328.jpg,0.95,1.0
0329.jpg,D:\GP\EALPR Vechicles dataset\Vehicles\0329.jpg,True,ج د ع١١١,171,326,374,428,results\plates\plate_0329.jpg,0.96,1.0
0330.jpg,D:\GP\EALPR Vechicles dataset\Vehicles\0330.jpg,True,ع ف١,468,833,647,927,results\plates\plate_0330.jpg,0.99,1.0
0331.jpg,D:\GP\EALPR Vechicles dataset\Vehicles\0331.jpg,True,ه ه ه٩٩٩٩,336,412,523,505,results\plates\plate_0331.jpg,0.96,1.0
0332.jpg,D:\GP\EALPR Vechicles dataset\Vehicles\0332.jpg,True,ب ط ل١١١١,243,336,358,402,results\plates\plate_0332.jpg,0.91,1.0
0333.jpg,D:\GP\EALPR Vechicles dataset\Vehicles\0333.jpg,True,م ه م١,257,220,390,283,results\plates\plate_0333.jpg,0.92,1.0
0334.jpg,D:\GP\EALPR Vechicles dataset\Vehicles\0334.jpg,True,م ه م٢٢٢,291,235,408,296,results\plates\plate_0334.jpg,0.86,1.0
0335.jpg,D:\GP\EALPR Vechicles dataset\Vehicles\0335.jpg,True,س ي ف٥٥٥٥,561,598,651,646,results\plates\plate_0335.jpg,1.07,1.0
0336.jpg,D:\GP\EALPR Vechicles dataset\Vehicles\0336.jpg,True,أ و ل١,296,499,520,611,results\plates\plate_0336.jpg,0.95,1.0
0337.jpg,D:\GP\EALPR Vechicles dataset\Vehicles\0337.jpg,True,ب ط ل٧٧٧٧,167,200,237,242,results\plates\plate_0337.jpg,0.94,1.0
0338.jpg,D:\GP\EALPR Vechicles dataset\Vehicles\0338.jpg,True,١٥٥,386,210,515,284,results\plates\plate_0338.jpg,0.89,1.0
0339.jpg,D:\GP\EALPR Vechicles dataset\Vehicles\0339.jpg,True,ه١,359,601,586,717,results\plates\plate_0339.jpg,0.96,1.0
0340.jpg,D:\GP\EALPR Vechicles dataset\Vehicles\0340.jpg,True,أ س د١,329,515,435,565,results\plates\plate_0340.jpg,0.97,1.0
0341.jpg,D:\GP\EALPR Vechicles dataset\Vehicles\0341.jpg,True,ل ر أ١,367,605,540,690,results\plates\plate_0341.jpg,1.04,1.0
0342.jpg,D:\GP\EALPR Vechicles dataset\Vehicles\0342.jpg,True,ع م ر١٩٩٩,483,426,600,487,results\plates\plate_0342.jpg,0.98,1.0
0343.jpg,D:\GP\EALPR Vechicles dataset\Vehicles\0343.jpg,True,ن ن س١١١١,150,244,230,289,results\plates\plate_0343.jpg,1.12,1.0
0344.jpg,D:\GP\EALPR Vechicles dataset\Vehicles\0344.jpg,True,س أ٧٧٧٧,320,327,451,394,results\plates\plate_0344.jpg,1.06,1.0
0345.jpg,D:\GP\EALPR Vechicles dataset\Vehicles\0345.jpg,True,ن س ر٦٦٦٦,254,440,394,512,results\plates\plate_0345.jpg,1.00,1.0
0346.jpg,D:\GP\EALPR Vechicles dataset\Vehicles\0346.jpg,True,د د٧٧٧٧,169,261,283,336,results\plates\plate_0346.jpg,1.05,1.0
0347.jpg,D:\GP\EALPR Vechicles dataset\Vehicles\0347.jpg,True,ب ط ل٧٧٧٧,383,618,564,713,results\plates\plate_0347.jpg,0.99,1.0
0348.jpg,D:\GP\EALPR Vechicles dataset\Vehicles\0348.jpg,True,ع م ر٦٦٧,274,380,410,447,results\plates\plate_0348.jpg,0.98,1.0
0349.jpg,D:\GP\EALPR Vechicles dataset\Vehicles\0349.jpg,True,ب ط ل١١١,283,438,414,502,results\plates\plate_0349.jpg,0.97,1.0
0350.jpg,D:\GP\EALPR Vechicles dataset\Vehicles\0350.jpg,True,ع١,310,502,456,583,results\plates\plate_0350.jpg,1.03,1.0
0351.jpg,D:\GP\EALPR Vechicles dataset\Vehicles\0351.jpg,True,م ط ر٥٥٥,302,391,456,469,results\plates\plate_0351.jpg,0.90,1.0
0352.jpg,D:\GP\EALPR Vechicles dataset\Vehicles\0352.jpg,True,ف ر س٦٦٦,360,590,576,701,results\plates\plate_0352.jpg,0.97,1.0
0353.jpg,D:\GP\EALPR Vechicles dataset\Vehicles\0353.jpg,True,ب ط ل٧٧٧٧,180,201,250,242,results\plates\plate_0353.jpg,0.83,1.0
0354.jpg,D:\GP\EALPR Vechicles dataset\Vehicles\0354.jpg,True,ب ر ج١,465,571,612,645,results\plates\plate_0354.jpg,1.06,1.0
0355.jpg,D:\GP\EALPR Vechicles dataset\Vehicles\0355.jpg,True,ق١,291,622,458,708,results\plates\plate_0355.jpg,1.01,1.0
0356.jpg,D:\GP\EALPR Vechicles dataset\Vehicles\0356.jpg,True,م ط ر١,382,464,570,557,results\plates\plate_0356.jpg,0.97,1.0
0357.jpg,D:\GP\EALPR Vechicles dataset\Vehicles\0357.jpg,True,ب ب٦٦٦٦,437,489,612,580,results\plates\plate_0357.jpg,0.98,1.0
0358.jpg,D:\GP\EALPR Vechicles dataset\Vehicles\0358.jpg,True,ع٤,287,461,417,536,results\plates\plate_0358.jpg,1.07,1.0
0359.jpg,D:\GP\EALPR Vechicles dataset\Vehicles\0359.jpg,True,ر ر ر٦٦٦٦,298,468,448,544,results\plates\plate_0359.jpg,0.95,1.0
0360.jpg,D:\GP\EALPR Vechicles dataset\Vehicles\0360.jpg,True,ب و ب٩٩٩٩,469,414,559,468,results\plates\plate_0360.jpg,1.05,1.0
0361.jpg,D:\GP\EALPR Vechicles dataset\Vehicles\0361.jpg,True,ج ب ل١,434,427,571,500,results\plates\plate_0361.jpg,0.95,1.0
0362.jpg,D:\GP\EALPR Vechicles dataset\Vehicles\0362.jpg,True,ق ق ق٨٨٨٨,175,315,274,373,results\plates\plate_0362.jpg,0.92,1.0
0363.jpg,D:\GP\EALPR Vechicles dataset\Vehicles\0363.jpg,True,ر ج ب٥٥٥٥,296,491,433,556,results\plates\plate_0363.jpg,1.05,1.0
0364.jpg,D:\GP\EALPR Vechicles dataset\Vehicles\0364.jpg,True,م ع٦٦٦٦,430,576,546,635,results\plates\plate_0364.jpg,0.99,1.0
0365.jpg,D:\GP\EALPR Vechicles dataset\Vehicles\0365.jpg,True,أ٧,462,274,553,323,results\plates\plate_0365.jpg,0.92,1.0
0366.jpg,D:\GP\EALPR Vechicles dataset\Vehicles\0366.jpg,True,ه ه ه٦٦٦٦,407,728,569,816,results\plates\plate_0366.jpg,0.96,1.0
0367.jpg,D:\GP\EALPR Vechicles dataset\Vehicles\0367.jpg,True,ق ط١١١١,268,175,354,222,results\plates\plate_0367.jpg,0.90,1.0
0368.jpg,D:\GP\EALPR Vechicles dataset\Vehicles\0368.jpg,True,وو و٦٦٦  ٤,393,551,474,592,results\plates\plate_0368.jpg,0.99,1.0
0369.jpg,D:\GP\EALPR Vechicles dataset\Vehicles\0369.jpg,True,ق ط ن٢٢٢٢,423,552,546,622,results\plates\plate_0369.jpg,1.21,1.0
0370.jpg,D:\GP\EALPR Vechicles dataset\Vehicles\0370.jpg,True,م١١,283,249,354,287,results\plates\plate_0370.jpg,0.91,1.0
0371.jpg,D:\GP\EALPR Vechicles dataset\Vehicles\0371.jpg,True,م ع٦٦٦٦,299,593,475,679,results\plates\plate_0371.jpg,0.96,1.0
0372.jpg,D:\GP\EALPR Vechicles dataset\Vehicles\0372.jpg,True,م م٢,458,955,672,1054,results\plates\plate_0372.jpg,0.99,1.0
0373.jpg,D:\GP\EALPR Vechicles dataset\Vehicles\0373.jpg,True,أ و ل٩٩٩٩,400,927,651,1053,results\plates\plate_0373.jpg,0.97,1.0
0374.jpg,D:\GP\EALPR Vechicles dataset\Vehicles\0374.jpg,True,م ط ر٥٥٥,293,237,455,316,results\plates\plate_0374.jpg,1.09,1.0
0375.jpg,D:\GP\EALPR Vechicles dataset\Vehicles\0375.jpg,True,ج ج ج٨٨٨٨,438,651,579,723,results\plates\plate_0375.jpg,0.95,1.0
0376.jpg,D:\GP\EALPR Vechicles dataset\Vehicles\0376.jpg,True,و١١,325,320,380,348,results\plates\plate_0376.jpg,1.02,1.0
0377.jpg,D:\GP\EALPR Vechicles dataset\Vehicles\0377.jpg,True,د ف ل٦٦٦,218,627,387,712,results\plates\plate_0377.jpg,0.98,1.0
0378.jpg,D:\GP\EALPR Vechicles dataset\Vehicles\0378.jpg,True,و و و٤٤٤٤,258,695,481,801,results\plates\plate_0378.jpg,0.96,1.0
0379.jpg,D:\GP\EALPR Vechicles dataset\Vehicles\0379.jpg,True,و و و٦٦٦,421,652,584,748,results\plates\plate_0379.jpg,1.08,1.0
0380.jpg,D:\GP\EALPR Vechicles dataset\Vehicles\0380.jpg,True,ج ن ي١,332,377,491,460,results\plates\plate_0380.jpg,1.02,1.0
0381.jpg,D:\GP\EALPR Vechicles dataset\Vehicles\0381.jpg,True,ن و ر٢٢٢٢,247,421,451,522,results\plates\plate_0381.jpg,0.99,1.0
0382.jpg,D:\GP\EALPR Vechicles dataset\Vehicles\0382.jpg,True,م م م١,347,407,477,471,results\plates\plate_0382.jpg,0.96,1.0
0383.jpg,D:\GP\EALPR Vechicles dataset\Vehicles\0383.jpg,True,ن م س٦٦٦٦,451,901,692,1023,results\plates\plate_0383.jpg,0.97,1.0
0384.jpg,D:\GP\EALPR Vechicles dataset\Vehicles\0384.jpg,True,ب ط ل٥٥٥٥,560,351,673,418,results\plates\plate_0384.jpg,1.05,1.0
0385.jpg,D:\GP\EALPR Vechicles dataset\Vehicles\0385.jpg,True,م ص ر٢٢٢٢,332,386,443,443,results\plates\plate_0385.jpg,0.97,1.0
0386.jpg,D:\GP\EALPR Vechicles dataset\Vehicles\0386.jpg,True,ن ج م١,380,347,495,413,results\plates\plate_0386.jpg,1.08,1.0
0387.jpg,D:\GP\EALPR Vechicles dataset\Vehicles\0387.jpg,True,ن و ر٣٣٣٣,324,400,471,474,results\plates\plate_0387.jpg,0.95,1.0
0388.jpg,D:\GP\EALPR Vechicles dataset\Vehicles\0388.jpg,True,أ أ١١١,321,340,458,408,results\plates\plate_0388.jpg,1.03,1.0
0389.jpg,D:\GP\EALPR Vechicles dataset\Vehicles\0389.jpg,True,ص ق ر٨٨٨٨,221,317,289,363,results\plates\plate_0389.jpg,1.13,1.0
0390.jpg,D:\GP\EALPR Vechicles dataset\Vehicles\0390.jpg,True,ن س ر٩٩٩٩,358,496,524,579,results\plates\plate_0390.jpg,1.25,1.0
0391.jpg,D:\GP\EALPR Vechicles dataset\Vehicles\0391.jpg,True,ي ي٥٥٥٥,407,408,509,459,results\plates\plate_0391.jpg,1.01,1.0
0392.jpg,D:\GP\EALPR Vechicles dataset\Vehicles\0392.jpg,True,ط ط ط٧٧٧٧,339,452,503,534,results\plates\plate_0392.jpg,0.96,1.0
0393.jpg,D:\GP\EALPR Vechicles dataset\Vehicles\0393.jpg,True,م ن٢٢٢٢,362,418,490,484,results\plates\plate_0393.jpg,1.00,1.0
0394.jpg,D:\GP\EALPR Vechicles dataset\Vehicles\0394.jpg,True,أ م١,312,146,526,259,results\plates\plate_0394.jpg,0.92,1.0
0395.jpg,D:\GP\EALPR Vechicles dataset\Vehicles\0395.jpg,True,ه أ م١١١١,413,628,685,770,results\plates\plate_0395.jpg,1.11,1.0
0396.jpg,D:\GP\EALPR Vechicles dataset\Vehicles\0396.jpg,True,م ه م٤٤٤,237,504,393,603,results\plates\plate_0396.jpg,0.97,1.0
0397.jpg,D:\GP\EALPR Vechicles dataset\Vehicles\0397.jpg,True,ف١,250,156,359,211,results\plates\plate_0397.jpg,0.90,1.0
0398.jpg,D:\GP\EALPR Vechicles dataset\Vehicles\0398.jpg,True,ر ج ب١,329,337,523,438,results\plates\plate_0398.jpg,0.96,1.0
0399.jpg,D:\GP\EALPR Vechicles dataset\Vehicles\0399.jpg,True,ن ج م٩٩٩,282,318,421,381,results\plates\plate_0399.jpg,1.03,1.0
0400.jpg,D:\GP\EALPR Vechicles dataset\Vehicles\0400.jpg,True,ج ب ل١,408,526,591,617,results\plates\plate_0400.jpg,1.04,1.0
0401.jpg,D:\GP\EALPR Vechicles dataset\Vehicles\0401.jpg,True,س م٦٦٦٦,246,387,379,445,results\plates\plate_0401.jpg,1.15,1.0
0402.jpg,D:\GP\EALPR Vechicles dataset\Vehicles\0402.jpg,True,ص ق ر٩٩٩٩,281,240,360,281,results\plates\plate_0402.jpg,1.14,1.0
0403.jpg,D:\GP\EALPR Vechicles dataset\Vehicles\0403.jpg,True,ي ي٥٥٥٥,292,524,378,572,results\plates\plate_0403.jpg,1.05,1.0
0404.jpg,D:\GP\EALPR Vechicles dataset\Vehicles\0404.jpg,True,أ ن أ١١١١,415,369,585,459,results\plates\plate_0404.jpg,0.99,1.0
0405.jpg,D:\GP\EALPR Vechicles dataset\Vehicles\0405.jpg,True,م ع١,121,203,188,240,results\plates\plate_0405.jpg,0.91,1.0
0406.jpg,D:\GP\EALPR Vechicles dataset\Vehicles\0406.jpg,True,ع ي ر د١١١١,324,292,460,364,results\plates\plate_0406.jpg,1.03,1.0
0407.jpg,D:\GP\EALPR Vechicles dataset\Vehicles\0407.jpg,True,ج م ي١١١,327,344,514,440,results\plates\plate_0407.jpg,1.05,1.0
0408.jpg,D:\GP\EALPR Vechicles dataset\Vehicles\0408.jpg,True,م ص ر٨٨٨٨,413,516,603,612,results\plates\plate_0408.jpg,1.03,1.0
0409.jpg,D:\GP\EALPR Vechicles dataset\Vehicles\0409.jpg,True,م م٣٣٣٣,313,318,424,371,results\plates\plate_0409.jpg,0.92,1.0
0410.jpg,D:\GP\EALPR Vechicles dataset\Vehicles\0410.jpg,True,أ م ي٧٧٧,314,447,448,510,results\plates\plate_0410.jpg,1.01,1.0
0411.jpg,D:\GP\EALPR Vechicles dataset\Vehicles\0411.jpg,True,م س ر١١١١,364,681,544,775,results\plates\plate_0411.jpg,0.97,1.0
0412.jpg,D:\GP\EALPR Vechicles dataset\Vehicles\0412.jpg,True,م ص ر١١١١,379,468,563,559,results\plates\plate_0412.jpg,0.97,1.0
0413.jpg,D:\GP\EALPR Vechicles dataset\Vehicles\0413.jpg,True,م ص ر٣,265,566,630,720,results\plates\plate_0413.jpg,0.95,1.0
0414.jpg,D:\GP\EALPR Vechicles dataset\Vehicles\0414.jpg,True,ر ي س١,350,294,436,336,results\plates\plate_0414.jpg,1.03,1.0
0415.jpg,D:\GP\EALPR Vechicles dataset\Vehicles\0415.jpg,True,ر ي س١١١,302,252,459,327,results\plates\plate_0415.jpg,0.85,1.0
0416.jpg,D:\GP\EALPR Vechicles dataset\Vehicles\0416.jpg,True,ل ل٥٥٥٥,219,342,361,407,results\plates\plate_0416.jpg,0.92,1.0
0417.jpg,D:\GP\EALPR Vechicles dataset\Vehicles\0417.jpg,True,و و و٦٦٦٦,296,328,472,418,results\plates\plate_0417.jpg,1.05,1.0
0418.jpg,D:\GP\EALPR Vechicles dataset\Vehicles\0418.jpg,True,م ص ر٣,237,365,481,493,results\plates\plate_0418.jpg,0.97,1.0
0419.jpg,D:\GP\EALPR Vechicles dataset\Vehicles\0419.jpg,True,أ٨,276,358,399,420,results\plates\plate_0419.jpg,1.00,1.0
0420.jpg,D:\GP\EALPR Vechicles dataset\Vehicles\0420.jpg,True,ه ه ه١,334,561,508,644,results\plates\plate_0420.jpg,0.96,1.0
0421.jpg,D:\GP\EALPR Vechicles dataset\Vehicles\0421.jpg,True,و و و١١٢٣٤,341,403,501,484,results\plates\plate_0421.jpg,0.99,1.0
0422.jpg,D:\GP\EALPR Vechicles dataset\Vehicles\0422.jpg,True,ي ي٥٥٥٥,428,363,704,519,results\plates\plate_0422.jpg,0.92,1.0
0423.jpg,D:\GP\EALPR Vechicles dataset\Vehicles\0423.jpg,True,ق م ر٤٤٤٤,394,850,525,913,results\plates\plate_0423.jpg,1.00,1.0
0424.jpg,D:\GP\EALPR Vechicles dataset\Vehicles\0424.jpg,True,ب ه أ١١١,360,308,471,366,results\plates\plate_0424.jpg,0.95,1.0
0425.jpg,D:\GP\EALPR Vechicles dataset\Vehicles\0425.jpg,True,ل و ل١١١,318,496,470,574,results\plates\plate_0425.jpg,0.95,1.0
0426.jpg,D:\GP\EALPR Vechicles dataset\Vehicles\0426.jpg,True,ط ي ب١١١١,349,509,522,593,results\plates\plate_0426.jpg,0.97,1.0
0427.jpg,D:\GP\EALPR Vechicles dataset\Vehicles\0427.jpg,True,ه ب١,378,559,478,612,results\plates\plate_0427.jpg,0.96,1.0
0428.jpg,D:\GP\EALPR Vechicles dataset\Vehicles\0428.jpg,True,س ي د١١١١,458,318,545,369,results\plates\plate_0428.jpg,1.18,1.0
0429.jpg,D:\GP\EALPR Vechicles dataset\Vehicles\0429.jpg,True,أ أ أ٤٤٤٤,511,399,610,450,results\plates\plate_0429.jpg,0.97,1.0
0430.jpg,D:\GP\EALPR Vechicles dataset\Vehicles\0430.jpg,True,ن و ر٣٣٣٣,316,435,438,498,results\plates\plate_0430.jpg,0.97,1.0
0431.jpg,D:\GP\EALPR Vechicles dataset\Vehicles\0431.jpg,True,أ د م٦٦٦٦,263,215,395,281,results\plates\plate_0431.jpg,1.04,1.0
0432.jpg,D:\GP\EALPR Vechicles dataset\Vehicles\0432.jpg,True,أ أ١,505,408,591,457,results\plates\plate_0432.jpg,0.95,1.0
0433.jpg,D:\GP\EALPR Vechicles dataset\Vehicles\0433.jpg,True,ق م ر٥٥٥,301,420,406,474,results\plates\plate_0433.jpg,1.00,1.0
0434.jpg,D:\GP\EALPR Vechicles dataset\Vehicles\0434.jpg,True,م ر٦٦٦٦,274,375,376,426,results\plates\plate_0434.jpg,1.03,1.0
0435.jpg,D:\GP\EALPR Vechicles dataset\Vehicles\0435.jpg,True,د١,366,485,533,569,results\plates\plate_0435.jpg,0.95,1.0
0436.jpg,D:\GP\EALPR Vechicles dataset\Vehicles\0436.jpg,True,ق م ر٢٢٢,468,440,594,505,results\plates\plate_0436.jpg,0.99,1.0
0437.jpg,D:\GP\EALPR Vechicles dataset\Vehicles\0437.jpg,True,ي ي ي٣٣٣٣,263,408,409,482,results\plates\plate_0437.jpg,0.99,1.0
0438.jpg,D:\GP\EALPR Vechicles dataset\Vehicles\0438.jpg,True,س ي د٦٦٦٦,429,574,586,655,results\plates\plate_0438.jpg,0.96,1.0
0439.jpg,D:\GP\EALPR Vechicles dataset\Vehicles\0439.jpg,True,ق ص ر٦٦٦,261,325,379,385,results\plates\plate_0439.jpg,1.03,1.0
0440.jpg,D:\GP\EALPR Vechicles dataset\Vehicles\0440.jpg,True,ه أ م٣٣٣٣,371,397,496,460,results\plates\plate_0440.jpg,1.20,1.0
0441.jpg,D:\GP\EALPR Vechicles dataset\Vehicles\0441.jpg,True,ع ف١,352,604,600,718,results\plates\plate_0441.jpg,1.01,1.0
0442.jpg,D:\GP\EALPR Vechicles dataset\Vehicles\0442.jpg,True,أ ب و١,128,239,192,273,results\plates\plate_0442.jpg,1.11,1.0
0443.jpg,D:\GP\EALPR Vechicles dataset\Vehicles\0443.jpg,True,أ و ل١,284,453,453,543,results\plates\plate_0443.jpg,0.98,1.0
0444.jpg,D:\GP\EALPR Vechicles dataset\Vehicles\0444.jpg,True,م ه م٦٦٦,542,365,758,494,results\plates\plate_0444.jpg,0.87,1.0
0445.jpg,D:\GP\EALPR Vechicles dataset\Vehicles\0445.jpg,True,د ف ل٦٦٦,236,472,312,528,results\plates\plate_0445.jpg,1.59,1.0
0446.jpg,D:\GP\EALPR Vechicles dataset\Vehicles\0446.jpg,True,م أ٧,340,528,496,609,results\plates\plate_0446.jpg,1.21,1.0
0447.jpg,D:\GP\EALPR Vechicles dataset\Vehicles\0447.jpg,True,ر ي س٦٦٦٦,296,603,443,681,results\plates\plate_0447.jpg,1.30,1.0
0448.jpg,D:\GP\EALPR Vechicles dataset\Vehicles\0448.jpg,True,م ج د٤٤٤,428,656,569,736,results\plates\plate_0448.jpg,1.68,1.0
0449.jpg,D:\GP\EALPR Vechicles dataset\Vehicles\0449.jpg,True,م ج د٤٤٤,348,541,480,609,results\plates\plate_0449.jpg,1.33,1.0
0450.jpg,D:\GP\EALPR Vechicles dataset\Vehicles\0450.jpg,True,ف ر س٦٦٦,279,346,468,440,results\plates\plate_0450.jpg,1.53,1.0
0451.jpg,D:\GP\EALPR Vechicles dataset\Vehicles\0451.jpg,True,أ٩,365,349,508,421,results\plates\plate_0451.jpg,1.01,1.0
0452.jpg,D:\GP\EALPR Vechicles dataset\Vehicles\0452.jpg,True,ع ط١,266,310,676,511,results\plates\plate_0452.jpg,1.03,1.0
0453.jpg,D:\GP\EALPR Vechicles dataset\Vehicles\0453.jpg,True,أ ع١,198,673,311,749,results\plates\plate_0453.jpg,1.29,1.0
0454.jpg,D:\GP\EALPR Vechicles dataset\Vehicles\0454.jpg,True,س س٢٢٢٢,247,462,342,512,results\plates\plate_0454.jpg,1.06,1.0
0455.jpg,D:\GP\EALPR Vechicles dataset\Vehicles\0455.jpg,True,و١١,178,276,250,316,results\plates\plate_0455.jpg,0.97,1.0
0456.jpg,D:\GP\EALPR Vechicles dataset\Vehicles\0456.jpg,True,م ج د١,293,533,433,605,results\plates\plate_0456.jpg,0.95,1.0
0457.jpg,D:\GP\EALPR Vechicles dataset\Vehicles\0457.jpg,True,م ص ر٨,309,507,408,557,results\plates\plate_0457.jpg,1.03,1.0
0458.jpg,D:\GP\EALPR Vechicles dataset\Vehicles\0458.jpg,True,ن م س٦٦٦٦,385,302,501,365,results\plates\plate_0458.jpg,1.01,1.0
0459.jpg,D:\GP\EALPR Vechicles dataset\Vehicles\0459.jpg,True,ط ل ق٦٦٦,318,249,405,294,results\plates\plate_0459.jpg,1.09,1.0
0460.jpg,D:\GP\EALPR Vechicles dataset\Vehicles\0460.jpg,True,ي ي ي٩٩٩,322,424,434,481,results\plates\plate_0460.jpg,0.97,1.0
0461.jpg,D:\GP\EALPR Vechicles dataset\Vehicles\0461.jpg,True,ع ع٤,272,555,419,641,results\plates\plate_0461.jpg,1.04,1.0
0462.jpg,D:\GP\EALPR Vechicles dataset\Vehicles\0462.jpg,True,ن و ر٩٩٩٩,497,565,599,615,results\plates\plate_0462.jpg,0.95,1.0
0463.jpg,D:\GP\EALPR Vechicles dataset\Vehicles\0463.jpg,True,ب و ب١,433,499,555,564,results\plates\plate_0463.jpg,0.93,1.0
0464.jpg,D:\GP\EALPR Vechicles dataset\Vehicles\0464.jpg,True,ج ب ل٦٦٦,399,692,597,797,results\plates\plate_0464.jpg,0.95,1.0
0465.jpg,D:\GP\EALPR Vechicles dataset\Vehicles\0465.jpg,True,م ص ر٨,447,956,549,1011,results\plates\plate_0465.jpg,0.95,1.0
0466.jpg,D:\GP\EALPR Vechicles dataset\Vehicles\0466.jpg,True,ج ج٦٦٦٦,487,594,573,635,results\plates\plate_0466.jpg,1.08,1.0
0467.jpg,D:\GP\EALPR Vechicles dataset\Vehicles\0467.jpg,True,م ص ر٢٢٢٢,399,788,601,880,results\plates\plate_0467.jpg,0.97,1.0
0468.jpg,D:\GP\EALPR Vechicles dataset\Vehicles\0468.jpg,True,ب ر١,244,176,406,260,results\plates\plate_0468.jpg,0.94,1.0
0469.jpg,D:\GP\EALPR Vechicles dataset\Vehicles\0469.jpg,True,ر ي س١١١,308,236,434,293,results\plates\plate_0469.jpg,0.89,1.0
0470.jpg,D:\GP\EALPR Vechicles dataset\Vehicles\0470.jpg,True,ق ل ق٧٧٧٧,395,822,660,960,results\plates\plate_0470.jpg,0.95,1.0
0471.jpg,D:\GP\EALPR Vechicles dataset\Vehicles\0471.jpg,True,س م٦٦٦٦,305,552,446,627,results\plates\plate_0471.jpg,0.91,1.0
0472.jpg,D:\GP\EALPR Vechicles dataset\Vehicles\0472.jpg,True,ف ه د٥٥٥٥,361,548,613,707,results\plates\plate_0472.jpg,0.98,1.0
0473.jpg,D:\GP\EALPR Vechicles dataset\Vehicles\0473.jpg,True,أ و ل٦٦٦,469,475,582,537,results\plates\plate_0473.jpg,1.02,1.0
0474.jpg,D:\GP\EALPR Vechicles dataset\Vehicles\0474.jpg,True,ن ص ر١١١١,419,661,555,737,results\plates\plate_0474.jpg,1.21,1.0
0475.jpg,D:\GP\EALPR Vechicles dataset\Vehicles\0475.jpg,True,ج ج٦٦٦٦,389,531,566,630,results\plates\plate_0475.jpg,1.14,1.0
0476.jpg,D:\GP\EALPR Vechicles dataset\Vehicles\0476.jpg,True,ع ل م١,148,357,432,516,results\plates\plate_0476.jpg,1.07,1.0
0477.jpg,D:\GP\EALPR Vechicles dataset\Vehicles\0477.jpg,True,ي ي ي٩٩٩,416,619,611,721,results\plates\plate_0477.jpg,1.04,1.0
0478.jpg,D:\GP\EALPR Vechicles dataset\Vehicles\0478.jpg,True,ع ر ب١,360,562,608,689,results\plates\plate_0478.jpg,1.58,1.0
0479.jpg,D:\GP\EALPR Vechicles dataset\Vehicles\0479.jpg,True,س س٤٤٤٤,468,657,658,753,results\plates\plate_0479.jpg,1.81,1.0
0480.jpg,D:\GP\EALPR Vechicles dataset\Vehicles\0480.jpg,True,ر١١١,433,807,680,932,results\plates\plate_0480.jpg,1.08,1.0
0481.jpg,D:\GP\EALPR Vechicles dataset\Vehicles\0481.jpg,True,ج ج٦٦٦٦,312,419,524,514,results\plates\plate_0481.jpg,1.24,1.0
0482.jpg,D:\GP\EALPR Vechicles dataset\Vehicles\0482.jpg,True,ر م٥٥٥٥,286,642,464,726,results\plates\plate_0482.jpg,1.09,1.0
0483.jpg,D:\GP\EALPR Vechicles dataset\Vehicles\0483.jpg,True,س ي ف٧٧٧,266,203,378,260,results\plates\plate_0483.jpg,1.05,1.0
0484.jpg,D:\GP\EALPR Vechicles dataset\Vehicles\0484.jpg,True,س ب ع١,276,604,401,666,results\plates\plate_0484.jpg,1.16,1.0
0485.jpg,D:\GP\EALPR Vechicles dataset\Vehicles\0485.jpg,True,أ ر ج١,418,492,602,588,results\plates\plate_0485.jpg,1.21,1.0
0486.jpg,D:\GP\EALPR Vechicles dataset\Vehicles\0486.jpg,True,ه ر م١١١,270,383,387,442,results\plates\plate_0486.jpg,1.27,1.0
0487.jpg,D:\GP\EALPR Vechicles dataset\Vehicles\0487.jpg,True,ر ر ر٦٦٦٦,416,349,617,451,results\plates\plate_0487.jpg,0.93,1.0
0488.jpg,D:\GP\EALPR Vechicles dataset\Vehicles\0488.jpg,True,أ٧٧٧,435,326,520,375,results\plates\plate_0488.jpg,1.18,1.0
0489.jpg,D:\GP\EALPR Vechicles dataset\Vehicles\0489.jpg,True,ج ن ن٦٦٦,247,207,412,291,results\plates\plate_0489.jpg,1.16,1.0
0490.jpg,D:\GP\EALPR Vechicles dataset\Vehicles\0490.jpg,True,م ي٥٥٥٥,302,524,435,593,results\plates\plate_0490.jpg,1.11,1.0
0491.jpg,D:\GP\EALPR Vechicles dataset\Vehicles\0491.jpg,True,أ ن أ١,435,424,659,548,results\plates\plate_0491.jpg,1.04,1.0
0492.jpg,D:\GP\EALPR Vechicles dataset\Vehicles\0492.jpg,True,ن س ر٩٩٩٩,382,339,501,400,results\plates\plate_0492.jpg,0.94,1.0
0493.jpg,D:\GP\EALPR Vechicles dataset\Vehicles\0493.jpg,True,م ص ر١١١١,459,580,596,649,results\plates\plate_0493.jpg,1.00,1.0
0494.jpg,D:\GP\EALPR Vechicles dataset\Vehicles\0494.jpg,True,ي١,229,407,343,466,results\plates\plate_0494.jpg,1.21,1.0
0495.jpg,D:\GP\EALPR Vechicles dataset\Vehicles\0495.jpg,True,م ع م٤٤٤٤,250,157,347,203,results\plates\plate_0495.jpg,1.26,1.0
0496.jpg,D:\GP\EALPR Vechicles dataset\Vehicles\0496.jpg,True,س س٥٥٥٥,354,669,536,756,results\plates\plate_0496.jpg,1.11,1.0
0497.jpg,D:\GP\EALPR Vechicles dataset\Vehicles\0497.jpg,True,ب ط ل٩٥٩,269,259,380,317,results\plates\plate_0497.jpg,1.24,1.0
0498.jpg,D:\GP\EALPR Vechicles dataset\Vehicles\0498.jpg,True,م ه م٦٦٦,511,598,622,658,results\plates\plate_0498.jpg,1.03,1.0
0499.jpg,D:\GP\EALPR Vechicles dataset\Vehicles\0499.jpg,True,ن و ر٨٨٨٨,411,417,559,499,results\plates\plate_0499.jpg,0.94,1.0
0500.jpg,D:\GP\EALPR Vechicles dataset\Vehicles\0500.jpg,True,ه س١,428,467,609,564,results\plates\plate_0500.jpg,0.93,1.0
0501.jpg,D:\GP\EALPR Vechicles dataset\Vehicles\0501.jpg,True,ب و ب١,342,496,574,619,results\plates\plate_0501.jpg,1.01,1.0
0502.jpg,D:\GP\EALPR Vechicles dataset\Vehicles\0502.jpg,True,ن س ر٩٩٩٩,364,338,485,398,results\plates\plate_0502.jpg,0.94,1.0
0503.jpg,D:\GP\EALPR Vechicles dataset\Vehicles\0503.jpg,True,ص أ ص٦٦٦٦,392,619,603,725,results\plates\plate_0503.jpg,0.96,1.0
0504.jpg,D:\GP\EALPR Vechicles dataset\Vehicles\0504.jpg,True,ه ه١,361,359,484,426,results\plates\plate_0504.jpg,0.96,1.0
0505.jpg,D:\GP\EALPR Vechicles dataset\Vehicles\0505.jpg,True,م ن ي١١١,342,301,457,357,results\plates\plate_0505.jpg,0.92,1.0
0506.jpg,D:\GP\EALPR Vechicles dataset\Vehicles\0506.jpg,True,ط ل ق٦٦٦,363,279,473,332,results\plates\plate_0506.jpg,0.91,1.0
0507.jpg,D:\GP\EALPR Vechicles dataset\Vehicles\0507.jpg,True,ر١,297,199,383,243,results\plates\plate_0507.jpg,0.89,1.0
0508.jpg,D:\GP\EALPR Vechicles dataset\Vehicles\0508.jpg,True,ن س ر٩٩٩٩,408,476,626,584,results\plates\plate_0508.jpg,1.05,1.0
0509.jpg,D:\GP\EALPR Vechicles dataset\Vehicles\0509.jpg,True,ع د ل٦٦٦٦,434,770,658,881,results\plates\plate_0509.jpg,0.95,1.0
0510.jpg,D:\GP\EALPR Vechicles dataset\Vehicles\0510.jpg,True,ع٤,260,251,365,301,results\plates\plate_0510.jpg,0.89,1.0
0511.jpg,D:\GP\EALPR Vechicles dataset\Vehicles\0511.jpg,True,ن ج م١,364,504,504,578,results\plates\plate_0511.jpg,1.00,1.0
0512.jpg,D:\GP\EALPR Vechicles dataset\Vehicles\0512.jpg,True,و ط ن١,448,678,672,772,results\plates\plate_0512.jpg,0.96,1.0
0513.jpg,D:\GP\EALPR Vechicles dataset\Vehicles\0513.jpg,True,ن ص ر١١١١,333,814,544,924,results\plates\plate_0513.jpg,0.98,1.0
0514.jpg,D:\GP\EALPR Vechicles dataset\Vehicles\0514.jpg,True,ن س ر٢٢٢٢,318,390,478,471,results\plates\plate_0514.jpg,0.97,1.0
0515.jpg,D:\GP\EALPR Vechicles dataset\Vehicles\0515.jpg,True,م ط ر١,276,589,407,673,results\plates\plate_0515.jpg,0.98,1.0
0516.jpg,D:\GP\EALPR Vechicles dataset\Vehicles\0516.jpg,True,م١١١,166,276,253,323,results\plates\plate_0516.jpg,1.05,1.0
0517.jpg,D:\GP\EALPR Vechicles dataset\Vehicles\0517.jpg,True,س س٣٣٣٣,267,170,402,239,results\plates\plate_0517.jpg,0.97,1.0
0518.jpg,D:\GP\EALPR Vechicles dataset\Vehicles\0518.jpg,True,س ع د٥١٥,267,460,647,650,results\plates\plate_0518.jpg,1.02,1.0
0519.jpg,D:\GP\EALPR Vechicles dataset\Vehicles\0519.jpg,True,ق و ي٨٨٨٨,450,797,660,900,results\plates\plate_0519.jpg,0.96,1.0
0520.jpg,D:\GP\EALPR Vechicles dataset\Vehicles\0520.jpg,True,ن س ر٩٩٩٩,312,493,512,599,results\plates\plate_0520.jpg,0.96,1.0
0521.jpg,D:\GP\EALPR Vechicles dataset\Vehicles\0521.jpg,True,أ أ أ٤٤٤٤,323,606,517,703,results\plates\plate_0521.jpg,0.95,1.0
0522.jpg,D:\GP\EALPR Vechicles dataset\Vehicles\0522.jpg,True,ر ج ب٥٥٥,332,204,463,270,results\plates\plate_0522.jpg,0.87,1.0
0523.jpg,D:\GP\EALPR Vechicles dataset\Vehicles\0523.jpg,True,ن و ر٧٧٧٧,245,197,414,279,results\plates\plate_0523.jpg,0.89,1.0
0524.jpg,D:\GP\EALPR Vechicles dataset\Vehicles\0524.jpg,True,د ه ب٢٢,283,269,396,325,results\plates\plate_0524.jpg,0.86,1.0
0525.jpg,D:\GP\EALPR Vechicles dataset\Vehicles\0525.jpg,True,م ه م١,267,180,342,221,results\plates\plate_0525.jpg,0.81,1.0
0526.jpg,D:\GP\EALPR Vechicles dataset\Vehicles\0526.jpg,True,أ٨,455,661,594,732,results\plates\plate_0526.jpg,1.00,1.0
0527.jpg,D:\GP\EALPR Vechicles dataset\Vehicles\0527.jpg,True,م ه م٤٤٤,247,343,381,424,results\plates\plate_0527.jpg,1.08,1.0
0528.jpg,D:\GP\EALPR Vechicles dataset\Vehicles\0528.jpg,True,ع ل ي٩٩٩٩,441,532,566,593,results\plates\plate_0528.jpg,1.09,1.0
0529.jpg,D:\GP\EALPR Vechicles dataset\Vehicles\0529.jpg,True,م س ر١١١١,320,342,434,402,results\plates\plate_0529.jpg,0.90,1.0
0530.jpg,D:\GP\EALPR Vechicles dataset\Vehicles\0530.jpg,True,ن س ر٩٩٩٩,313,469,513,575,results\plates\plate_0530.jpg,0.95,1.0
0531.jpg,D:\GP\EALPR Vechicles dataset\Vehicles\0531.jpg,True,ع٤,369,459,574,564,results\plates\plate_0531.jpg,0.95,1.0
0532.jpg,D:\GP\EALPR Vechicles dataset\Vehicles\0532.jpg,True,م ع١,308,154,400,199,results\plates\plate_0532.jpg,1.03,1.0
0533.jpg,D:\GP\EALPR Vechicles dataset\Vehicles\0533.jpg,True,ق ص ر٦٦٦,356,720,544,816,results\plates\plate_0533.jpg,0.94,1.0
0534.jpg,D:\GP\EALPR Vechicles dataset\Vehicles\0534.jpg,True,ر١١١,301,321,446,392,results\plates\plate_0534.jpg,1.03,1.0
0535.jpg,D:\GP\EALPR Vechicles dataset\Vehicles\0535.jpg,True,ب ط ل١,257,294,346,336,results\plates\plate_0535.jpg,0.93,1.0
0536.jpg,D:\GP\EALPR Vechicles dataset\Vehicles\0536.jpg,True,ر و ق٦٦٦٦,269,223,391,285,results\plates\plate_0536.jpg,0.90,1.0
0537.jpg,D:\GP\EALPR Vechicles dataset\Vehicles\0537.jpg,True,أ ن س١,355,469,500,542,results\plates\plate_0537.jpg,0.93,1.0
0538.jpg,D:\GP\EALPR Vechicles dataset\Vehicles\0538.jpg,True,م ي ر٦٦٦,252,246,425,335,results\plates\plate_0538.jpg,1.03,1.0
0539.jpg,D:\GP\EALPR Vechicles dataset\Vehicles\0539.jpg,True,ف ه د١,500,756,596,807,results\plates\plate_0539.jpg,0.97,1.0
0540.jpg,D:\GP\EALPR Vechicles dataset\Vehicles\0540.jpg,True,م ه م٦٦٦,311,869,542,991,results\plates\plate_0540.jpg,0.88,1.0
0541.jpg,D:\GP\EALPR Vechicles dataset\Vehicles\0541.jpg,True,ن س ر٩٩٩٩,273,461,481,579,results\plates\plate_0541.jpg,0.93,1.0
0542.jpg,D:\GP\EALPR Vechicles dataset\Vehicles\0542.jpg,True,ر ع ب٧٧٧,123,450,277,533,results\plates\plate_0542.jpg,0.99,1.0
0543.jpg,D:\GP\EALPR Vechicles dataset\Vehicles\0543.jpg,True,س١١١,306,193,380,230,results\plates\plate_0543.jpg,0.93,1.0
0544.jpg,D:\GP\EALPR Vechicles dataset\Vehicles\0544.jpg,True,أ ه م١,443,700,629,797,results\plates\plate_0544.jpg,0.98,1.0
0545.jpg,D:\GP\EALPR Vechicles dataset\Vehicles\0545.jpg,True,م١١١,325,477,408,519,results\plates\plate_0545.jpg,1.02,1.0
0546.jpg,D:\GP\EALPR Vechicles dataset\Vehicles\0546.jpg,True,أ١١١,426,568,645,678,results\plates\plate_0546.jpg,0.96,1.0
0547.jpg,D:\GP\EALPR Vechicles dataset\Vehicles\0547.jpg,True,م ن ص٦٦٦٦,462,909,678,1014,results\plates\plate_0547.jpg,1.00,1.0
0548.jpg,D:\GP\EALPR Vechicles dataset\Vehicles\0548.jpg,True,ن و ر٤٤٤,427,645,561,714,results\plates\plate_0548.jpg,0.95,1.0
0549.jpg,D:\GP\EALPR Vechicles dataset\Vehicles\0549.jpg,True,ن و ر٣٣٣٣,324,400,470,474,results\plates\plate_0549.jpg,0.98,1.0
0550.jpg,D:\GP\EALPR Vechicles dataset\Vehicles\0550.jpg,True,ر و ق٦٦٦٦,347,445,502,527,results\plates\plate_0550.jpg,1.09,1.0
0551.jpg,D:\GP\EALPR Vechicles dataset\Vehicles\0551.jpg,True,و أ ن١,364,474,509,550,results\plates\plate_0551.jpg,0.97,1.0
0552.jpg,D:\GP\EALPR Vechicles dataset\Vehicles\0552.jpg,True,ن س ر٩٩٩٩,374,572,595,669,results\plates\plate_0552.jpg,0.96,1.0
0553.jpg,D:\GP\EALPR Vechicles dataset\Vehicles\0553.jpg,True,س ي ف٧,410,425,562,508,results\plates\plate_0553.jpg,0.97,1.0
0554.jpg,D:\GP\EALPR Vechicles dataset\Vehicles\0554.jpg,True,ع ف٢,385,601,539,681,results\plates\plate_0554.jpg,0.95,1.0
0555.jpg,D:\GP\EALPR Vechicles dataset\Vehicles\0555.jpg,True,و ل ع٦٦٦,271,223,407,290,results\plates\plate_0555.jpg,0.92,1.0
0556.jpg,D:\GP\EALPR Vechicles dataset\Vehicles\0556.jpg,True,ن١,304,543,485,636,results\plates\plate_0556.jpg,0.94,1.0
0557.jpg,D:\GP\EALPR Vechicles dataset\Vehicles\0557.jpg,True,ه ي٦٦٦٦,398,737,600,835,results\plates\plate_0557.jpg,0.94,1.0
0558.jpg,D:\GP\EALPR Vechicles dataset\Vehicles\0558.jpg,True,م م٩,510,451,651,524,results\plates\plate_0558.jpg,1.01,1.0
0559.jpg,D:\GP\EALPR Vechicles dataset\Vehicles\0559.jpg,True,س ي د١١١١,193,579,334,654,results\plates\plate_0559.jpg,0.94,1.0
0560.jpg,D:\GP\EALPR Vechicles dataset\Vehicles\0560.jpg,True,م و١,363,579,531,664,results\plates\plate_0560.jpg,0.95,1.0
0561.jpg,D:\GP\EALPR Vechicles dataset\Vehicles\0561.jpg,True,أ ه م١,419,752,566,831,results\plates\plate_0561.jpg,0.94,1.0
0562.jpg,D:\GP\EALPR Vechicles dataset\Vehicles\0562.jpg,True,ج ب ل٦٦٦,636,1030,879,1162,results\plates\plate_0562.jpg,0.97,1.0
0563.JPG,D:\GP\EALPR Vechicles dataset\Vehicles\0563.JPG,True,ف ق ن ر٧٨٢٥,213,192,718,463,results\plates\plate_0563.JPG,0.94,1.0
0564.JPG,D:\GP\EALPR Vechicles dataset\Vehicles\0564.JPG,True,س ص ع ه٣٦٥١٨,182,515,298,578,results\plates\plate_0564.JPG,0.88,1.0
0565.jpg,D:\GP\EALPR Vechicles dataset\Vehicles\0565.jpg,True,أ ن س٤٨٣,104,751,272,847,results\plates\plate_0565.jpg,0.93,1.0
0566.JPG,D:\GP\EALPR Vechicles dataset\Vehicles\0566.JPG,True,س ي٤٧٥٦,199,1228,791,1525,results\plates\plate_0566.JPG,1.11,1.0
0567.JPG,D:\GP\EALPR Vechicles dataset\Vehicles\0567.JPG,True,ف أ ص٩٧٤١,408,550,568,627,results\plates\plate_0567.JPG,0.92,1.0
0568.JPG,D:\GP\EALPR Vechicles dataset\Vehicles\0568.JPG,True,ف أ ص٩٧٤١,437,387,578,460,results\plates\plate_0568.JPG,0.90,1.0
0569.JPG,D:\GP\EALPR Vechicles dataset\Vehicles\0569.JPG,True,ف أ ص٩٧٤١,289,629,520,723,results\plates\plate_0569.JPG,0.93,1.0
0570.jpg,D:\GP\EALPR Vechicles dataset\Vehicles\0570.jpg,True,س ع د٥,400,512,542,582,results\plates\plate_0570.jpg,0.98,1.0
0571.JPG,D:\GP\EALPR Vechicles dataset\Vehicles\0571.JPG,True,م م و٨٥١,302,327,751,522,results\plates\plate_0571.JPG,0.91,1.0
0572.JPG,D:\GP\EALPR Vechicles dataset\Vehicles\0572.JPG,True,م م و٨٥١,251,708,488,796,results\plates\plate_0572.JPG,0.91,1.0
0573.JPG,D:\GP\EALPR Vechicles dataset\Vehicles\0573.JPG,True,ف ن د٦٣٩٤,612,569,1078,779,results\plates\plate_0573.JPG,0.93,1.0
0574.jpg,D:\GP\EALPR Vechicles dataset\Vehicles\0574.jpg,True,م م٥,217,263,306,310,results\plates\plate_0574.jpg,1.12,1.0
0575.JPG,D:\GP\EALPR Vechicles dataset\Vehicles\0575.JPG,True,و م٥١٧٨,281,384,447,469,results\plates\plate_0575.JPG,0.93,1.0
0576.JPG,D:\GP\EALPR Vechicles dataset\Vehicles\0576.JPG,True,و م٥١٧٨,308,631,446,701,results\plates\plate_0576.JPG,1.02,1.0
0577.JPG,D:\GP\EALPR Vechicles dataset\Vehicles\0577.JPG,True,ف ب ص٩١٦٢,301,680,467,753,results\plates\plate_0577.JPG,0.96,1.0
0578.JPG,D:\GP\EALPR Vechicles dataset\Vehicles\0578.JPG,True,ف ر د٣١٥٤,300,517,557,649,results\plates\plate_0578.JPG,0.98,1.0
0579.JPG,D:\GP\EALPR Vechicles dataset\Vehicles\0579.JPG,True,د ط ج١٨٣,638,400,757,471,results\plates\plate_0579.JPG,0.87,1.0
0580.jpg,D:\GP\EALPR Vechicles dataset\Vehicles\0580.jpg,True,أ ه م١,570,701,742,797,results\plates\plate_0580.jpg,1.02,1.0
0581.JPG,D:\GP\EALPR Vechicles dataset\Vehicles\0581.JPG,True,د م٦٧٢٤,147,363,248,412,results\plates\plate_0581.JPG,0.98,1.0
0582.jpg,D:\GP\EALPR Vechicles dataset\Vehicles\0582.jpg,True,ع ه٤٤٤٤,352,877,545,977,results\plates\plate_0582.jpg,1.05,1.0
0583.JPG,D:\GP\EALPR Vechicles dataset\Vehicles\0583.JPG,True,س ج٣١٣٧,96,347,227,436,results\plates\plate_0583.JPG,0.86,1.0
0584.JPG,D:\GP\EALPR Vechicles dataset\Vehicles\0584.JPG,True,ق م ع٧٤٥,244,627,636,829,results\plates\plate_0584.JPG,0.90,1.0
0585.JPG,D:\GP\EALPR Vechicles dataset\Vehicles\0585.JPG,True,ل ن ع٢٢١٧,423,507,558,572,results\plates\plate_0585.JPG,0.86,1.0
0586.jpg,D:\GP\EALPR Vechicles dataset\Vehicles\0586.jpg,True,س ع د٥,384,757,525,826,results\plates\plate_0586.jpg,0.96,1.0
0587.JPG,D:\GP\EALPR Vechicles dataset\Vehicles\0587.JPG,True,ل ن ع٢١٧,417,349,551,415,results\plates\plate_0587.JPG,0.84,1.0
0588.jpg,D:\GP\EALPR Vechicles dataset\Vehicles\0588.jpg,True,م ر١١١١,394,713,552,789,results\plates\plate_0588.jpg,1.05,1.0
0589.JPG,D:\GP\EALPR Vechicles dataset\Vehicles\0589.JPG,True,ب و س٦٦٦٦,331,409,543,510,results\plates\plate_0589.JPG,0.90,1.0
0590.JPG,D:\GP\EALPR Vechicles dataset\Vehicles\0590.JPG,True,ن٥٦٧٤,271,393,385,437,results\plates\plate_0590.JPG,0.89,1.0
0591.JPG,D:\GP\EALPR Vechicles dataset\Vehicles\0591.JPG,True,ق ج ب٨٢٤٦,124,259,182,290,results\plates\plate_0591.JPG,0.84,1.0
0592.JPG,D:\GP\EALPR Vechicles dataset\Vehicles\0592.JPG,True,س ي ب١٥٦٥,301,719,497,819,results\plates\plate_0592.JPG,0.90,1.0
0593.jpg,D:\GP\EALPR Vechicles dataset\Vehicles\0593.jpg,True,أ ه م٢٢٢٢,414,566,647,680,results\plates\plate_0593.jpg,1.01,1.0
0594.JPG,D:\GP\EALPR Vechicles dataset\Vehicles\0594.JPG,True,ب ي ص٢٣٧٤,375,598,526,644,results\plates\plate_0594.JPG,0.95,1.0
0595.JPG,D:\GP\EALPR Vechicles dataset\Vehicles\0595.JPG,True,ب م س٦٤٢٧٣,206,262,267,292,results\plates\plate_0595.JPG,0.90,1.0
0596.JPG,D:\GP\EALPR Vechicles dataset\Vehicles\0596.JPG,True,ب ط ص٢٤٥٨,401,489,495,531,results\plates\plate_0596.JPG,0.88,1.0
0597.JPG,D:\GP\EALPR Vechicles dataset\Vehicles\0597.JPG,True,ب ط ص٢٤٥٨,287,543,441,613,results\plates\plate_0597.JPG,0.93,1.0
0598.JPG,D:\GP\EALPR Vechicles dataset\Vehicles\0598.JPG,True,ب و س٧١٦,177,511,346,595,results\plates\plate_0598.JPG,0.81,1.0
0599.JPG,D:\GP\EALPR Vechicles dataset\Vehicles\0599.JPG,True,س ط ب٣٨٤,250,329,364,386,results\plates\plate_0599.JPG,0.88,1.0
0600.JPG,D:\GP\EALPR Vechicles dataset\Vehicles\0600.JPG,True,د ن ج٢٨٦١,183,298,312,359,results\plates\plate_0600.JPG,0.99,1.0
0601.JPG,D:\GP\EALPR Vechicles dataset\Vehicles\0601.JPG,True,ص و ج٥٦٢٥,196,315,310,376,results\plates\plate_0601.JPG,1.09,1.0
0602.JPG,D:\GP\EALPR Vechicles dataset\Vehicles\0602.JPG,True,ق٤٧٤٩,58,286,114,313,results\plates\plate_0602.JPG,0.84,1.0
0603.jpg,D:\GP\EALPR Vechicles dataset\Vehicles\0603.jpg,True,ي ي ي٢٢٢٢,378,745,612,853,results\plates\plate_0603.jpg,0.97,1.0
0604.jpg,D:\GP\EALPR Vechicles dataset\Vehicles\0604.jpg,True,ج ج٢,411,325,681,464,results\plates\plate_0604.jpg,0.87,1.0
0605.JPG,D:\GP\EALPR Vechicles dataset\Vehicles\0605.JPG,True,ص م ب٦٨٥,403,788,565,866,results\plates\plate_0605.JPG,1.02,1.0
0606.JPG,D:\GP\EALPR Vechicles dataset\Vehicles\0606.JPG,True,ي٣٨,222,395,338,456,results\plates\plate_0606.JPG,1.14,1.0
0607.JPG,D:\GP\EALPR Vechicles dataset\Vehicles\0607.JPG,True,س ف ي٦٩٤٥٢,304,389,359,418,results\plates\plate_0607.JPG,1.06,1.0
0608.JPG,D:\GP\EALPR Vechicles dataset\Vehicles\0608.JPG,True,ط س ب٢٥٨٥,62,456,252,550,results\plates\plate_0608.JPG,1.08,1.0
0609.JPG,D:\GP\EALPR Vechicles dataset\Vehicles\0609.JPG,True,ط س ب٢٤٥٥,409,626,576,702,results\plates\plate_0609.JPG,1.03,1.0
0610.jpg,D:\GP\EALPR Vechicles dataset\Vehicles\0610.jpg,True,م س م٧٧٧,462,775,668,876,results\plates\plate_0610.jpg,1.02,1.0
0611.JPG,D:\GP\EALPR Vechicles dataset\Vehicles\0611.JPG,True,ي٩٥,159,269,221,299,results\plates\plate_0611.JPG,0.98,1.0
0612.jpg,D:\GP\EALPR Vechicles dataset\Vehicles\0612.jpg,True,ج ج٢,434,474,657,581,results\plates\plate_0612.jpg,1.09,1.0
0613.JPG,D:\GP\EALPR Vechicles dataset\Vehicles\0613.JPG,True,س ن م٩٧٣١,108,458,212,523,results\plates\plate_0613.JPG,1.01,1.0
0614.JPG,D:\GP\EALPR Vechicles dataset\Vehicles\0614.JPG,True,ط ر ج٥٥١٧,371,271,479,338,results\plates\plate_0614.JPG,1.03,1.0
0615.JPG,D:\GP\EALPR Vechicles dataset\Vehicles\0615.JPG,True,ص م ن٩٤٣,195,333,294,400,results\plates\plate_0615.JPG,0.82,1.0
0616.JPG,D:\GP\EALPR Vechicles dataset\Vehicles\0616.JPG,True,ط ج ج٥١٧٩,1263,395,1450,490,results\plates\plate_0616.JPG,0.79,1.0
0617.JPG,D:\GP\EALPR Vechicles dataset\Vehicles\0617.JPG,True,ط ج ر٥٢١٨,1076,1490,1285,1618,results\plates\plate_0617.JPG,0.97,1.0
0618.JPG,D:\GP\EALPR Vechicles dataset\Vehicles\0618.JPG,True,ط ج ر٥٢١٨,1186,1470,1273,1539,results\plates\plate_0618.JPG,0.96,1.0
0619.jpg,D:\GP\EALPR Vechicles dataset\Vehicles\0619.jpg,True,م س م٧٧٧,462,775,668,876,results\plates\plate_0619.jpg,1.00,1.0
0620.JPG,D:\GP\EALPR Vechicles dataset\Vehicles\0620.JPG,True,س ه د٦٩٨٧,293,288,386,361,results\plates\plate_0620.JPG,0.81,1.0
0621.jpg,D:\GP\EALPR Vechicles dataset\Vehicles\0621.jpg,True,ج ج ن٢,406,386,529,452,results\plates\plate_0621.jpg,1.04,1.0
0622.JPG,D:\GP\EALPR Vechicles dataset\Vehicles\0622.JPG,True,ط ج ج٥١٧٩,338,571,502,674,results\plates\plate_0622.JPG,0.93,1.0
0623.JPG,D:\GP\EALPR Vechicles dataset\Vehicles\0623.JPG,True,ن ج م٤٤٤٤,311,497,454,568,results\plates\plate_0623.JPG,0.90,1.0
0624.JPG,D:\GP\EALPR Vechicles dataset\Vehicles\0624.JPG,True,ط س ق٩٤١٧,429,418,546,484,results\plates\plate_0624.JPG,0.95,1.0
0625.JPG,D:\GP\EALPR Vechicles dataset\Vehicles\0625.JPG,True,ص ص ق٣١٥,461,604,574,660,results\plates\plate_0625.JPG,0.98,1.0
0626.JPG,D:\GP\EALPR Vechicles dataset\Vehicles\0626.JPG,True,ص ص ق٣١٥,13,626,145,695,results\plates\plate_0626.JPG,1.04,1.0
0627.JPG,D:\GP\EALPR Vechicles dataset\Vehicles\0627.JPG,True,ص ص ق٣١٥,307,423,423,494,results\plates\plate_0627.JPG,1.02,1.0
0628.JPG,D:\GP\EALPR Vechicles dataset\Vehicles\0628.JPG,True,ص ص ق٣١٥,330,829,638,956,results\plates\plate_0628.JPG,1.05,1.0
0629.jpg,D:\GP\EALPR Vechicles dataset\Vehicles\0629.jpg,True,ص ق٧٧٧٧,541,559,728,650,results\plates\plate_0629.jpg,1.04,1.0
0630.JPG,D:\GP\EALPR Vechicles dataset\Vehicles\0630.JPG,True,ع ي ل٢٨٧,289,440,438,521,results\plates\plate_0630.JPG,0.85,1.0
0631.JPG,D:\GP\EALPR Vechicles dataset\Vehicles\0631.JPG,True,ن ب أ٨٥٤٥,299,453,431,510,results\plates\plate_0631.JPG,0.92,1.0
0632.jpg,D:\GP\EALPR Vechicles dataset\Vehicles\0632.jpg,True,ط د و٩٢٦٧,866,387,1024,488,results\plates\plate_0632.jpg,0.84,1.0
0633.jpg,D:\GP\EALPR Vechicles dataset\Vehicles\0633.jpg,True,م ه م٦٦٦,327,774,540,888,results\plates\plate_0633.jpg,0.99,1.0
0634.jpg,D:\GP\EALPR Vechicles dataset\Vehicles\0634.jpg,True,ي١,396,475,485,524,results\plates\plate_0634.jpg,0.89,1.0
0635.jpg,D:\GP\EALPR Vechicles dataset\Vehicles\0635.jpg,True,ج و٩٥٣١,130,106,198,138,results\plates\plate_0635.jpg,0.87,1.0
0636.jpg,D:\GP\EALPR Vechicles dataset\Vehicles\0636.jpg,True,م ف ف٤٥٣,362,643,518,712,results\plates\plate_0636.jpg,0.88,1.0
0637.jpg,D:\GP\EALPR Vechicles dataset\Vehicles\0637.jpg,True,أ ر٤٤٤٤,282,608,445,686,results\plates\plate_0637.jpg,0.94,1.0
0638.jpg,D:\GP\EALPR Vechicles dataset\Vehicles\0638.jpg,True,س ع د٥,358,676,479,741,results\plates\plate_0638.jpg,0.95,1.0
0639.jpg,D:\GP\EALPR Vechicles dataset\Vehicles\0639.jpg,True,ق ن٧٢٥٨,106,420,174,458,results\plates\plate_0639.jpg,1.02,1.0
0640.jpg,D:\GP\EALPR Vechicles dataset\Vehicles\0640.jpg,True,ق ل ق٧٧٧٧,296,327,388,375,results\plates\plate_0640.jpg,1.04,1.0
0641.jpg,D:\GP\EALPR Vechicles dataset\Vehicles\0641.jpg,True,ر أ ط٥١٦٤,221,351,529,506,results\plates\plate_0641.jpg,0.97,1.0
0642.jpg,D:\GP\EALPR Vechicles dataset\Vehicles\0642.jpg,True,ر أ ط٥١٦٤,306,675,473,759,results\plates\plate_0642.jpg,0.93,1.0
0643.jpg,D:\GP\EALPR Vechicles dataset\Vehicles\0643.jpg,True,د ط ع٨٥٢٣,315,357,403,403,results\plates\plate_0643.jpg,0.92,1.0
0644.jpg,D:\GP\EALPR Vechicles dataset\Vehicles\0644.jpg,True,ب ط ل١١١,389,400,625,521,results\plates\plate_0644.jpg,0.88,1.0
0645.jpg,D:\GP\EALPR Vechicles dataset\Vehicles\0645.jpg,True,د أ ع٥٧٤٩,399,575,622,671,results\plates\plate_0645.jpg,0.93,1.0
0646.jpg,D:\GP\EALPR Vechicles dataset\Vehicles\0646.jpg,True,س ج ر٩٨٢,259,686,436,753,results\plates\plate_0646.jpg,0.91,1.0
0647.jpg,D:\GP\EALPR Vechicles dataset\Vehicles\0647.jpg,True,م م٥٥٥٥,448,651,662,765,results\plates\plate_0647.jpg,0.99,1.0
0648.jpg,D:\GP\EALPR Vechicles dataset\Vehicles\0648.jpg,True,ط ن٤٦٨٣,380,626,521,719,results\plates\plate_0648.jpg,0.87,1.0
0649.jpg,D:\GP\EALPR Vechicles dataset\Vehicles\0649.jpg,True,س ج ر٩٨٢,255,646,392,700,results\plates\plate_0649.jpg,0.92,1.0
0650.jpg,D:\GP\EALPR Vechicles dataset\Vehicles\0650.jpg,True,ر١١١,10,348,324,496,results\plates\plate_0650.jpg,0.95,1.0
0651.jpg,D:\GP\EALPR Vechicles dataset\Vehicles\0651.jpg,True,ي١,412,448,466,476,results\plates\plate_0651.jpg,0.96,1.0
0652.jpg,D:\GP\EALPR Vechicles dataset\Vehicles\0652.jpg,True,ب ب ب٨٨٨٨,346,395,542,497,results\plates\plate_0652.jpg,1.01,1.0
0653.jpg,D:\GP\EALPR Vechicles dataset\Vehicles\0653.jpg,True,ب و ص٥٥٥٥,284,466,415,534,results\plates\plate_0653.jpg,0.93,1.0
0654.jpg,D:\GP\EALPR Vechicles dataset\Vehicles\0654.jpg,True,ن ج م١,370,329,476,383,results\plates\plate_0654.jpg,1.07,1.0
0655.jpg,D:\GP\EALPR Vechicles dataset\Vehicles\0655.jpg,True,ع ع١,365,483,553,581,results\plates\plate_0655.jpg,0.97,1.0
0656.jpg,D:\GP\EALPR Vechicles dataset\Vehicles\0656.jpg,True,و أ و٥٥٥,367,555,488,616,results\plates\plate_0656.jpg,0.96,1.0
0657.jpg,D:\GP\EALPR Vechicles dataset\Vehicles\0657.jpg,True,ع د ل٢٢٢٢,330,418,508,507,results\plates\plate_0657.jpg,0.94,1.0
0658.jpg,D:\GP\EALPR Vechicles dataset\Vehicles\0658.jpg,True,ب ل٥٥٥٥,351,669,588,787,results\plates\plate_0658.jpg,1.05,1.0
0659.jpg,D:\GP\EALPR Vechicles dataset\Vehicles\0659.jpg,True,ف١١,406,672,553,740,results\plates\plate_0659.jpg,0.91,1.0
0660.jpg,D:\GP\EALPR Vechicles dataset\Vehicles\0660.jpg,True,م ر٦٦٦٦,306,440,419,498,results\plates\plate_0660.jpg,1.05,1.0
0661.jpg,D:\GP\EALPR Vechicles dataset\Vehicles\0661.jpg,True,س س س١,272,618,496,735,results\plates\plate_0661.jpg,0.95,1.0
0662.jpg,D:\GP\EALPR Vechicles dataset\Vehicles\0662.jpg,True,د م١,340,614,485,689,results\plates\plate_0662.jpg,1.03,1.0
0663.jpg,D:\GP\EALPR Vechicles dataset\Vehicles\0663.jpg,True,م ع١,343,606,516,682,results\plates\plate_0663.jpg,0.99,1.0
0664.jpg,D:\GP\EALPR Vechicles dataset\Vehicles\0664.jpg,True,ق و ي٨٨٨٨,409,692,638,808,results\plates\plate_0664.jpg,1.01,1.0
0665.jpg,D:\GP\EALPR Vechicles dataset\Vehicles\0665.jpg,True,ر م أ أ ب٩٥٩٧,362,485,534,581,results\plates\plate_0665.jpg,1.04,1.0
0666.jpg,D:\GP\EALPR Vechicles dataset\Vehicles\0666.jpg,True,ط١,437,353,594,450,results\plates\plate_0666.jpg,1.02,1.0
0667.jpg,D:\GP\EALPR Vechicles dataset\Vehicles\0667.jpg,True,م م ج١,388,516,576,609,results\plates\plate_0667.jpg,1.11,1.0
0668.jpg,D:\GP\EALPR Vechicles dataset\Vehicles\0668.jpg,True,ن أ ر١١١١,439,652,580,724,results\plates\plate_0668.jpg,1.02,1.0
0669.jpg,D:\GP\EALPR Vechicles dataset\Vehicles\0669.jpg,True,س٥٥,301,747,486,822,results\plates\plate_0669.jpg,0.99,1.0
0670.jpg,D:\GP\EALPR Vechicles dataset\Vehicles\0670.jpg,True,س س١,294,422,463,509,results\plates\plate_0670.jpg,1.00,1.0
0671.jpg,D:\GP\EALPR Vechicles dataset\Vehicles\0671.jpg,True,م ن ص٦٦٦٦,381,612,626,738,results\plates\plate_0671.jpg,1.02,1.0
0672.jpg,D:\GP\EALPR Vechicles dataset\Vehicles\0672.jpg,True,أ٩,368,533,599,649,results\plates\plate_0672.jpg,1.09,1.0
0673.jpg,D:\GP\EALPR Vechicles dataset\Vehicles\0673.jpg,True,و ج د١١١,177,560,261,607,results\plates\plate_0673.jpg,1.03,1.0
0674.jpg,D:\GP\EALPR Vechicles dataset\Vehicles\0674.jpg,True,س ص١,262,377,435,465,results\plates\plate_0674.jpg,0.92,1.0
0675.jpg,D:\GP\EALPR Vechicles dataset\Vehicles\0675.jpg,True,ي١,213,455,363,534,results\plates\plate_0675.jpg,0.95,1.0
0676.jpg,D:\GP\EALPR Vechicles dataset\Vehicles\0676.jpg,True,أ١١١,508,535,621,595,results\plates\plate_0676.jpg,1.06,1.0
0677.jpg,D:\GP\EALPR Vechicles dataset\Vehicles\0677.jpg,True,أ٧٧٧,278,420,457,516,results\plates\plate_0677.jpg,1.01,1.0
0678.jpg,D:\GP\EALPR Vechicles dataset\Vehicles\0678.jpg,True,و و و٤٤٤٤,370,516,564,612,results\plates\plate_0678.jpg,1.02,1.0
0679.jpg,D:\GP\EALPR Vechicles dataset\Vehicles\0679.jpg,True,أ د م١١١١,560,466,775,576,results\plates\plate_0679.jpg,1.26,1.0
0680.jpg,D:\GP\EALPR Vechicles dataset\Vehicles\0680.jpg,True,ط ي ب٦٦٦٦,375,533,596,638,results\plates\plate_0680.jpg,0.89,1.0
0681.jpg,D:\GP\EALPR Vechicles dataset\Vehicles\0681.jpg,True,م ي ر أ١,324,432,413,481,results\plates\plate_0681.jpg,1.04,1.0
0682.jpg,D:\GP\EALPR Vechicles dataset\Vehicles\0682.jpg,True,أ ه م٤٤٤٤,781,554,973,650,results\plates\plate_0682.jpg,1.01,1.0
0683.jpg,D:\GP\EALPR Vechicles dataset\Vehicles\0683.jpg,True,د د و١,491,339,699,444,results\plates\plate_0683.jpg,1.15,1.0
0684.jpg,D:\GP\EALPR Vechicles dataset\Vehicles\0684.jpg,True,س م و٥٥٥,317,389,416,435,results\plates\plate_0684.jpg,1.55,1.0
0685.jpg,D:\GP\EALPR Vechicles dataset\Vehicles\0685.jpg,True,ج ب ل٧٧٧,363,511,481,571,results\plates\plate_0685.jpg,1.14,1.0
0686.jpg,D:\GP\EALPR Vechicles dataset\Vehicles\0686.jpg,True,ف ر س٦٦٦,136,385,342,490,results\plates\plate_0686.jpg,1.19,1.0
0687.jpg,D:\GP\EALPR Vechicles dataset\Vehicles\0687.jpg,True,أ س د٩,348,684,591,807,results\plates\plate_0687.jpg,1.30,1.0
0688.jpg,D:\GP\EALPR Vechicles dataset\Vehicles\0688.jpg,True,م١٢,572,675,736,768,results\plates\plate_0688.jpg,1.09,1.0
0689.jpg,D:\GP\EALPR Vechicles dataset\Vehicles\0689.jpg,True,و و و٤٤٤٤,150,193,872,576,results\plates\plate_0689.jpg,1.00,1.0
0690.jpg,D:\GP\EALPR Vechicles dataset\Vehicles\0690.jpg,True,م ص ر٧٧٧,462,343,649,449,results\plates\plate_0690.jpg,1.38,1.0
0691.jpg,D:\GP\EALPR Vechicles dataset\Vehicles\0691.jpg,True,ج ب ل٦٦٦٦,339,155,547,267,results\plates\plate_0691.jpg,0.90,1.0
0692.jpg,D:\GP\EALPR Vechicles dataset\Vehicles\0692.jpg,True,س١١,471,413,588,497,results\plates\plate_0692.jpg,1.21,1.0
0693.jpg,D:\GP\EALPR Vechicles dataset\Vehicles\0693.jpg,True,ج ج ج١,317,692,452,772,results\plates\plate_0693.jpg,1.11,1.0
0694.jpg,D:\GP\EALPR Vechicles dataset\Vehicles\0694.jpg,True,ب و ب٥٥٥٥,528,464,669,539,results\plates\plate_0694.jpg,1.69,1.0
0695.jpg,D:\GP\EALPR Vechicles dataset\Vehicles\0695.jpg,True,ل و ل١١١,567,390,665,454,results\plates\plate_0695.jpg,1.61,1.0
0696.jpg,D:\GP\EALPR Vechicles dataset\Vehicles\0696.jpg,True,ر ع ب١,195,266,362,348,results\plates\plate_0696.jpg,2.97,1.0
0697.jpg,D:\GP\EALPR Vechicles dataset\Vehicles\0697.jpg,True,ه أ م٧٧٧,341,161,621,308,results\plates\plate_0697.jpg,2.36,1.0
0698.jpg,D:\GP\EALPR Vechicles dataset\Vehicles\0698.jpg,True,ي ي ي٢٢٢٢,445,712,636,817,results\plates\plate_0698.jpg,1.46,1.0
0699.jpg,D:\GP\EALPR Vechicles dataset\Vehicles\0699.jpg,True,و١,277,251,399,313,results\plates\plate_0699.jpg,2.01,1.0
0700.jpg,D:\GP\EALPR Vechicles dataset\Vehicles\0700.jpg,True,و و و٤٤٤٤,349,673,600,803,results\plates\plate_0700.jpg,1.27,1.0
0701.jpg,D:\GP\EALPR Vechicles dataset\Vehicles\0701.jpg,True,س س١,383,363,557,454,results\plates\plate_0701.jpg,1.24,1.0
0702.jpg,D:\GP\EALPR Vechicles dataset\Vehicles\0702.jpg,True,أ د م٦٦٦٦,301,291,459,375,results\plates\plate_0702.jpg,1.29,1.0
0703.jpg,D:\GP\EALPR Vechicles dataset\Vehicles\0703.jpg,True,س س١,349,257,427,299,results\plates\plate_0703.jpg,1.14,1.0
0704.jpg,D:\GP\EALPR Vechicles dataset\Vehicles\0704.jpg,True,أ ه م٥٥٥٥,290,288,435,364,results\plates\plate_0704.jpg,1.23,1.0
0705.jpg,D:\GP\EALPR Vechicles dataset\Vehicles\0705.jpg,True,ف ف١١١١,433,355,575,426,results\plates\plate_0705.jpg,0.99,1.0
0706.jpg,D:\GP\EALPR Vechicles dataset\Vehicles\0706.jpg,True,س س س٨٨٨٨,249,269,422,361,results\plates\plate_0706.jpg,1.09,1.0
0707.jpg,D:\GP\EALPR Vechicles dataset\Vehicles\0707.jpg,True,ق ق٩٩٩٩,430,374,588,455,results\plates\plate_0707.jpg,1.17,1.0
0708.jpg,D:\GP\EALPR Vechicles dataset\Vehicles\0708.jpg,True,ه١,231,169,429,280,results\plates\plate_0708.jpg,1.07,1.0
0709.jpg,D:\GP\EALPR Vechicles dataset\Vehicles\0709.jpg,True,س س س١١١١,165,474,309,559,results\plates\plate_0709.jpg,1.16,1.0
0710.jpg,D:\GP\EALPR Vechicles dataset\Vehicles\0710.jpg,True,د١,177,125,488,290,results\plates\plate_0710.jpg,1.06,1.0
0711.jpg,D:\GP\EALPR Vechicles dataset\Vehicles\0711.jpg,True,و و و٤٤٤٤,355,717,610,850,results\plates\plate_0711.jpg,1.02,1.0
0712.jpg,D:\GP\EALPR Vechicles dataset\Vehicles\0712.jpg,True,س١١,358,258,510,346,results\plates\plate_0712.jpg,1.10,1.0
0713.jpg,D:\GP\EALPR Vechicles dataset\Vehicles\0713.jpg,True,و١١,276,379,371,430,results\plates\plate_0713.jpg,1.05,1.0
0714.jpg,D:\GP\EALPR Vechicles dataset\Vehicles\0714.jpg,True,و و٦٦٦٦,367,274,501,346,results\plates\plate_0714.jpg,1.07,1.0
0715.jpg,D:\GP\EALPR Vechicles dataset\Vehicles\0715.jpg,True,أ١,284,504,385,562,results\plates\plate_0715.jpg,1.06,1.0
0716.jpg,D:\GP\EALPR Vechicles dataset\Vehicles\0716.jpg,True,ج م ل٩٩٩,179,170,389,275,results\plates\plate_0716.jpg,1.11,1.0
0717.jpg,D:\GP\EALPR Vechicles dataset\Vehicles\0717.jpg,True,أ ط٦٦٦٦,560,811,771,933,results\plates\plate_0717.jpg,0.99,1.0
0718.jpg,D:\GP\EALPR Vechicles dataset\Vehicles\0718.jpg,True,و و و١٢٣٤,356,170,505,253,results\plates\plate_0718.jpg,1.04,1.0
0719.jpg,D:\GP\EALPR Vechicles dataset\Vehicles\0719.jpg,True,ص ص٢٢٢٢,87,439,174,502,results\plates\plate_0719.jpg,1.03,1.0
0720.jpg,D:\GP\EALPR Vechicles dataset\Vehicles\0720.jpg,True,ع ع١,173,488,448,631,results\plates\plate_0720.jpg,1.13,1.0
0721.jpg,D:\GP\EALPR Vechicles dataset\Vehicles\0721.jpg,True,و و و٤٤٤٤,333,763,567,861,results\plates\plate_0721.jpg,0.96,1.0
0722.jpg,D:\GP\EALPR Vechicles dataset\Vehicles\0722.jpg,True,م م م١,334,257,516,352,results\plates\plate_0722.jpg,1.17,1.0
0723.jpg,D:\GP\EALPR Vechicles dataset\Vehicles\0723.jpg,True,أ٨,317,371,459,442,results\plates\plate_0723.jpg,1.66,1.0
0724.jpg,D:\GP\EALPR Vechicles dataset\Vehicles\0724.jpg,True,س ي ف١,291,304,422,371,results\plates\plate_0724.jpg,2.16,1.0
0725.jpg,D:\GP\EALPR Vechicles dataset\Vehicles\0725.jpg,True,ه١,302,293,412,350,results\plates\plate_0725.jpg,2.35,1.0
0726.jpg,D:\GP\EALPR Vechicles dataset\Vehicles\0726.jpg,True,ه ي أ٧٧٧,280,167,442,250,results\plates\plate_0726.jpg,1.41,1.0
0727.jpg,D:\GP\EALPR Vechicles dataset\Vehicles\0727.jpg,True,أ س د١,170,324,311,403,results\plates\plate_0727.jpg,1.81,1.0
0728.jpg,D:\GP\EALPR Vechicles dataset\Vehicles\0728.jpg,True,م ط ر٦٦٦,165,403,253,462,results\plates\plate_0728.jpg,1.31,1.0
0729.jpg,D:\GP\EALPR Vechicles dataset\Vehicles\0729.jpg,True,م ه م٦٦,232,749,427,847,results\plates\plate_0729.jpg,1.22,1.0
0730.jpg,D:\GP\EALPR Vechicles dataset\Vehicles\0730.jpg,True,أ ر٤٤٤٤,528,632,672,712,results\plates\plate_0730.jpg,1.04,1.0
0731.jpg,D:\GP\EALPR Vechicles dataset\Vehicles\0731.jpg,True,ن ج م٦٦٦٦,302,542,472,613,results\plates\plate_0731.jpg,1.26,1.0
0732.jpg,D:\GP\EALPR Vechicles dataset\Vehicles\0732.jpg,True,ق١,273,314,397,377,results\plates\plate_0732.jpg,1.78,1.0
0733.jpg,D:\GP\EALPR Vechicles dataset\Vehicles\0733.jpg,True,ه س١١١١,330,470,465,539,results\plates\plate_0733.jpg,1.68,1.0
0734.jpg,D:\GP\EALPR Vechicles dataset\Vehicles\0734.jpg,True,ن س ر١٦٦٦,304,630,492,721,results\plates\plate_0734.jpg,1.46,1.0
0735.jpg,D:\GP\EALPR Vechicles dataset\Vehicles\0735.jpg,True,ص ق ر٩٩٩٩,267,429,346,470,results\plates\plate_0735.jpg,1.89,1.0
0736.jpg,D:\GP\EALPR Vechicles dataset\Vehicles\0736.jpg,True,ف ف١١١١,432,355,575,427,results\plates\plate_0736.jpg,1.05,1.0
0737.jpg,D:\GP\EALPR Vechicles dataset\Vehicles\0737.jpg,True,أ ع١,379,465,600,582,results\plates\plate_0737.jpg,1.65,1.0
0738.jpg,D:\GP\EALPR Vechicles dataset\Vehicles\0738.jpg,True,أ ع١,433,815,684,938,results\plates\plate_0738.jpg,1.79,1.0
0739.jpg,D:\GP\EALPR Vechicles dataset\Vehicles\0739.jpg,True,أ ع١,442,726,682,845,results\plates\plate_0739.jpg,1.92,1.0
0740.jpg,D:\GP\EALPR Vechicles dataset\Vehicles\0740.jpg,True,أ ع١,410,746,567,829,results\plates\plate_0740.jpg,1.87,1.0
0741.jpg,D:\GP\EALPR Vechicles dataset\Vehicles\0741.jpg,True,أ ع١,492,658,739,797,results\plates\plate_0741.jpg,1.68,1.0
0742.jpg,D:\GP\EALPR Vechicles dataset\Vehicles\0742.jpg,True,أ أ أ٨٨٨,213,250,289,291,results\plates\plate_0742.jpg,1.41,1.0
0743.jpg,D:\GP\EALPR Vechicles dataset\Vehicles\0743.jpg,True,ه١,424,346,618,447,results\plates\plate_0743.jpg,1.56,1.0
0744.jpg,D:\GP\EALPR Vechicles dataset\Vehicles\0744.jpg,True,ه١,461,476,726,616,results\plates\plate_0744.jpg,1.16,1.0
0745.jpg,D:\GP\EALPR Vechicles dataset\Vehicles\0745.jpg,True,ه١,302,424,391,475,results\plates\plate_0745.jpg,1.42,1.0
0746.jpg,D:\GP\EALPR Vechicles dataset\Vehicles\0746.jpg,True,ه١,510,527,694,621,results\plates\plate_0746.jpg,1.21,1.0
0747.jpg,D:\GP\EALPR Vechicles dataset\Vehicles\0747.jpg,True,ه١,323,300,450,367,results\plates\plate_0747.jpg,1.27,1.0
0748.jpg,D:\GP\EALPR Vechicles dataset\Vehicles\0748.jpg,True,أ ه م٥٥٥,252,269,372,330,results\plates\plate_0748.jpg,1.13,1.0
0749.jpg,D:\GP\EALPR Vechicles dataset\Vehicles\0749.jpg,True,أ ه م٥٥٥,377,316,495,393,results\plates\plate_0749.jpg,1.12,1.0
0750.jpg,D:\GP\EALPR Vechicles dataset\Vehicles\0750.jpg,True,س س١,454,489,619,581,results\plates\plate_0750.jpg,1.08,1.0
0751.jpg,D:\GP\EALPR Vechicles dataset\Vehicles\0751.jpg,True,و ل د٦٦٦٦,421,609,655,726,results\plates\plate_0751.jpg,1.10,1.0
0752.jpg,D:\GP\EALPR Vechicles dataset\Vehicles\0752.jpg,True,س س١,267,455,391,522,results\plates\plate_0752.jpg,1.14,1.0
0753.jpg,D:\GP\EALPR Vechicles dataset\Vehicles\0753.jpg,True,س س١,431,452,539,510,results\plates\plate_0753.jpg,1.05,1.0
0754.jpg,D:\GP\EALPR Vechicles dataset\Vehicles\0754.jpg,True,م ص ر١,432,611,621,697,results\plates\plate_0754.jpg,1.06,1.0
0755.jpg,D:\GP\EALPR Vechicles dataset\Vehicles\0755.jpg,True,م ص ر١,553,653,805,792,results\plates\plate_0755.jpg,1.08,1.0
0756.jpg,D:\GP\EALPR Vechicles dataset\Vehicles\0756.jpg,True,س س س٧٧٧٤,253,451,406,543,results\plates\plate_0756.jpg,1.08,1.0
0757.jpg,D:\GP\EALPR Vechicles dataset\Vehicles\0757.jpg,True,ج م ي١١١,205,541,559,688,results\plates\plate_0757.jpg,0.94,1.0
0758.jpg,D:\GP\EALPR Vechicles dataset\Vehicles\0758.jpg,True,س س٢٢٢٢,281,277,388,334,results\plates\plate_0758.jpg,1.36,1.0
0759.jpg,D:\GP\EALPR Vechicles dataset\Vehicles\0759.jpg,True,ع ع٤,596,605,739,699,results\plates\plate_0759.jpg,1.19,1.0
0760.jpg,D:\GP\EALPR Vechicles dataset\Vehicles\0760.jpg,True,د د د١١١,213,662,365,751,results\plates\plate_0760.jpg,1.37,1.0
0761.jpg,D:\GP\EALPR Vechicles dataset\Vehicles\0761.jpg,True,ر و ق٦٦٦٦,139,422,283,504,results\plates\plate_0761.jpg,1.16,1.0
0762.jpg,D:\GP\EALPR Vechicles dataset\Vehicles\0762.jpg,True,د ف ل٦٦٦,125,293,223,350,results\plates\plate_0762.jpg,1.23,1.0
0763.jpg,D:\GP\EALPR Vechicles dataset\Vehicles\0763.jpg,True,م١,643,266,767,353,results\plates\plate_0763.jpg,2.31,1.0
0764.jpg,D:\GP\EALPR Vechicles dataset\Vehicles\0764.jpg,True,م ط ر٦٦٦,162,306,299,389,results\plates\plate_0764.jpg,2.45,1.0
0765.jpg,D:\GP\EALPR Vechicles dataset\Vehicles\0765.jpg,True,ج ن ن٦٦٦,475,255,537,288,results\plates\plate_0765.jpg,2.95,1.0
0766.jpg,D:\GP\EALPR Vechicles dataset\Vehicles\0766.jpg,True,ن ج م٣٣٣٣,362,568,501,634,results\plates\plate_0766.jpg,2.63,1.0
0767.jpg,D:\GP\EALPR Vechicles dataset\Vehicles\0767.jpg,True,ج ن ن٦٦٦,447,796,588,870,results\plates\plate_0767.jpg,1.63,1.0
0768.jpg,D:\GP\EALPR Vechicles dataset\Vehicles\0768.jpg,True,ج ن ن٦٦٦,289,487,391,537,results\plates\plate_0768.jpg,1.64,1.0
0769.jpg,D:\GP\EALPR Vechicles dataset\Vehicles\0769.jpg,True,س س س١٩٩١,363,606,529,676,results\plates\plate_0769.jpg,1.89,1.0
0770.jpg,D:\GP\EALPR Vechicles dataset\Vehicles\0770.jpg,True,ه س١١١١,222,434,338,499,results\plates\plate_0770.jpg,2.41,1.0
0771.jpg,D:\GP\EALPR Vechicles dataset\Vehicles\0771.jpg,True,ه س١١١١,330,472,465,540,results\plates\plate_0771.jpg,2.46,1.0
0772.jpg,D:\GP\EALPR Vechicles dataset\Vehicles\0772.jpg,True,أ أ١,240,406,357,467,results\plates\plate_0772.jpg,1.86,1.0
0773.jpg,D:\GP\EALPR Vechicles dataset\Vehicles\0773.jpg,True,أ١,284,505,385,562,results\plates\plate_0773.jpg,3.80,1.0
0774.jpg,D:\GP\EALPR Vechicles dataset\Vehicles\0774.jpg,True,ن ج م٦٦٦٦,302,366,435,434,results\plates\plate_0774.jpg,5.61,1.0
0775.jpg,D:\GP\EALPR Vechicles dataset\Vehicles\0775.jpg,True,ن و ر٣,260,391,343,435,results\plates\plate_0775.jpg,3.33,1.0
0776.jpg,D:\GP\EALPR Vechicles dataset\Vehicles\0776.jpg,True,ج م ي١١١,399,295,506,352,results\plates\plate_0776.jpg,3.36,1.0
0777.jpg,D:\GP\EALPR Vechicles dataset\Vehicles\0777.jpg,True,ن ج م٦٦٦٦,301,542,472,613,results\plates\plate_0777.jpg,3.54,1.0
0778.jpg,D:\GP\EALPR Vechicles dataset\Vehicles\0778.jpg,True,ن ج م٦٦٦٦,254,505,369,563,results\plates\plate_0778.jpg,2.73,1.0
0779.jpg,D:\GP\EALPR Vechicles dataset\Vehicles\0779.jpg,True,م م م٤٤٤٤,283,330,426,403,results\plates\plate_0779.jpg,2.24,1.0
0780.jpg,D:\GP\EALPR Vechicles dataset\Vehicles\0780.jpg,True,م م م٤٤٤٤,261,467,412,539,results\plates\plate_0780.jpg,2.37,1.0
0781.jpg,D:\GP\EALPR Vechicles dataset\Vehicles\0781.jpg,True,أ س د١,170,324,311,403,results\plates\plate_0781.jpg,2.97,1.0
0782.jpg,D:\GP\EALPR Vechicles dataset\Vehicles\0782.jpg,True,أ س د١,207,812,520,972,results\plates\plate_0782.jpg,2.78,1.0
0783.jpg,D:\GP\EALPR Vechicles dataset\Vehicles\0783.jpg,True,ه١,266,330,354,377,results\plates\plate_0783.jpg,1.89,1.0
0784.jpg,D:\GP\EALPR Vechicles dataset\Vehicles\0784.jpg,True,ه١,302,293,412,350,results\plates\plate_0784.jpg,2.28,1.0
0785.jpg,D:\GP\EALPR Vechicles dataset\Vehicles\0785.jpg,True,ع٥٥,412,639,556,714,results\plates\plate_0785.jpg,2.56,1.0
0786.jpg,D:\GP\EALPR Vechicles dataset\Vehicles\0786.jpg,True,ه١,435,225,527,278,results\plates\plate_0786.jpg,2.55,1.0
0787.jpg,D:\GP\EALPR Vechicles dataset\Vehicles\0787.jpg,True,ج م ي١١١,386,281,555,369,results\plates\plate_0787.jpg,3.66,1.0
0788.jpg,D:\GP\EALPR Vechicles dataset\Vehicles\0788.jpg,True,د ف ل٦٦٦,310,417,465,486,results\plates\plate_0788.jpg,3.97,1.0
0789.jpg,D:\GP\EALPR Vechicles dataset\Vehicles\0789.jpg,True,د ف ل٦٦٦,250,397,370,463,results\plates\plate_0789.jpg,2.24,1.0
0790.jpg,D:\GP\EALPR Vechicles dataset\Vehicles\0790.jpg,True,د ف ل٦٦٦,241,392,379,452,results\plates\plate_0790.jpg,2.05,1.0
0791.jpg,D:\GP\EALPR Vechicles dataset\Vehicles\0791.jpg,True,د ف ل٦٦٦,158,354,251,404,results\plates\plate_0791.jpg,2.50,1.0
0792.jpg,D:\GP\EALPR Vechicles dataset\Vehicles\0792.jpg,True,د ف ل٦٦٦,235,360,433,458,results\plates\plate_0792.jpg,1.63,1.0
0793.jpg,D:\GP\EALPR Vechicles dataset\Vehicles\0793.jpg,True,د ف ل٦٦٦,226,218,361,283,results\plates\plate_0793.jpg,1.65,1.0
0794.jpg,D:\GP\EALPR Vechicles dataset\Vehicles\0794.jpg,True,د١,207,358,306,410,results\plates\plate_0794.jpg,1.66,1.0
0795.jpg,D:\GP\EALPR Vechicles dataset\Vehicles\0795.jpg,True,د١,239,347,346,404,results\plates\plate_0795.jpg,1.53,1.0
0796.jpg,D:\GP\EALPR Vechicles dataset\Vehicles\0796.jpg,True,ق ل ق١١١١,523,843,697,936,results\plates\plate_0796.jpg,1.36,1.0
0797.jpg,D:\GP\EALPR Vechicles dataset\Vehicles\0797.jpg,True,د١,217,197,326,253,results\plates\plate_0797.jpg,1.71,1.0
0798.jpg,D:\GP\EALPR Vechicles dataset\Vehicles\0798.jpg,True,د١,280,274,386,329,results\plates\plate_0798.jpg,1.55,1.0
0799.jpg,D:\GP\EALPR Vechicles dataset\Vehicles\0799.jpg,True,ن د ر١١١,787,359,906,437,results\plates\plate_0799.jpg,1.53,1.0
0800.jpg,D:\GP\EALPR Vechicles dataset\Vehicles\0800.jpg,True,د١,246,285,349,344,results\plates\plate_0800.jpg,1.60,1.0
0801.jpg,D:\GP\EALPR Vechicles dataset\Vehicles\0801.jpg,True,د١,326,149,437,205,results\plates\plate_0801.jpg,1.85,1.0
0802.jpg,D:\GP\EALPR Vechicles dataset\Vehicles\0802.jpg,True,دأ ١,142,432,196,466,results\plates\plate_0802.jpg,1.52,1.0
0803.jpg,D:\GP\EALPR Vechicles dataset\Vehicles\0803.jpg,True,د١,467,547,595,614,results\plates\plate_0803.jpg,1.88,1.0
0804.jpg,D:\GP\EALPR Vechicles dataset\Vehicles\0804.jpg,True,د١,331,765,478,842,results\plates\plate_0804.jpg,2.21,1.0
0805.jpg,D:\GP\EALPR Vechicles dataset\Vehicles\0805.jpg,True,م م م١,294,380,442,452,results\plates\plate_0805.jpg,1.38,1.0
0806.jpg,D:\GP\EALPR Vechicles dataset\Vehicles\0806.jpg,True,و١,180,185,276,235,results\plates\plate_0806.jpg,1.63,1.0
0807.jpg,D:\GP\EALPR Vechicles dataset\Vehicles\0807.jpg,True,و١,273,251,396,313,results\plates\plate_0807.jpg,1.47,1.0
0808.jpg,D:\GP\EALPR Vechicles dataset\Vehicles\0808.jpg,True,و ق٦٦٦,831,351,873,376,results\plates\plate_0808.jpg,1.29,1.0
0809.jpg,D:\GP\EALPR Vechicles dataset\Vehicles\0809.jpg,True,ر و ق٦٦٦٦,337,366,411,403,results\plates\plate_0809.jpg,1.86,1.0
0810.jpg,D:\GP\EALPR Vechicles dataset\Vehicles\0810.jpg,True,و ط ن٣٣٣,400,603,596,701,results\plates\plate_0810.jpg,1.99,1.0
0811.jpg,D:\GP\EALPR Vechicles dataset\Vehicles\0811.jpg,True,أ م٨٨٨٨,589,651,717,713,results\plates\plate_0811.jpg,1.44,1.0
0812.jpg,D:\GP\EALPR Vechicles dataset\Vehicles\0812.jpg,True,م ع٩٩٩٩,345,599,460,664,results\plates\plate_0812.jpg,1.57,1.0
0813.jpg,D:\GP\EALPR Vechicles dataset\Vehicles\0813.jpg,True,و١١,232,411,370,486,results\plates\plate_0813.jpg,1.20,1.0
0814.jpg,D:\GP\EALPR Vechicles dataset\Vehicles\0814.jpg,True,و١١,8,258,138,339,results\plates\plate_0814.jpg,1.36,1.0
0815.jpg,D:\GP\EALPR Vechicles dataset\Vehicles\0815.jpg,True,ن د ر١١١,445,261,627,353,results\plates\plate_0815.jpg,1.15,1.0
0816.jpg,D:\GP\EALPR Vechicles dataset\Vehicles\0816.jpg,True,و١١,383,429,528,502,results\plates\plate_0816.jpg,1.11,1.0
0817.jpg,D:\GP\EALPR Vechicles dataset\Vehicles\0817.jpg,True,م ص ر١,394,391,535,464,results\plates\plate_0817.jpg,1.34,1.0
0818.jpg,D:\GP\EALPR Vechicles dataset\Vehicles\0818.jpg,True,م ص ر١,373,275,451,321,results\plates\plate_0818.jpg,1.40,1.0
0819.jpg,D:\GP\EALPR Vechicles dataset\Vehicles\0819.jpg,True,ي ي ي٥٥٦٦,268,472,363,519,results\plates\plate_0819.jpg,1.72,1.0
0820.jpg,D:\GP\EALPR Vechicles dataset\Vehicles\0820.jpg,True,و ل ع٦٦٦,424,183,534,241,results\plates\plate_0820.jpg,1.49,1.0
0821.jpg,D:\GP\EALPR Vechicles dataset\Vehicles\0821.jpg,True,و ل ع٦٦٦,433,403,644,512,results\plates\plate_0821.jpg,1.99,1.0
0822.jpg,D:\GP\EALPR Vechicles dataset\Vehicles\0822.jpg,True,أ د م٦٦٦٦,245,317,393,394,results\plates\plate_0822.jpg,1.55,1.0
0823.jpg,D:\GP\EALPR Vechicles dataset\Vehicles\0823.jpg,True,أ ه م٥٥٥٥,290,288,435,364,results\plates\plate_0823.jpg,2.02,1.0
0824.jpg,D:\GP\EALPR Vechicles dataset\Vehicles\0824.jpg,True,أ د م٦٦٦٦,300,291,459,375,results\plates\plate_0824.jpg,1.37,1.0
0825.jpg,D:\GP\EALPR Vechicles dataset\Vehicles\0825.jpg,True,ج ب ل١١١١,266,450,380,509,results\plates\plate_0825.jpg,1.33,1.0
0826.jpg,D:\GP\EALPR Vechicles dataset\Vehicles\0826.jpg,True,س س١,278,204,340,238,results\plates\plate_0826.jpg,1.06,1.0
0827.jpg,D:\GP\EALPR Vechicles dataset\Vehicles\0827.jpg,True,س س١,383,363,557,454,results\plates\plate_0827.jpg,1.29,1.0
0828.jpg,D:\GP\EALPR Vechicles dataset\Vehicles\0828.jpg,True,ه١,150,251,219,290,results\plates\plate_0828.jpg,1.23,1.0
0829.jpg,D:\GP\EALPR Vechicles dataset\Vehicles\0829.jpg,True,م ي م٢٢٢٢,442,891,663,999,results\plates\plate_0829.jpg,1.27,1.0
0830.jpg,D:\GP\EALPR Vechicles dataset\Vehicles\0830.jpg,True,ه١,397,216,497,272,results\plates\plate_0830.jpg,1.88,1.0
0831.jpg,D:\GP\EALPR Vechicles dataset\Vehicles\0831.jpg,True,ه١,231,169,430,280,results\plates\plate_0831.jpg,2.07,1.0
0832.jpg,D:\GP\EALPR Vechicles dataset\Vehicles\0832.jpg,True,م ط ر٦٦٦,162,306,299,389,results\plates\plate_0832.jpg,2.43,1.0
0833.jpg,D:\GP\EALPR Vechicles dataset\Vehicles\0833.jpg,True,د١,440,397,667,517,results\plates\plate_0833.jpg,2.28,1.0
0834.jpg,D:\GP\EALPR Vechicles dataset\Vehicles\0834.jpg,True,د١,181,403,403,516,results\plates\plate_0834.jpg,1.41,1.0
0835.jpg,D:\GP\EALPR Vechicles dataset\Vehicles\0835.jpg,True,ع س ل٥١٥١,357,576,504,650,results\plates\plate_0835.jpg,1.19,1.0
0836.jpg,D:\GP\EALPR Vechicles dataset\Vehicles\0836.jpg,True,د١,727,241,886,340,results\plates\plate_0836.jpg,0.97,1.0
0837.jpg,D:\GP\EALPR Vechicles dataset\Vehicles\0837.jpg,True,د١,567,454,693,520,results\plates\plate_0837.jpg,1.25,1.0
0838.jpg,D:\GP\EALPR Vechicles dataset\Vehicles\0838.jpg,True,ر ي م٢٢٢٢,487,533,678,634,results\plates\plate_0838.jpg,1.50,1.0
0839.jpg,D:\GP\EALPR Vechicles dataset\Vehicles\0839.jpg,True,م ن ي٦٦٦,330,582,503,667,results\plates\plate_0839.jpg,1.61,1.0
0840.jpg,D:\GP\EALPR Vechicles dataset\Vehicles\0840.jpg,True,ج ن ن٦٦٦٦,378,486,570,591,results\plates\plate_0840.jpg,1.41,1.0
0841.jpg,D:\GP\EALPR Vechicles dataset\Vehicles\0841.jpg,True,ج ن ن٦٦٦٦,329,494,905,764,results\plates\plate_0841.jpg,1.62,1.0
0842.jpg,D:\GP\EALPR Vechicles dataset\Vehicles\0842.jpg,True,أ ل ج٥٥٥٥,378,540,544,626,results\plates\plate_0842.jpg,2.37,1.0
0843.jpg,D:\GP\EALPR Vechicles dataset\Vehicles\0843.jpg,True,ف ه د٦٦٦٦,280,602,429,672,results\plates\plate_0843.jpg,1.89,1.0
0844.jpg,D:\GP\EALPR Vechicles dataset\Vehicles\0844.jpg,True,ه ر م٤٤٤٤,327,487,448,551,results\plates\plate_0844.jpg,2.14,1.0
0845.jpg,D:\GP\EALPR Vechicles dataset\Vehicles\0845.jpg,True,ع د ل٥٥٥,267,385,534,529,results\plates\plate_0845.jpg,1.41,1.0
0846.jpg,D:\GP\EALPR Vechicles dataset\Vehicles\0846.jpg,True,ع د ل٥٥٥,447,612,645,716,results\plates\plate_0846.jpg,1.13,1.0
0847.jpg,D:\GP\EALPR Vechicles dataset\Vehicles\0847.jpg,True,ي ي ي١١١١,420,872,663,977,results\plates\plate_0847.jpg,1.11,1.0
0848.jpg,D:\GP\EALPR Vechicles dataset\Vehicles\0848.jpg,True,أ أ أ١١١,387,494,586,600,results\plates\plate_0848.jpg,1.13,1.0
0849.jpg,D:\GP\EALPR Vechicles dataset\Vehicles\0849.jpg,True,ي ي ي١١١١,321,413,453,479,results\plates\plate_0849.jpg,1.10,1.0
0850.jpg,D:\GP\EALPR Vechicles dataset\Vehicles\0850.jpg,True,ي١,218,487,366,565,results\plates\plate_0850.jpg,0.96,1.0
0851.jpg,D:\GP\EALPR Vechicles dataset\Vehicles\0851.jpg,True,ط ط٩٩٩٩,369,517,656,670,results\plates\plate_0851.jpg,1.06,1.0
0852.jpg,D:\GP\EALPR Vechicles dataset\Vehicles\0852.jpg,True,ب ح ب٦٦٦,480,554,743,693,results\plates\plate_0852.jpg,1.12,1.0
0853.jpg,D:\GP\EALPR Vechicles dataset\Vehicles\0853.jpg,True,ن ن ن٦٦٦٦,292,203,404,262,results\plates\plate_0853.jpg,1.12,1.0
0854.jpg,D:\GP\EALPR Vechicles dataset\Vehicles\0854.jpg,True,ق ق ق٨٨٨,436,339,671,454,results\plates\plate_0854.jpg,0.98,1.0
0855.jpg,D:\GP\EALPR Vechicles dataset\Vehicles\0855.jpg,True,أ ب و١,532,931,735,1040,results\plates\plate_0855.jpg,1.04,1.0
0856.jpg,D:\GP\EALPR Vechicles dataset\Vehicles\0856.jpg,True,ع ع ع٢٢٢,364,681,635,808,results\plates\plate_0856.jpg,1.11,1.0
0857.jpg,D:\GP\EALPR Vechicles dataset\Vehicles\0857.jpg,True,ع ع ع٢٢٢,373,477,636,610,results\plates\plate_0857.jpg,1.40,1.0
0858.jpg,D:\GP\EALPR Vechicles dataset\Vehicles\0858.jpg,True,ع ع ع٢٢٢,416,836,622,945,results\plates\plate_0858.jpg,1.08,1.0
0859.jpg,D:\GP\EALPR Vechicles dataset\Vehicles\0859.jpg,True,ع س ل٣٣٣,492,453,681,547,results\plates\plate_0859.jpg,1.13,1.0
0860.jpg,D:\GP\EALPR Vechicles dataset\Vehicles\0860.jpg,True,ع س ل٣٣٣,486,271,720,401,results\plates\plate_0860.jpg,1.02,1.0
0861.jpg,D:\GP\EALPR Vechicles dataset\Vehicles\0861.jpg,True,ع س ل٣٣٣,447,566,683,682,results\plates\plate_0861.jpg,1.06,1.0
0862.jpg,D:\GP\EALPR Vechicles dataset\Vehicles\0862.jpg,True,م م م١,383,352,590,457,results\plates\plate_0862.jpg,1.01,1.0
0863.jpg,D:\GP\EALPR Vechicles dataset\Vehicles\0863.jpg,True,ط ط٨٨٩٩,351,466,513,547,results\plates\plate_0863.jpg,1.10,1.0
0864.jpg,D:\GP\EALPR Vechicles dataset\Vehicles\0864.jpg,True,م م م١,241,236,345,290,results\plates\plate_0864.jpg,1.10,1.0
0865.jpg,D:\GP\EALPR Vechicles dataset\Vehicles\0865.jpg,True,ب ط ل٧٧٧٧,308,597,459,677,results\plates\plate_0865.jpg,0.99,1.0
0866.jpg,D:\GP\EALPR Vechicles dataset\Vehicles\0866.jpg,True,م م م١,201,712,440,856,results\plates\plate_0866.jpg,1.15,1.0
0867.jpg,D:\GP\EALPR Vechicles dataset\Vehicles\0867.jpg,True,م م م١,421,296,558,366,results\plates\plate_0867.jpg,0.94,1.0
0868.jpg,D:\GP\EALPR Vechicles dataset\Vehicles\0868.jpg,True,م م م١,397,372,634,496,results\plates\plate_0868.jpg,1.02,1.0
0869.jpg,D:\GP\EALPR Vechicles dataset\Vehicles\0869.jpg,True,م م م١,334,257,517,352,results\plates\plate_0869.jpg,1.09,1.0
0870.jpg,D:\GP\EALPR Vechicles dataset\Vehicles\0870.jpg,True,م م م١,230,197,333,251,results\plates\plate_0870.jpg,1.04,1.0
0871.jpg,D:\GP\EALPR Vechicles dataset\Vehicles\0871.jpg,True,ب د ر١١١,366,362,638,499,results\plates\plate_0871.jpg,1.29,1.0
0872.jpg,D:\GP\EALPR Vechicles dataset\Vehicles\0872.jpg,True,س ي د٢٢٢٢,169,865,343,998,results\plates\plate_0872.jpg,1.00,1.0
0873.jpg,D:\GP\EALPR Vechicles dataset\Vehicles\0873.jpg,True,ب د ر١١١,379,301,576,413,results\plates\plate_0873.jpg,0.91,1.0
0874.jpg,D:\GP\EALPR Vechicles dataset\Vehicles\0874.jpg,True,ب ط ل٧٧٧٧,287,635,437,706,results\plates\plate_0874.jpg,1.02,1.0
0875.jpg,D:\GP\EALPR Vechicles dataset\Vehicles\0875.jpg,True,ع م ر٩٩٩٩,433,506,641,615,results\plates\plate_0875.jpg,1.06,1.0
0876.jpg,D:\GP\EALPR Vechicles dataset\Vehicles\0876.jpg,True,ع م ر٩٩٩,433,333,674,459,results\plates\plate_0876.jpg,1.58,1.0
0877.jpg,D:\GP\EALPR Vechicles dataset\Vehicles\0877.jpg,True,ع م ر٩٩٩٩,423,688,617,787,results\plates\plate_0877.jpg,1.30,1.0
0878.jpg,D:\GP\EALPR Vechicles dataset\Vehicles\0878.jpg,True,س س س٧,301,319,410,376,results\plates\plate_0878.jpg,1.43,1.0
0879.jpg,D:\GP\EALPR Vechicles dataset\Vehicles\0879.jpg,True,أ ن ج٤٤٤٤,401,545,653,669,results\plates\plate_0879.jpg,2.06,1.0
0880.jpg,D:\GP\EALPR Vechicles dataset\Vehicles\0880.jpg,True,أ ن ج٤٤٤٤,388,631,653,762,results\plates\plate_0880.jpg,1.86,1.0
0881.jpg,D:\GP\EALPR Vechicles dataset\Vehicles\0881.jpg,True,ه١,448,504,642,605,results\plates\plate_0881.jpg,1.48,1.0
0882.jpg,D:\GP\EALPR Vechicles dataset\Vehicles\0882.jpg,True,ن س ر١١١,344,328,455,384,results\plates\plate_0882.jpg,1.27,1.0
0883.jpg,D:\GP\EALPR Vechicles dataset\Vehicles\0883.jpg,True,ه١,489,451,558,490,results\plates\plate_0883.jpg,1.49,1.0
0884.jpg,D:\GP\EALPR Vechicles dataset\Vehicles\0884.jpg,True,ه١,476,449,669,548,results\plates\plate_0884.jpg,1.55,1.0
0885.jpg,D:\GP\EALPR Vechicles dataset\Vehicles\0885.jpg,True,ه١,352,610,501,696,results\plates\plate_0885.jpg,2.00,1.0
0886.jpg,D:\GP\EALPR Vechicles dataset\Vehicles\0886.jpg,True,ه أ١,644,579,818,670,results\plates\plate_0886.jpg,1.61,1.0
0887.jpg,D:\GP\EALPR Vechicles dataset\Vehicles\0887.jpg,True,ه١,576,474,770,569,results\plates\plate_0887.jpg,1.25,1.0
0888.jpg,D:\GP\EALPR Vechicles dataset\Vehicles\0888.jpg,True,ه١,380,486,561,579,results\plates\plate_0888.jpg,1.41,1.0
0889.jpg,D:\GP\EALPR Vechicles dataset\Vehicles\0889.jpg,True,ه١,513,590,746,711,results\plates\plate_0889.jpg,1.31,1.0
0890.jpg,D:\GP\EALPR Vechicles dataset\Vehicles\0890.jpg,True,ه١,366,498,638,639,results\plates\plate_0890.jpg,1.61,1.0
0891.jpg,D:\GP\EALPR Vechicles dataset\Vehicles\0891.jpg,True,أ ل ج٧٧٧٧,454,299,597,373,results\plates\plate_0891.jpg,1.49,1.0
0892.jpg,D:\GP\EALPR Vechicles dataset\Vehicles\0892.jpg,True,س ي د٦٦١١,240,252,342,303,results\plates\plate_0892.jpg,1.32,1.0
0893.jpg,D:\GP\EALPR Vechicles dataset\Vehicles\0893.jpg,True,أ ل ج٧٧٧٧,259,554,432,648,results\plates\plate_0893.jpg,1.17,1.0
0894.jpg,D:\GP\EALPR Vechicles dataset\Vehicles\0894.jpg,True,م٦٦٦٦,521,421,710,523,results\plates\plate_0894.jpg,0.93,1.0
0895.jpg,D:\GP\EALPR Vechicles dataset\Vehicles\0895.jpg,True,ج ق ق ق٦٦٦,402,319,551,400,results\plates\plate_0895.jpg,0.94,1.0
0896.jpg,D:\GP\EALPR Vechicles dataset\Vehicles\0896.jpg,True,ق ق ق٦٦٦,367,685,598,805,results\plates\plate_0896.jpg,1.15,1.0
0897.jpg,D:\GP\EALPR Vechicles dataset\Vehicles\0897.jpg,True,م م٢,351,428,443,479,results\plates\plate_0897.jpg,1.17,1.0
0898.jpg,D:\GP\EALPR Vechicles dataset\Vehicles\0898.jpg,True,م ر٦٦٦٦,355,416,597,542,results\plates\plate_0898.jpg,1.36,1.0
0899.jpg,D:\GP\EALPR Vechicles dataset\Vehicles\0899.jpg,True,ق ق ق٦٦٦,402,337,692,485,results\plates\plate_0899.jpg,0.98,1.0
0900.jpg,D:\GP\EALPR Vechicles dataset\Vehicles\0900.jpg,True,م م م٥,458,440,696,566,results\plates\plate_0900.jpg,1.22,1.0
0901.jpg,D:\GP\EALPR Vechicles dataset\Vehicles\0901.jpg,True,و ط ن٥٥٥٥,274,613,480,724,results\plates\plate_0901.jpg,1.25,1.0
0902.jpg,D:\GP\EALPR Vechicles dataset\Vehicles\0902.jpg,True,م م م٥,407,142,569,228,results\plates\plate_0902.jpg,0.88,1.0
0903.jpg,D:\GP\EALPR Vechicles dataset\Vehicles\0903.jpg,True,ي ي ي٥٥٥٥,409,746,663,856,results\plates\plate_0903.jpg,1.10,1.0
0904.jpg,D:\GP\EALPR Vechicles dataset\Vehicles\0904.jpg,True,م م م٥,364,335,618,471,results\plates\plate_0904.jpg,1.27,1.0
0905.jpg,D:\GP\EALPR Vechicles dataset\Vehicles\0905.jpg,True,أ س د٥,364,662,591,773,results\plates\plate_0905.jpg,1.66,1.0
0906.jpg,D:\GP\EALPR Vechicles dataset\Vehicles\0906.jpg,True,و١١,440,186,599,263,results\plates\plate_0906.jpg,0.94,1.0
0907.jpg,D:\GP\EALPR Vechicles dataset\Vehicles\0907.jpg,True,ق ل ق٧٧٧٧,499,581,740,708,results\plates\plate_0907.jpg,1.18,1.0
0908.jpg,D:\GP\EALPR Vechicles dataset\Vehicles\0908.jpg,True,و و و٤٤٤٤,228,446,366,520,results\plates\plate_0908.jpg,1.31,1.0
0909.jpg,D:\GP\EALPR Vechicles dataset\Vehicles\0909.jpg,True,ه١,400,426,596,526,results\plates\plate_0909.jpg,1.21,1.0
0910.jpg,D:\GP\EALPR Vechicles dataset\Vehicles\0910.jpg,True,ه١,482,521,640,594,results\plates\plate_0910.jpg,0.95,1.0
0911.jpg,D:\GP\EALPR Vechicles dataset\Vehicles\0911.jpg,True,ه١,424,588,672,710,results\plates\plate_0911.jpg,1.10,1.0
0912.jpg,D:\GP\EALPR Vechicles dataset\Vehicles\0912.jpg,True,و١١,340,522,504,626,results\plates\plate_0912.jpg,0.97,1.0
0913.jpg,D:\GP\EALPR Vechicles dataset\Vehicles\0913.jpg,True,ن و ر١٣٥,174,716,336,841,results\plates\plate_0913.jpg,1.08,1.0
0914.jpg,D:\GP\EALPR Vechicles dataset\Vehicles\0914.jpg,True,ر ع د٨٨٨٨,407,739,660,862,results\plates\plate_0914.jpg,1.11,1.0
0915.jpg,D:\GP\EALPR Vechicles dataset\Vehicles\0915.jpg,True,أ أ٨٨٨٨,205,421,328,517,results\plates\plate_0915.jpg,1.03,1.0
0916.jpg,D:\GP\EALPR Vechicles dataset\Vehicles\0916.jpg,True,س ع د١١١١,171,492,326,584,results\plates\plate_0916.jpg,1.06,1.0
0917.jpg,D:\GP\EALPR Vechicles dataset\Vehicles\0917.jpg,True,ه أ م٧٧٧,383,181,698,346,results\plates\plate_0917.jpg,1.04,1.0
0918.jpg,D:\GP\EALPR Vechicles dataset\Vehicles\0918.jpg,True,ه أ م٧٧٧,327,359,522,462,results\plates\plate_0918.jpg,1.01,1.0
0919.jpg,D:\GP\EALPR Vechicles dataset\Vehicles\0919.jpg,True,د د د٥٥٥٥,416,656,639,768,results\plates\plate_0919.jpg,1.09,1.0
0920.jpg,D:\GP\EALPR Vechicles dataset\Vehicles\0920.jpg,True,د د د٥٥٩٥,364,534,730,716,results\plates\plate_0920.jpg,1.18,1.0
0921.jpg,D:\GP\EALPR Vechicles dataset\Vehicles\0921.jpg,True,د د د٥٥٥٥,479,435,656,527,results\plates\plate_0921.jpg,1.14,1.0
0922.jpg,D:\GP\EALPR Vechicles dataset\Vehicles\0922.jpg,True,أ٣,424,314,564,383,results\plates\plate_0922.jpg,1.09,1.0
0923.jpg,D:\GP\EALPR Vechicles dataset\Vehicles\0923.jpg,True,ط ل ق٦٦٦,801,457,863,497,results\plates\plate_0923.jpg,1.91,1.0
0924.jpg,D:\GP\EALPR Vechicles dataset\Vehicles\0924.jpg,True,ص ق ر٦٦٦٦,282,313,462,405,results\plates\plate_0924.jpg,1.21,1.0
0925.jpg,D:\GP\EALPR Vechicles dataset\Vehicles\0925.jpg,True,م ر٦٦٦٦,219,264,316,317,results\plates\plate_0925.jpg,1.32,1.0
0926.jpg,D:\GP\EALPR Vechicles dataset\Vehicles\0926.jpg,True,أ د م٦٦٦٦,233,267,363,333,results\plates\plate_0926.jpg,1.79,1.0
0927.jpg,D:\GP\EALPR Vechicles dataset\Vehicles\0927.jpg,True,و و و٦٦٦٦,239,344,426,439,results\plates\plate_0927.jpg,2.33,1.0
0928.jpg,D:\GP\EALPR Vechicles dataset\Vehicles\0928.jpg,True,ن ج م٦٦٦٦,313,267,446,334,results\plates\plate_0928.jpg,2.32,1.0
0929.jpg,D:\GP\EALPR Vechicles dataset\Vehicles\0929.jpg,True,ر ر ر٥٥٥,299,293,547,419,results\plates\plate_0929.jpg,2.78,1.0
0930.jpg,D:\GP\EALPR Vechicles dataset\Vehicles\0930.jpg,True,ف ق ي١١١١,293,526,563,686,results\plates\plate_0930.jpg,2.19,1.0
0931.jpg,D:\GP\EALPR Vechicles dataset\Vehicles\0931.jpg,True,م س ر١١١,474,663,633,746,results\plates\plate_0931.jpg,1.80,1.0
0932.jpg,D:\GP\EALPR Vechicles dataset\Vehicles\0932.jpg,True,ع م ل٦٦٦٦,409,550,602,651,results\plates\plate_0932.jpg,2.30,1.0
0933.jpg,D:\GP\EALPR Vechicles dataset\Vehicles\0933.jpg,True,د ه ب٦٦٦٦,409,432,608,540,results\plates\plate_0933.jpg,1.82,1.0
0934.jpg,D:\GP\EALPR Vechicles dataset\Vehicles\0934.jpg,True,ع ع٤٤٤٤,400,680,648,808,results\plates\plate_0934.jpg,1.57,1.0
0935.jpg,D:\GP\EALPR Vechicles dataset\Vehicles\0935.jpg,True,د ه ب٦٦٦٦,348,319,594,455,results\plates\plate_0935.jpg,2.73,1.0
0936.jpg,D:\GP\EALPR Vechicles dataset\Vehicles\0936.jpg,True,ع ع ع٣٦٣٦٣٦٣,217,140,395,235,results\plates\plate_0936.jpg,2.08,1.0
0937.jpg,D:\GP\EALPR Vechicles dataset\Vehicles\0937.jpg,True,ب ي ه٩٩٩٩,266,583,462,686,results\plates\plate_0937.jpg,1.97,1.0
0938.jpg,D:\GP\EALPR Vechicles dataset\Vehicles\0938.jpg,True,ج ج٦٦٦٦,293,304,447,380,results\plates\plate_0938.jpg,1.95,1.0
0939.jpg,D:\GP\EALPR Vechicles dataset\Vehicles\0939.jpg,True,أ س٥٥٥٥,354,249,557,354,results\plates\plate_0939.jpg,2.21,1.0
0940.jpg,D:\GP\EALPR Vechicles dataset\Vehicles\0940.jpg,True,أ س د١,233,347,364,419,results\plates\plate_0940.jpg,2.25,1.0
0941.jpg,D:\GP\EALPR Vechicles dataset\Vehicles\0941.jpg,True,أ س د٤٤٤٤,209,205,451,328,results\plates\plate_0941.jpg,1.80,1.0
0942.jpg,D:\GP\EALPR Vechicles dataset\Vehicles\0942.jpg,True,أ س د٤٤٤٤,321,345,477,421,results\plates\plate_0942.jpg,1.33,1.0
0943.jpg,D:\GP\EALPR Vechicles dataset\Vehicles\0943.jpg,True,م ه م٦٦٦,324,183,646,365,results\plates\plate_0943.jpg,1.20,1.0
0944.jpg,D:\GP\EALPR Vechicles dataset\Vehicles\0944.jpg,True,ر ع د٢٢٢,555,494,678,555,results\plates\plate_0944.jpg,1.24,1.0
0945.jpg,D:\GP\EALPR Vechicles dataset\Vehicles\0945.jpg,True,م ه م٦٦٦,461,367,681,483,results\plates\plate_0945.jpg,1.12,1.0
0946.jpg,D:\GP\EALPR Vechicles dataset\Vehicles\0946.jpg,True,أ س٥٥٥٥,269,339,406,413,results\plates\plate_0946.jpg,1.11,1.0
0947.jpg,D:\GP\EALPR Vechicles dataset\Vehicles\0947.jpg,True,ق م ر٢٢٢,508,479,730,588,results\plates\plate_0947.jpg,1.17,1.0
0948.jpg,D:\GP\EALPR Vechicles dataset\Vehicles\0948.jpg,True,ن ج أ٥٥٥,267,348,534,506,results\plates\plate_0948.jpg,0.84,1.0
0949.jpg,D:\GP\EALPR Vechicles dataset\Vehicles\0949.jpg,True,ه ر م٤٤٤٤,437,291,557,357,results\plates\plate_0949.jpg,1.14,1.0
0950.jpg,D:\GP\EALPR Vechicles dataset\Vehicles\0950.jpg,True,ق ل ب٦٦٦,478,339,639,419,results\plates\plate_0950.jpg,1.04,1.0
0951.jpg,D:\GP\EALPR Vechicles dataset\Vehicles\0951.jpg,True,ق ل ب٦٦٦,358,377,478,439,results\plates\plate_0951.jpg,1.45,1.0
0952.jpg,D:\GP\EALPR Vechicles dataset\Vehicles\0952.jpg,True,د د د٧٧٧,540,446,767,585,results\plates\plate_0952.jpg,1.49,1.0
0953.jpg,D:\GP\EALPR Vechicles dataset\Vehicles\0953.jpg,True,س س س٣٣٣,330,363,471,440,results\plates\plate_0953.jpg,1.38,1.0
0954.jpg,D:\GP\EALPR Vechicles dataset\Vehicles\0954.jpg,True,و,524,244,646,308,results\plates\plate_0954.jpg,1.05,1.0
0955.jpg,D:\GP\EALPR Vechicles dataset\Vehicles\0955.jpg,True,ب ه أ١١١,488,214,738,343,results\plates\plate_0955.jpg,1.44,1.0
0956.jpg,D:\GP\EALPR Vechicles dataset\Vehicles\0956.jpg,True,س ي د٨٨٨٨,428,596,593,681,results\plates\plate_0956.jpg,1.86,1.0
0957.jpg,D:\GP\EALPR Vechicles dataset\Vehicles\0957.jpg,True,د د د٧٧٧,692,371,914,486,results\plates\plate_0957.jpg,1.81,1.0
0958.jpg,D:\GP\EALPR Vechicles dataset\Vehicles\0958.jpg,True,س س س٣٣٣,148,126,551,368,results\plates\plate_0958.jpg,1.40,1.0
0959.jpg,D:\GP\EALPR Vechicles dataset\Vehicles\0959.jpg,True,د د د٧٧٧,478,378,678,480,results\plates\plate_0959.jpg,1.76,1.0
0960.jpg,D:\GP\EALPR Vechicles dataset\Vehicles\0960.jpg,True,س س س٣٣٣,313,351,578,489,results\plates\plate_0960.jpg,1.68,1.0
0961.jpg,D:\GP\EALPR Vechicles dataset\Vehicles\0961.jpg,True,ه أ م٣٣٣٣,544,386,755,494,results\plates\plate_0961.jpg,1.46,1.0
0962.jpg,D:\GP\EALPR Vechicles dataset\Vehicles\0962.jpg,True,د د د٧٧٧,386,408,577,503,results\plates\plate_0962.jpg,1.57,1.0
0963.jpg,D:\GP\EALPR Vechicles dataset\Vehicles\0963.jpg,True,س ي ف١,411,362,561,438,results\plates\plate_0963.jpg,2.20,1.0
0964.jpg,D:\GP\EALPR Vechicles dataset\Vehicles\0964.jpg,True,س ي ف٣٣٣,472,526,695,642,results\plates\plate_0964.jpg,1.90,1.0
0965.jpg,D:\GP\EALPR Vechicles dataset\Vehicles\0965.jpg,True,س ي ف١,390,337,680,486,results\plates\plate_0965.jpg,1.28,1.0
0966.jpg,D:\GP\EALPR Vechicles dataset\Vehicles\0966.jpg,True,م م٧,491,670,634,747,results\plates\plate_0966.jpg,1.76,1.0
0967.jpg,D:\GP\EALPR Vechicles dataset\Vehicles\0967.jpg,True,م م م٨٨٨٨,348,426,564,535,results\plates\plate_0967.jpg,1.48,1.0
0968.jpg,D:\GP\EALPR Vechicles dataset\Vehicles\0968.jpg,True,م م م٨٨٨٨,99,413,896,848,results\plates\plate_0968.jpg,1.92,1.0
0969.jpg,D:\GP\EALPR Vechicles dataset\Vehicles\0969.jpg,True,ع م ر١١١١,413,513,641,629,results\plates\plate_0969.jpg,1.24,1.0
0970.jpg,D:\GP\EALPR Vechicles dataset\Vehicles\0970.jpg,True,ع م ر١١١١,428,806,676,917,results\plates\plate_0970.jpg,2.23,1.0
0971.jpg,D:\GP\EALPR Vechicles dataset\Vehicles\0971.jpg,True,ع م ر١١١١,392,626,668,766,results\plates\plate_0971.jpg,1.81,1.0
0972.jpg,D:\GP\EALPR Vechicles dataset\Vehicles\0972.jpg,True,أ س د٥,350,636,570,743,results\plates\plate_0972.jpg,1.78,1.0
0973.jpg,D:\GP\EALPR Vechicles dataset\Vehicles\0973.jpg,True,ع ل م١١١,60,748,201,850,results\plates\plate_0973.jpg,1.98,1.0
0974.jpg,D:\GP\EALPR Vechicles dataset\Vehicles\0974.jpg,True,و ل ي٢٢٢,437,724,636,812,results\plates\plate_0974.jpg,1.47,1.0
0975.jpg,D:\GP\EALPR Vechicles dataset\Vehicles\0975.jpg,True,د د د٦٦٦٦,396,423,573,515,results\plates\plate_0975.jpg,1.13,1.0
0976.jpg,D:\GP\EALPR Vechicles dataset\Vehicles\0976.jpg,True,د د د٦٦٦٦,458,378,572,438,results\plates\plate_0976.jpg,0.97,1.0
0977.jpg,D:\GP\EALPR Vechicles dataset\Vehicles\0977.jpg,True,أ س د٤٤٤٤,426,595,661,709,results\plates\plate_0977.jpg,1.07,1.0
0978.jpg,D:\GP\EALPR Vechicles dataset\Vehicles\0978.jpg,True,ص ص ص٦٦٦,471,375,681,482,results\plates\plate_0978.jpg,1.20,1.0
0979.jpg,D:\GP\EALPR Vechicles dataset\Vehicles\0979.jpg,True,ه أ م٣٣٣٣,237,661,388,741,results\plates\plate_0979.jpg,1.01,1.0
0980.jpg,D:\GP\EALPR Vechicles dataset\Vehicles\0980.jpg,True,ص ص ص٦٦٦,347,475,494,552,results\plates\plate_0980.jpg,0.90,1.0
0981.jpg,D:\GP\EALPR Vechicles dataset\Vehicles\0981.jpg,True,ص ص ص٦٦٦,475,433,759,572,results\plates\plate_0981.jpg,1.16,1.0
0982.jpg,D:\GP\EALPR Vechicles dataset\Vehicles\0982.jpg,True,ن ج أ٦٦٦٦,347,427,521,520,results\plates\plate_0982.jpg,1.11,1.0
0983.jpg,D:\GP\EALPR Vechicles dataset\Vehicles\0983.jpg,True,ص ص ص٦٦٦,452,300,622,389,results\plates\plate_0983.jpg,0.99,1.0
0984.jpg,D:\GP\EALPR Vechicles dataset\Vehicles\0984.jpg,True,ف ج٤٤٤٤,541,246,657,308,results\plates\plate_0984.jpg,0.83,1.0
0985.jpg,D:\GP\EALPR Vechicles dataset\Vehicles\0985.jpg,True,ف ج٤٤٤٤,428,379,575,455,results\plates\plate_0985.jpg,0.86,1.0
0986.jpg,D:\GP\EALPR Vechicles dataset\Vehicles\0986.jpg,True,م١,439,607,559,681,results\plates\plate_0986.jpg,1.07,1.0
0987.jpg,D:\GP\EALPR Vechicles dataset\Vehicles\0987.jpg,True,ع م ر٩٩٩,528,439,743,553,results\plates\plate_0987.jpg,1.02,1.0
0988.jpg,D:\GP\EALPR Vechicles dataset\Vehicles\0988.jpg,True,م ج د٦٦٦٦,353,293,500,369,results\plates\plate_0988.jpg,1.02,1.0
0989.jpg,D:\GP\EALPR Vechicles dataset\Vehicles\0989.jpg,True,م١,593,510,664,551,results\plates\plate_0989.jpg,1.06,1.0
0990.jpg,D:\GP\EALPR Vechicles dataset\Vehicles\0990.jpg,True,م١,470,292,624,379,results\plates\plate_0990.jpg,1.21,1.0
0991.jpg,D:\GP\EALPR Vechicles dataset\Vehicles\0991.jpg,True,ط ر١,239,364,332,439,results\plates\plate_0991.jpg,0.89,1.0
0992.jpg,D:\GP\EALPR Vechicles dataset\Vehicles\0992.jpg,True,س س س٩٩٦٦,427,381,577,459,results\plates\plate_0992.jpg,1.09,1.0
0993.jpg,D:\GP\EALPR Vechicles dataset\Vehicles\0993.jpg,True,ط ر١,384,368,695,539,results\plates\plate_0993.jpg,1.18,1.0
0994.jpg,D:\GP\EALPR Vechicles dataset\Vehicles\0994.jpg,True,أ س د٢٢١٢,432,325,648,431,results\plates\plate_0994.jpg,1.01,1.0
0995.jpg,D:\GP\EALPR Vechicles dataset\Vehicles\0995.jpg,True,س س س٥٥٥,366,485,587,607,results\plates\plate_0995.jpg,1.37,1.0
0996.jpg,D:\GP\EALPR Vechicles dataset\Vehicles\0996.jpg,True,ص ص ص٥٥٥٥,384,408,660,540,results\plates\plate_0996.jpg,1.13,1.0
0997.jpg,D:\GP\EALPR Vechicles dataset\Vehicles\0997.jpg,True,ر١,418,416,752,595,results\plates\plate_0997.jpg,1.24,1.0
0998.jpg,D:\GP\EALPR Vechicles dataset\Vehicles\0998.jpg,True,م ط١,660,632,887,755,results\plates\plate_0998.jpg,1.09,1.0
0999.jpg,D:\GP\EALPR Vechicles dataset\Vehicles\0999.jpg,True,ر١,415,637,636,751,results\plates\plate_0999.jpg,1.36,1.0
1000.jpg,D:\GP\EALPR Vechicles dataset\Vehicles\1000.jpg,True,س ع د١١١١,235,618,367,679,results\plates\plate_1000.jpg,1.11,1.0
1001.jpg,D:\GP\EALPR Vechicles dataset\Vehicles\1001.jpg,True,س ع د١١١١,387,659,625,780,results\plates\plate_1001.jpg,1.09,1.0
1002.jpg,D:\GP\EALPR Vechicles dataset\Vehicles\1002.jpg,True,س ع د١١١١,371,629,515,698,results\plates\plate_1002.jpg,1.15,1.0
1003.jpg,D:\GP\EALPR Vechicles dataset\Vehicles\1003.jpg,True,ي١,605,353,725,420,results\plates\plate_1003.jpg,1.24,1.0
1004.jpg,D:\GP\EALPR Vechicles dataset\Vehicles\1004.jpg,True,ر ع ب٢٢٢,408,304,501,371,results\plates\plate_1004.jpg,1.16,1.0
1005.jpg,D:\GP\EALPR Vechicles dataset\Vehicles\1005.jpg,True,ه ه١١١١,475,379,636,468,results\plates\plate_1005.jpg,1.06,1.0
1006.jpg,D:\GP\EALPR Vechicles dataset\Vehicles\1006.jpg,True,ص ص ص٥٥٥٥,359,587,477,654,results\plates\plate_1006.jpg,0.90,1.0
1007.jpg,D:\GP\EALPR Vechicles dataset\Vehicles\1007.jpg,True,ه ه١١١١,358,497,505,579,results\plates\plate_1007.jpg,1.13,1.0
1008.jpg,D:\GP\EALPR Vechicles dataset\Vehicles\1008.jpg,True,ر م٥٥٥٥,369,363,491,426,results\plates\plate_1008.jpg,1.02,1.0
1009.jpg,D:\GP\EALPR Vechicles dataset\Vehicles\1009.jpg,True,ر م٥٥٥٥,477,682,700,803,results\plates\plate_1009.jpg,1.32,1.0
1010.jpg,D:\GP\EALPR Vechicles dataset\Vehicles\1010.jpg,True,أ أ أ٧٧٧٧,466,473,696,593,results\plates\plate_1010.jpg,1.08,1.0
1011.jpg,D:\GP\EALPR Vechicles dataset\Vehicles\1011.jpg,True,أ أ أ٧٧٧٧,401,338,642,463,results\plates\plate_1011.jpg,1.18,1.0
1012.jpg,D:\GP\EALPR Vechicles dataset\Vehicles\1012.jpg,True,أ أ أ٧٧٧٧,326,287,673,466,results\plates\plate_1012.jpg,1.09,1.0
1013.jpg,D:\GP\EALPR Vechicles dataset\Vehicles\1013.jpg,True,ر و ق٦٦٦٦,309,406,501,512,results\plates\plate_1013.jpg,0.89,1.0
1014.jpg,D:\GP\EALPR Vechicles dataset\Vehicles\1014.jpg,True,ج ب ل٥٥٥,551,633,737,756,results\plates\plate_1014.jpg,0.96,1.0
1015.jpg,D:\GP\EALPR Vechicles dataset\Vehicles\1015.jpg,True,أ ه م١,311,426,482,514,results\plates\plate_1015.jpg,1.03,1.0
1016.jpg,D:\GP\EALPR Vechicles dataset\Vehicles\1016.jpg,True,م ي ر٦٦٦٦,215,400,288,437,results\plates\plate_1016.jpg,1.05,1.0
1017.jpg,D:\GP\EALPR Vechicles dataset\Vehicles\1017.jpg,True,ن ن ن٦٦٦٦,700,438,866,533,results\plates\plate_1017.jpg,1.01,1.0
1018.jpg,D:\GP\EALPR Vechicles dataset\Vehicles\1018.jpg,True,ن ن ل ن٦٦٦٦,92,535,216,632,results\plates\plate_1018.jpg,1.02,1.0
1019.jpg,D:\GP\EALPR Vechicles dataset\Vehicles\1019.jpg,True,ص ص١١,296,227,407,288,results\plates\plate_1019.jpg,1.08,1.0
1020.jpg,D:\GP\EALPR Vechicles dataset\Vehicles\1020.jpg,True,أ ه م١,447,623,694,752,results\plates\plate_1020.jpg,1.04,1.0
1021.jpg,D:\GP\EALPR Vechicles dataset\Vehicles\1021.jpg,True,و ط ن١١١,394,237,586,331,results\plates\plate_1021.jpg,0.80,1.0
1022.jpg,D:\GP\EALPR Vechicles dataset\Vehicles\1022.jpg,True,س س١,350,305,465,367,results\plates\plate_1022.jpg,1.08,1.0
1023.jpg,D:\GP\EALPR Vechicles dataset\Vehicles\1023.jpg,True,ن ه ي٧٧٧,434,300,696,424,results\plates\plate_1023.jpg,0.89,1.0
1024.jpg,D:\GP\EALPR Vechicles dataset\Vehicles\1024.jpg,True,ر ر ر٤٤٤٤,417,326,797,515,results\plates\plate_1024.jpg,1.04,1.0
1025.jpg,D:\GP\EALPR Vechicles dataset\Vehicles\1025.jpg,True,ر ر ر٤٤٤٤,440,217,602,301,results\plates\plate_1025.jpg,0.81,1.0
1026.jpg,D:\GP\EALPR Vechicles dataset\Vehicles\1026.jpg,True,د ل ع٤٤٤٤,790,360,927,429,results\plates\plate_1026.jpg,0.94,1.0
1027.jpg,D:\GP\EALPR Vechicles dataset\Vehicles\1027.jpg,True,م و٩٩٩٩,488,638,682,734,results\plates\plate_1027.jpg,0.94,1.0
1028.jpg,D:\GP\EALPR Vechicles dataset\Vehicles\1028.jpg,True,د ل ع٤٤٤٤,547,774,771,917,results\plates\plate_1028.jpg,1.12,1.0
1029.jpg,D:\GP\EALPR Vechicles dataset\Vehicles\1029.jpg,True,د ل ع٤٤٤٤,501,783,728,892,results\plates\plate_1029.jpg,1.07,1.0
1030.jpg,D:\GP\EALPR Vechicles dataset\Vehicles\1030.jpg,True,ط ل ق٦٦٦,342,373,464,434,results\plates\plate_1030.jpg,1.03,1.0
1031.jpg,D:\GP\EALPR Vechicles dataset\Vehicles\1031.jpg,True,ن ه ي٧٧٧,623,495,793,582,results\plates\plate_1031.jpg,1.03,1.0
1032.jpg,D:\GP\EALPR Vechicles dataset\Vehicles\1032.jpg,True,ط ع م٩٩٩٩,389,303,850,496,results\plates\plate_1032.jpg,0.87,1.0
1033.jpg,D:\GP\EALPR Vechicles dataset\Vehicles\1033.jpg,True,ط ع م٨٨٨٨,364,473,645,611,results\plates\plate_1033.jpg,0.93,1.0
1034.jpg,D:\GP\EALPR Vechicles dataset\Vehicles\1034.jpg,True,ب ط ع م٧٧٧٧,424,263,566,342,results\plates\plate_1034.jpg,0.92,1.0
1035.jpg,D:\GP\EALPR Vechicles dataset\Vehicles\1035.jpg,True,ه س١,349,320,516,405,results\plates\plate_1035.jpg,1.19,1.0
1036.jpg,D:\GP\EALPR Vechicles dataset\Vehicles\1036.jpg,True,د د د٣٣٣٣,167,353,241,390,results\plates\plate_1036.jpg,0.79,1.0
1037.jpg,D:\GP\EALPR Vechicles dataset\Vehicles\1037.jpg,True,ه ن أ٨٨٨٨,471,522,860,729,results\plates\plate_1037.jpg,0.99,1.0
1038.jpg,D:\GP\EALPR Vechicles dataset\Vehicles\1038.jpg,True,ن س ر١١١١,260,400,366,451,results\plates\plate_1038.jpg,1.04,1.0
1039.jpg,D:\GP\EALPR Vechicles dataset\Vehicles\1039.jpg,True,د د د٣٣٣,420,192,572,270,results\plates\plate_1039.jpg,0.86,1.0
1040.jpg,D:\GP\EALPR Vechicles dataset\Vehicles\1040.jpg,True,ر ز ي ن٥٥٥٥,460,812,671,897,results\plates\plate_1040.jpg,1.04,1.0
1041.jpg,D:\GP\EALPR Vechicles dataset\Vehicles\1041.jpg,True,ر ي ن٥٥٥٥,465,697,669,797,results\plates\plate_1041.jpg,1.00,1.0
1042.jpg,D:\GP\EALPR Vechicles dataset\Vehicles\1042.jpg,True,د د د٣٣٣,426,354,578,433,results\plates\plate_1042.jpg,0.95,1.0
1043.jpg,D:\GP\EALPR Vechicles dataset\Vehicles\1043.jpg,True,ع ب١,413,377,552,451,results\plates\plate_1043.jpg,0.89,1.0
1044.jpg,D:\GP\EALPR Vechicles dataset\Vehicles\1044.jpg,True,أ ه م١,451,554,584,631,results\plates\plate_1044.jpg,1.02,1.0
1045.jpg,D:\GP\EALPR Vechicles dataset\Vehicles\1045.jpg,True,ق م ر٤٤٤,423,431,615,523,results\plates\plate_1045.jpg,0.88,1.0
1046.jpg,D:\GP\EALPR Vechicles dataset\Vehicles\1046.jpg,True,أ٨٨,261,268,453,365,results\plates\plate_1046.jpg,0.95,1.0
1047.jpg,D:\GP\EALPR Vechicles dataset\Vehicles\1047.jpg,True,ج و١١١١,292,630,660,812,results\plates\plate_1047.jpg,1.01,1.0
1048.jpg,D:\GP\EALPR Vechicles dataset\Vehicles\1048.jpg,True,ق م ر٤٤٤,338,330,753,551,results\plates\plate_1048.jpg,1.06,1.0
1049.jpg,D:\GP\EALPR Vechicles dataset\Vehicles\1049.jpg,True,س س س١١١١,661,333,869,436,results\plates\plate_1049.jpg,1.01,1.0
1050.jpg,D:\GP\EALPR Vechicles dataset\Vehicles\1050.jpg,True,ن س ر٦٦٦٦,211,527,375,629,results\plates\plate_1050.jpg,0.96,1.0
1051.jpg,D:\GP\EALPR Vechicles dataset\Vehicles\1051.jpg,True,ع١,350,535,466,592,results\plates\plate_1051.jpg,1.03,1.0
1052.jpg,D:\GP\EALPR Vechicles dataset\Vehicles\1052.jpg,True,ي١,871,509,1045,605,results\plates\plate_1052.jpg,1.01,1.0
1053.jpg,D:\GP\EALPR Vechicles dataset\Vehicles\1053.jpg,True,د١,440,331,667,450,results\plates\plate_1053.jpg,1.03,1.0
1054.jpg,D:\GP\EALPR Vechicles dataset\Vehicles\1054.jpg,True,أ١١١١,372,340,594,454,results\plates\plate_1054.jpg,1.04,1.0
1055.jpg,D:\GP\EALPR Vechicles dataset\Vehicles\1055.jpg,True,م ط ر٦٦٦,259,201,351,244,results\plates\plate_1055.jpg,0.90,1.0
1056.jpg,D:\GP\EALPR Vechicles dataset\Vehicles\1056.jpg,True,م م م٤٤٤٤,428,389,660,511,results\plates\plate_1056.jpg,0.92,1.0
1057.jpg,D:\GP\EALPR Vechicles dataset\Vehicles\1057.jpg,True,م م م٤٤٤٤,663,539,817,622,results\plates\plate_1057.jpg,1.11,1.0
1058.jpg,D:\GP\EALPR Vechicles dataset\Vehicles\1058.jpg,True,ه ي٦٦٦٦,247,331,351,386,results\plates\plate_1058.jpg,0.91,1.0
1059.jpg,D:\GP\EALPR Vechicles dataset\Vehicles\1059.jpg,True,ن س ر٦٦٦٦,338,594,486,668,results\plates\plate_1059.jpg,1.01,1.0
1060.jpg,D:\GP\EALPR Vechicles dataset\Vehicles\1060.jpg,True,ه س١,114,418,200,476,results\plates\plate_1060.jpg,1.00,1.0
1061.jpg,D:\GP\EALPR Vechicles dataset\Vehicles\1061.jpg,True,أ ه م١,262,774,396,847,results\plates\plate_1061.jpg,1.04,1.0
1062.jpg,D:\GP\EALPR Vechicles dataset\Vehicles\1062.jpg,True,ن ه١,341,655,552,762,results\plates\plate_1062.jpg,0.96,1.0
1063.jpg,D:\GP\EALPR Vechicles dataset\Vehicles\1063.jpg,True,ص ص١١,289,219,424,287,results\plates\plate_1063.jpg,1.00,1.0
1064.jpg,D:\GP\EALPR Vechicles dataset\Vehicles\1064.jpg,True,أ ه م١,437,597,668,710,results\plates\plate_1064.jpg,1.06,1.0
1065.jpg,D:\GP\EALPR Vechicles dataset\Vehicles\1065.jpg,True,أ ه م١,380,598,698,707,results\plates\plate_1065.jpg,1.01,1.0
1066.jpg,D:\GP\EALPR Vechicles dataset\Vehicles\1066.jpg,True,أ ه م١,483,453,694,548,results\plates\plate_1066.jpg,1.06,1.0
1067.jpg,D:\GP\EALPR Vechicles dataset\Vehicles\1067.jpg,True,أ س د٤٤٤٤,417,655,546,719,results\plates\plate_1067.jpg,1.06,1.0
1068.jpg,D:\GP\EALPR Vechicles dataset\Vehicles\1068.jpg,True,ف ف ف٤٤٤,424,739,620,831,results\plates\plate_1068.jpg,1.08,1.0
1069.jpg,D:\GP\EALPR Vechicles dataset\Vehicles\1069.jpg,True,ج ن أ٦٦٦,383,693,522,759,results\plates\plate_1069.jpg,0.91,1.0
1070.jpg,D:\GP\EALPR Vechicles dataset\Vehicles\1070.jpg,True,ف ف ف٤٤٤,419,556,604,651,results\plates\plate_1070.jpg,1.04,1.0
1071.jpg,D:\GP\EALPR Vechicles dataset\Vehicles\1071.jpg,True,ع س ل٧٧٧,310,530,437,593,results\plates\plate_1071.jpg,0.99,1.0
1072.jpg,D:\GP\EALPR Vechicles dataset\Vehicles\1072.jpg,True,ل أ س د٤٤٤٤,115,559,198,601,results\plates\plate_1072.jpg,1.01,1.0
1073.jpg,D:\GP\EALPR Vechicles dataset\Vehicles\1073.jpg,True,أ أ١١,314,641,530,754,results\plates\plate_1073.jpg,0.94,1.0
1074.jpg,D:\GP\EALPR Vechicles dataset\Vehicles\1074.jpg,True,أ١١,323,454,633,590,results\plates\plate_1074.jpg,1.02,1.0
1075.jpg,D:\GP\EALPR Vechicles dataset\Vehicles\1075.jpg,True,أ أ١١,406,460,627,564,results\plates\plate_1075.jpg,0.93,1.0
1076.jpg,D:\GP\EALPR Vechicles dataset\Vehicles\1076.jpg,True,م س ر١١١١,453,609,523,646,results\plates\plate_1076.jpg,1.05,1.0
1077.jpg,D:\GP\EALPR Vechicles dataset\Vehicles\1077.jpg,True,م ص ر١١١١,347,578,547,679,results\plates\plate_1077.jpg,0.99,1.0
1078.jpg,D:\GP\EALPR Vechicles dataset\Vehicles\1078.jpg,True,م م م٣٣٣٣,488,291,648,369,results\plates\plate_1078.jpg,0.88,1.0
1079.jpg,D:\GP\EALPR Vechicles dataset\Vehicles\1079.jpg,True,م م م٣٣٣٣,412,366,672,476,results\plates\plate_1079.jpg,0.88,1.0
1080.jpg,D:\GP\EALPR Vechicles dataset\Vehicles\1080.jpg,True,ر و ه١٥٦,442,567,518,607,results\plates\plate_1080.jpg,0.94,1.0
1081.jpg,D:\GP\EALPR Vechicles dataset\Vehicles\1081.jpg,True,ج ن أ٦٦٦,201,139,753,427,results\plates\plate_1081.jpg,0.83,1.0
1082.jpg,D:\GP\EALPR Vechicles dataset\Vehicles\1082.jpg,True,م م م٣٣٣٣,296,396,623,561,results\plates\plate_1082.jpg,1.05,1.0
1083.jpg,D:\GP\EALPR Vechicles dataset\Vehicles\1083.jpg,True,د ه د د٣٣٣٣,217,437,500,565,results\plates\plate_1083.jpg,1.03,1.0
1084.jpg,D:\GP\EALPR Vechicles dataset\Vehicles\1084.jpg,True,د د د٣٣٣٣,330,352,630,503,results\plates\plate_1084.jpg,0.93,1.0
1085.jpg,D:\GP\EALPR Vechicles dataset\Vehicles\1085.jpg,True,ف ه د٢٢٢٢,276,729,449,819,results\plates\plate_1085.jpg,0.96,1.0
1086.jpg,D:\GP\EALPR Vechicles dataset\Vehicles\1086.jpg,True,ن س ر٥٥٥٥,433,284,582,379,results\plates\plate_1086.jpg,0.82,1.0
1087.jpg,D:\GP\EALPR Vechicles dataset\Vehicles\1087.jpg,True,م م٩,271,465,423,549,results\plates\plate_1087.jpg,1.06,1.0
1088.jpg,D:\GP\EALPR Vechicles dataset\Vehicles\1088.jpg,True,ج ن أ٦٦٦,444,418,598,486,results\plates\plate_1088.jpg,0.85,1.0
1089.jpg,D:\GP\EALPR Vechicles dataset\Vehicles\1089.jpg,True,ن س ر٥٥٥٥,436,487,566,555,results\plates\plate_1089.jpg,1.02,1.0
1090.jpg,D:\GP\EALPR Vechicles dataset\Vehicles\1090.jpg,True,ن ن ن٥٥٥٥,402,435,643,552,results\plates\plate_1090.jpg,0.98,1.0
1091.jpg,D:\GP\EALPR Vechicles dataset\Vehicles\1091.jpg,True,س١١١,460,482,695,600,results\plates\plate_1091.jpg,0.97,1.0
1092.jpg,D:\GP\EALPR Vechicles dataset\Vehicles\1092.jpg,True,س١١١,320,508,607,652,results\plates\plate_1092.jpg,1.06,1.0
1093.jpg,D:\GP\EALPR Vechicles dataset\Vehicles\1093.jpg,True,س١١١١,368,540,527,621,results\plates\plate_1093.jpg,0.96,1.0
1094.jpg,D:\GP\EALPR Vechicles dataset\Vehicles\1094.jpg,True,س ه١١١١,517,585,729,696,results\plates\plate_1094.jpg,0.97,1.0
1095.jpg,D:\GP\EALPR Vechicles dataset\Vehicles\1095.jpg,True,س١١١١,381,326,435,356,results\plates\plate_1095.jpg,0.85,1.0
1096.jpg,D:\GP\EALPR Vechicles dataset\Vehicles\1096.jpg,True,ج ن أ٦٦٦,372,559,506,626,results\plates\plate_1096.jpg,0.94,1.0
1097.jpg,D:\GP\EALPR Vechicles dataset\Vehicles\1097.jpg,True,ن س ل ر٨٨٨,326,247,669,429,results\plates\plate_1097.jpg,1.12,1.0
1098.jpg,D:\GP\EALPR Vechicles dataset\Vehicles\1098.jpg,True,ن س ر٨٨٨,413,429,522,485,results\plates\plate_1098.jpg,0.94,1.0
1099.jpg,D:\GP\EALPR Vechicles dataset\Vehicles\1099.jpg,True,ن س ل٧٨١١٨١٨,503,276,576,318,results\plates\plate_1099.jpg,0.90,1.0
1100.jpg,D:\GP\EALPR Vechicles dataset\Vehicles\1100.jpg,True,ن س ل ي٨٨٨,451,285,657,390,results\plates\plate_1100.jpg,0.87,1.0
1101.jpg,D:\GP\EALPR Vechicles dataset\Vehicles\1101.jpg,True,س ع د٣٣٣٣,461,730,620,819,results\plates\plate_1101.jpg,0.98,1.0
1102.jpg,D:\GP\EALPR Vechicles dataset\Vehicles\1102.jpg,True,س ع د٣٣٣٣,284,268,430,345,results\plates\plate_1102.jpg,1.00,1.0
1103.jpg,D:\GP\EALPR Vechicles dataset\Vehicles\1103.jpg,True,ف ر س١١١١,346,497,436,544,results\plates\plate_1103.jpg,1.05,1.0
1104.jpg,D:\GP\EALPR Vechicles dataset\Vehicles\1104.jpg,True,ه١,464,423,612,500,results\plates\plate_1104.jpg,0.91,1.0
1105.jpg,D:\GP\EALPR Vechicles dataset\Vehicles\1105.jpg,True,ه١,392,512,536,598,results\plates\plate_1105.jpg,0.90,1.0
1106.jpg,D:\GP\EALPR Vechicles dataset\Vehicles\1106.jpg,True,ه١,381,439,501,525,results\plates\plate_1106.jpg,0.95,1.0
1107.jpg,D:\GP\EALPR Vechicles dataset\Vehicles\1107.jpg,True,أ٨,648,381,771,448,results\plates\plate_1107.jpg,0.92,1.0
1108.jpg,D:\GP\EALPR Vechicles dataset\Vehicles\1108.jpg,True,ه١,367,622,515,702,results\plates\plate_1108.jpg,0.95,1.0
1109.jpg,D:\GP\EALPR Vechicles dataset\Vehicles\1109.jpg,True,ن ن ن٦٦٦٦,352,574,483,644,results\plates\plate_1109.jpg,1.06,1.0
1110.jpg,D:\GP\EALPR Vechicles dataset\Vehicles\1110.jpg,True,ن٥,424,620,639,729,results\plates\plate_1110.jpg,0.96,1.0
1111.jpg,D:\GP\EALPR Vechicles dataset\Vehicles\1111.jpg,True,ع د ل٨٨٨٨,352,441,516,533,results\plates\plate_1111.jpg,0.91,1.0
1112.jpg,D:\GP\EALPR Vechicles dataset\Vehicles\1112.jpg,True,أ٨,415,586,561,661,results\plates\plate_1112.jpg,0.89,1.0
1113.jpg,D:\GP\EALPR Vechicles dataset\Vehicles\1113.jpg,True,ع د ل٩٩٩٩,227,576,465,698,results\plates\plate_1113.jpg,0.93,1.0
1114.jpg,D:\GP\EALPR Vechicles dataset\Vehicles\1114.jpg,True,أ١,364,385,525,472,results\plates\plate_1114.jpg,0.89,1.0
1115.jpg,D:\GP\EALPR Vechicles dataset\Vehicles\1115.jpg,True,د ف ل٦٦٦,489,480,653,568,results\plates\plate_1115.jpg,0.94,1.0
1116.jpg,D:\GP\EALPR Vechicles dataset\Vehicles\1116.jpg,True,ج ب ل٥٥٥٥,459,766,693,881,results\plates\plate_1116.jpg,0.93,1.0
1117.jpg,D:\GP\EALPR Vechicles dataset\Vehicles\1117.jpg,True,م١,382,756,606,842,results\plates\plate_1117.jpg,0.96,1.0
1118.jpg,D:\GP\EALPR Vechicles dataset\Vehicles\1118.jpg,True,م١,357,321,576,443,results\plates\plate_1118.jpg,0.84,1.0
1119.jpg,D:\GP\EALPR Vechicles dataset\Vehicles\1119.jpg,True,م ص ر١,438,373,675,491,results\plates\plate_1119.jpg,1.07,1.0
1120.jpg,D:\GP\EALPR Vechicles dataset\Vehicles\1120.jpg,True,م ص ر١,407,394,629,496,results\plates\plate_1120.jpg,0.83,1.0
1121.jpg,D:\GP\EALPR Vechicles dataset\Vehicles\1121.jpg,True,م ص ر١,592,365,808,480,results\plates\plate_1121.jpg,0.90,1.0
1122.jpg,D:\GP\EALPR Vechicles dataset\Vehicles\1122.jpg,True,أ٨,155,471,306,560,results\plates\plate_1122.jpg,0.98,1.0
1123.jpg,D:\GP\EALPR Vechicles dataset\Vehicles\1123.jpg,True,م م م١,338,226,596,361,results\plates\plate_1123.jpg,1.01,1.0
1124.jpg,D:\GP\EALPR Vechicles dataset\Vehicles\1124.jpg,True,م م م١,429,363,757,537,results\plates\plate_1124.jpg,1.31,1.0
1125.jpg,D:\GP\EALPR Vechicles dataset\Vehicles\1125.jpg,True,م م م١,388,321,719,496,results\plates\plate_1125.jpg,1.23,1.0
1126.jpg,D:\GP\EALPR Vechicles dataset\Vehicles\1126.jpg,True,م م م١,376,378,537,460,results\plates\plate_1126.jpg,1.25,1.0
1127.jpg,D:\GP\EALPR Vechicles dataset\Vehicles\1127.jpg,True,س ع د٢٢٢٢,329,325,458,396,results\plates\plate_1127.jpg,1.12,1.0
1128.jpg,D:\GP\EALPR Vechicles dataset\Vehicles\1128.jpg,True,ع ع٤٤٤٤,380,361,584,470,results\plates\plate_1128.jpg,1.09,1.0
1129.jpg,D:\GP\EALPR Vechicles dataset\Vehicles\1129.jpg,True,ع ع٤٤٤٤,431,544,785,720,results\plates\plate_1129.jpg,1.21,1.0
1130.jpg,D:\GP\EALPR Vechicles dataset\Vehicles\1130.jpg,True,ع ع٤٤٤٤,440,405,635,509,results\plates\plate_1130.jpg,1.61,1.0
1131.jpg,D:\GP\EALPR Vechicles dataset\Vehicles\1131.jpg,True,ن ن ن٦٦٦٦,449,448,590,521,results\plates\plate_1131.jpg,1.44,1.0
1132.jpg,D:\GP\EALPR Vechicles dataset\Vehicles\1132.jpg,True,د ه ب٥٥٥٥,272,311,349,352,results\plates\plate_1132.jpg,1.77,1.0
1133.jpg,D:\GP\EALPR Vechicles dataset\Vehicles\1133.jpg,True,ع ب د٩٩٩,608,656,724,741,results\plates\plate_1133.jpg,1.04,1.0
1134.jpg,D:\GP\EALPR Vechicles dataset\Vehicles\1134.jpg,True,ف ه د٦٦٦٦,374,474,533,554,results\plates\plate_1134.jpg,1.00,1.0
1135.jpg,D:\GP\EALPR Vechicles dataset\Vehicles\1135.jpg,True,ج ج ج٥٥٥٥,353,412,503,492,results\plates\plate_1135.jpg,1.09,1.0
1136.jpg,D:\GP\EALPR Vechicles dataset\Vehicles\1136.jpg,True,ع ب١,368,598,499,660,results\plates\plate_1136.jpg,1.10,1.0
1137.jpg,D:\GP\EALPR Vechicles dataset\Vehicles\1137.jpg,True,ق ق ق٢٢٢,509,435,687,524,results\plates\plate_1137.jpg,1.31,1.0
1138.jpg,D:\GP\EALPR Vechicles dataset\Vehicles\1138.jpg,True,ق ق ق٢٢٢,405,583,519,640,results\plates\plate_1138.jpg,1.08,1.0
1139.jpg,D:\GP\EALPR Vechicles dataset\Vehicles\1139.jpg,True,ق ق ق٢٢٢,447,386,633,478,results\plates\plate_1139.jpg,1.23,1.0
1140.jpg,D:\GP\EALPR Vechicles dataset\Vehicles\1140.jpg,True,س ي ف٩٩٩٩,296,353,450,432,results\plates\plate_1140.jpg,1.00,1.0
1141.jpg,D:\GP\EALPR Vechicles dataset\Vehicles\1141.jpg,True,ق ق ق٢٢٢,413,417,617,521,results\plates\plate_1141.jpg,1.70,1.0
1142.jpg,D:\GP\EALPR Vechicles dataset\Vehicles\1142.jpg,True,ر و ق٦٦٦٦,308,405,501,510,results\plates\plate_1142.jpg,1.11,1.0
1143.jpg,D:\GP\EALPR Vechicles dataset\Vehicles\1143.jpg,True,ط ط٩٩٩٩,432,339,789,534,results\plates\plate_1143.jpg,1.41,1.0
1144.jpg,D:\GP\EALPR Vechicles dataset\Vehicles\1144.jpg,True,ط ط٩٩٩٩,434,605,676,729,results\plates\plate_1144.jpg,1.24,1.0
1145.jpg,D:\GP\EALPR Vechicles dataset\Vehicles\1145.jpg,True,ط ط٩٩٩٩,416,338,668,462,results\plates\plate_1145.jpg,1.44,1.0
1146.jpg,D:\GP\EALPR Vechicles dataset\Vehicles\1146.jpg,True,ط ط٩٩٩٩,528,223,807,401,results\plates\plate_1146.jpg,1.25,1.0
1147.jpg,D:\GP\EALPR Vechicles dataset\Vehicles\1147.jpg,True,ر ر ر٣٣٣٣,336,468,518,565,results\plates\plate_1147.jpg,1.18,1.0
1148.jpg,D:\GP\EALPR Vechicles dataset\Vehicles\1148.jpg,True,ب ر و٦٦٦٦,490,703,668,790,results\plates\plate_1148.jpg,1.35,1.0
1149.jpg,D:\GP\EALPR Vechicles dataset\Vehicles\1149.jpg,True,ر ر ر٣٣٣٣,521,204,649,271,results\plates\plate_1149.jpg,1.03,1.0
1150.jpg,D:\GP\EALPR Vechicles dataset\Vehicles\1150.jpg,True,ر ر ر٣٣٣٣,448,369,648,469,results\plates\plate_1150.jpg,0.97,1.0
1151.jpg,D:\GP\EALPR Vechicles dataset\Vehicles\1151.jpg,True,م ص ر١١١١,178,393,796,722,results\plates\plate_1151.jpg,1.26,1.0
1152.jpg,D:\GP\EALPR Vechicles dataset\Vehicles\1152.jpg,True,م ص ر١١١١,350,643,706,809,results\plates\plate_1152.jpg,1.22,1.0
1153.jpg,D:\GP\EALPR Vechicles dataset\Vehicles\1153.jpg,True,م ص ر١١١,355,318,770,525,results\plates\plate_1153.jpg,1.11,1.0
1154.jpg,D:\GP\EALPR Vechicles dataset\Vehicles\1154.jpg,True,م ص ر١١١١,398,291,558,369,results\plates\plate_1154.jpg,1.02,1.0
1155.jpg,D:\GP\EALPR Vechicles dataset\Vehicles\1155.jpg,True,م م م٢٢٢,443,750,669,863,results\plates\plate_1155.jpg,1.22,1.0
1156.jpg,D:\GP\EALPR Vechicles dataset\Vehicles\1156.jpg,True,م م م٢٢٢,463,485,672,597,results\plates\plate_1156.jpg,1.00,1.0
1157.jpg,D:\GP\EALPR Vechicles dataset\Vehicles\1157.jpg,True,ج و د١١١١,482,582,763,727,results\plates\plate_1157.jpg,1.34,1.0
1158.jpg,D:\GP\EALPR Vechicles dataset\Vehicles\1158.jpg,True,ف ف٦٦٦٦,490,746,673,840,results\plates\plate_1158.jpg,1.23,1.0
1159.jpg,D:\GP\EALPR Vechicles dataset\Vehicles\1159.jpg,True,أ د م١١١١,305,556,879,876,results\plates\plate_1159.jpg,1.26,1.0
1160.jpg,D:\GP\EALPR Vechicles dataset\Vehicles\1160.jpg,True,أ د م١١١١,333,425,557,543,results\plates\plate_1160.jpg,1.23,1.0
1161.jpg,D:\GP\EALPR Vechicles dataset\Vehicles\1161.jpg,True,و و١,378,454,500,514,results\plates\plate_1161.jpg,1.06,1.0
1162.jpg,D:\GP\EALPR Vechicles dataset\Vehicles\1162.jpg,True,و و١,399,314,485,363,results\plates\plate_1162.jpg,1.14,1.0
1163.jpg,D:\GP\EALPR Vechicles dataset\Vehicles\1163.jpg,True,س ي د٢,645,755,796,836,results\plates\plate_1163.jpg,1.19,1.0
1164.jpg,D:\GP\EALPR Vechicles dataset\Vehicles\1164.jpg,True,أ ه م١,226,591,360,674,results\plates\plate_1164.jpg,1.13,1.0
1165.jpg,D:\GP\EALPR Vechicles dataset\Vehicles\1165.jpg,True,ر ر ر٧٧٧٧,621,503,771,586,results\plates\plate_1165.jpg,1.35,1.0
1166.jpg,D:\GP\EALPR Vechicles dataset\Vehicles\1166.jpg,True,ع ع ع١١١١,306,301,547,428,results\plates\plate_1166.jpg,1.06,1.0
1167.jpg,D:\GP\EALPR Vechicles dataset\Vehicles\1167.jpg,True,ع ع١١١١,399,589,566,667,results\plates\plate_1167.jpg,1.20,1.0
1168.jpg,D:\GP\EALPR Vechicles dataset\Vehicles\1168.jpg,True,ر ي م٤٤٤٤,238,390,393,471,results\plates\plate_1168.jpg,1.32,1.0
1169.jpg,D:\GP\EALPR Vechicles dataset\Vehicles\1169.jpg,True,ع ع ع١١١١,366,485,531,566,results\plates\plate_1169.jpg,1.06,1.0
1170.jpg,D:\GP\EALPR Vechicles dataset\Vehicles\1170.jpg,True,ف ه د٦٦٦٦,337,626,517,717,results\plates\plate_1170.jpg,1.14,1.0
1171.jpg,D:\GP\EALPR Vechicles dataset\Vehicles\1171.jpg,True,ف ف ف٥٥٥٥,386,345,493,396,results\plates\plate_1171.jpg,0.97,1.0
1172.jpg,D:\GP\EALPR Vechicles dataset\Vehicles\1172.jpg,True,ر١,482,658,754,791,results\plates\plate_1172.jpg,1.42,1.0
1173.jpg,D:\GP\EALPR Vechicles dataset\Vehicles\1173.jpg,True,ر١,382,238,656,377,results\plates\plate_1173.jpg,1.57,1.0
1174.jpg,D:\GP\EALPR Vechicles dataset\Vehicles\1174.jpg,True,ع١,378,605,495,662,results\plates\plate_1174.jpg,1.39,1.0
1175.jpg,D:\GP\EALPR Vechicles dataset\Vehicles\1175.jpg,True,ب١,429,675,659,783,results\plates\plate_1175.jpg,1.62,1.0
1176.jpg,D:\GP\EALPR Vechicles dataset\Vehicles\1176.jpg,True,أ ر٤٤٤٤,501,931,702,1030,results\plates\plate_1176.jpg,1.33,1.0
1177.jpg,D:\GP\EALPR Vechicles dataset\Vehicles\1177.jpg,True,أ١١١١,294,605,413,668,results\plates\plate_1177.jpg,1.21,1.0
1178.jpg,D:\GP\EALPR Vechicles dataset\Vehicles\1178.jpg,True,س س س١١١١,342,400,625,542,results\plates\plate_1178.jpg,1.27,1.0
1179.jpg,D:\GP\EALPR Vechicles dataset\Vehicles\1179.jpg,True,س س س٢٢٢٢,475,294,707,414,results\plates\plate_1179.jpg,1.10,1.0
1180.jpg,D:\GP\EALPR Vechicles dataset\Vehicles\1180.jpg,True,ع س ل٤٤٤,457,680,683,796,results\plates\plate_1180.jpg,1.23,1.0
1181.jpg,D:\GP\EALPR Vechicles dataset\Vehicles\1181.jpg,True,ب ب١,395,559,667,682,results\plates\plate_1181.jpg,1.24,1.0
1182.jpg,D:\GP\EALPR Vechicles dataset\Vehicles\1182.jpg,True,م ه م٦٦٦٦,541,506,654,571,results\plates\plate_1182.jpg,1.65,1.0
1183.jpg,D:\GP\EALPR Vechicles dataset\Vehicles\1183.jpg,True,س١,340,465,507,553,results\plates\plate_1183.jpg,1.41,1.0
1184.jpg,D:\GP\EALPR Vechicles dataset\Vehicles\1184.jpg,True,س١,385,560,551,634,results\plates\plate_1184.jpg,1.30,1.0
1185.jpg,D:\GP\EALPR Vechicles dataset\Vehicles\1185.jpg,True,ط م١,381,331,632,466,results\plates\plate_1185.jpg,1.14,1.0
1186.jpg,D:\GP\EALPR Vechicles dataset\Vehicles\1186.jpg,True,س١,342,456,462,518,results\plates\plate_1186.jpg,1.26,1.0
1187.jpg,D:\GP\EALPR Vechicles dataset\Vehicles\1187.jpg,True,م و ١,453,530,525,567,results\plates\plate_1187.jpg,1.27,1.0
1188.jpg,D:\GP\EALPR Vechicles dataset\Vehicles\1188.jpg,True,م م م١,294,624,486,729,results\plates\plate_1188.jpg,1.28,1.0
1189.jpg,D:\GP\EALPR Vechicles dataset\Vehicles\1189.jpg,True,ف ه د٦٦٦٦,325,637,481,711,results\plates\plate_1189.jpg,1.06,1.0
1190.jpg,D:\GP\EALPR Vechicles dataset\Vehicles\1190.jpg,True,أ ر٤٤٤٤,360,860,592,959,results\plates\plate_1190.jpg,1.37,1.0
1191.jpg,D:\GP\EALPR Vechicles dataset\Vehicles\1191.jpg,True,ر ع ب٧٧٧٧,692,644,782,698,results\plates\plate_1191.jpg,1.63,1.0
1192.jpg,D:\GP\EALPR Vechicles dataset\Vehicles\1192.jpg,True,أ ر٤٤٤٤,285,671,521,780,results\plates\plate_1192.jpg,1.53,1.0
1193.jpg,D:\GP\EALPR Vechicles dataset\Vehicles\1193.jpg,True,أ ر٤٤٤٤,317,717,555,828,results\plates\plate_1193.jpg,1.45,1.0
1194.jpg,D:\GP\EALPR Vechicles dataset\Vehicles\1194.jpg,True,ر ر ر٧٧٧٧,534,348,778,481,results\plates\plate_1194.jpg,1.17,1.0
1195.jpg,D:\GP\EALPR Vechicles dataset\Vehicles\1195.jpg,True,ر ر ر٧٧٧٧,694,347,974,486,results\plates\plate_1195.jpg,1.13,1.0
1196.jpg,D:\GP\EALPR Vechicles dataset\Vehicles\1196.jpg,True,د د١,332,461,510,558,results\plates\plate_1196.jpg,1.16,1.0
1197.jpg,D:\GP\EALPR Vechicles dataset\Vehicles\1197.jpg,True,ر ر ر٧٧٧٧,340,405,586,539,results\plates\plate_1197.jpg,1.09,1.0
1198.jpg,D:\GP\EALPR Vechicles dataset\Vehicles\1198.jpg,True,ص ق٧٧٧٧,372,581,547,667,results\plates\plate_1198.jpg,1.20,1.0
1199.jpg,D:\GP\EALPR Vechicles dataset\Vehicles\1199.jpg,True,ن و ر٦٦٦٦,419,494,654,613,results\plates\plate_1199.jpg,1.42,1.0
1200.jpg,D:\GP\EALPR Vechicles dataset\Vehicles\1200.jpg,True,ب ب ب٧٧٧٧,153,163,953,645,results\plates\plate_1200.jpg,1.07,1.0
1201.jpg,D:\GP\EALPR Vechicles dataset\Vehicles\1201.jpg,True,ب ب ب٧٧٧٧,317,454,492,568,results\plates\plate_1201.jpg,1.12,1.0
1202.jpg,D:\GP\EALPR Vechicles dataset\Vehicles\1202.jpg,True,أ أ أ٤٤٤٤,427,441,669,565,results\plates\plate_1202.jpg,1.09,1.0
1203.jpg,D:\GP\EALPR Vechicles dataset\Vehicles\1203.jpg,True,س س١,384,898,720,1064,results\plates\plate_1203.jpg,1.14,1.0
1204.jpg,D:\GP\EALPR Vechicles dataset\Vehicles\1204.jpg,True,م١,278,793,467,906,results\plates\plate_1204.jpg,1.16,1.0
1205.jpg,D:\GP\EALPR Vechicles dataset\Vehicles\1205.jpg,True,س أ١,244,452,400,536,results\plates\plate_1205.jpg,1.15,1.0
1206.jpg,D:\GP\EALPR Vechicles dataset\Vehicles\1206.jpg,True,و ل ع٦٦٦,512,594,689,683,results\plates\plate_1206.jpg,1.17,1.0
1207.jpg,D:\GP\EALPR Vechicles dataset\Vehicles\1207.jpg,True,أ ر٤٤٤٤,177,647,334,755,results\plates\plate_1207.jpg,1.18,1.0
1208.jpg,D:\GP\EALPR Vechicles dataset\Vehicles\1208.jpg,True,و ل ع٦٦٦,820,723,953,799,results\plates\plate_1208.jpg,1.43,1.0
1209.jpg,D:\GP\EALPR Vechicles dataset\Vehicles\1209.jpg,True,ل ل ل١١١١,413,230,550,298,results\plates\plate_1209.jpg,1.04,1.0
1210.jpg,D:\GP\EALPR Vechicles dataset\Vehicles\1210.jpg,True,ل ل ل١١١١,369,401,478,463,results\plates\plate_1210.jpg,1.01,1.0
1211.jpg,D:\GP\EALPR Vechicles dataset\Vehicles\1211.jpg,True,ل ل ل ي١١١١,215,666,332,730,results\plates\plate_1211.jpg,1.16,1.0
1212.jpg,D:\GP\EALPR Vechicles dataset\Vehicles\1212.jpg,True,د د١,456,339,655,443,results\plates\plate_1212.jpg,1.10,1.0
1213.jpg,D:\GP\EALPR Vechicles dataset\Vehicles\1213.jpg,True,ه ه ه٣٣٣,384,637,536,711,results\plates\plate_1213.jpg,1.11,1.0
1214.jpg,D:\GP\EALPR Vechicles dataset\Vehicles\1214.jpg,True,أ أ٤٤٤٤,265,212,363,264,results\plates\plate_1214.jpg,1.19,1.0
1215.jpg,D:\GP\EALPR Vechicles dataset\Vehicles\1215.jpg,True,ه ه ه٣٣٣,386,361,630,487,results\plates\plate_1215.jpg,1.13,1.0
1216.jpg,D:\GP\EALPR Vechicles dataset\Vehicles\1216.jpg,True,غ ع ه ي ب٣٣,435,562,547,621,results\plates\plate_1216.jpg,1.10,1.0
1217.jpg,D:\GP\EALPR Vechicles dataset\Vehicles\1217.jpg,True,أ١  ٨,543,292,627,337,results\plates\plate_1217.jpg,0.93,1.0
1218.jpg,D:\GP\EALPR Vechicles dataset\Vehicles\1218.jpg,True,أ س د١,366,480,540,573,results\plates\plate_1218.jpg,1.06,1.0
1219.jpg,D:\GP\EALPR Vechicles dataset\Vehicles\1219.jpg,True,أ س د١,343,428,515,519,results\plates\plate_1219.jpg,1.01,1.0
1220.jpg,D:\GP\EALPR Vechicles dataset\Vehicles\1220.jpg,True,ف ف ف٦٦٦٦,442,579,534,637,results\plates\plate_1220.jpg,1.33,1.0
1221.jpg,D:\GP\EALPR Vechicles dataset\Vehicles\1221.jpg,True,س س١,406,446,486,491,results\plates\plate_1221.jpg,1.02,1.0
1222.jpg,D:\GP\EALPR Vechicles dataset\Vehicles\1222.jpg,True,أ١١١١,296,505,417,566,results\plates\plate_1222.jpg,1.17,1.0
1223.jpg,D:\GP\EALPR Vechicles dataset\Vehicles\1223.jpg,True,ف ف ف٦٦٦٦,486,448,598,504,results\plates\plate_1223.jpg,1.01,1.0
1224.jpg,D:\GP\EALPR Vechicles dataset\Vehicles\1224.jpg,True,ه س١١١١,438,246,524,313,results\plates\plate_1224.jpg,0.91,1.0
1225.jpg,D:\GP\EALPR Vechicles dataset\Vehicles\1225.jpg,True,س س س٤٤٤٤,266,260,846,540,results\plates\plate_1225.jpg,0.95,1.0
1226.jpg,D:\GP\EALPR Vechicles dataset\Vehicles\1226.jpg,True,ف١,331,637,482,711,results\plates\plate_1226.jpg,1.03,1.0
1227.jpg,D:\GP\EALPR Vechicles dataset\Vehicles\1227.jpg,True,س س س٤٤٤٤,310,182,767,417,results\plates\plate_1227.jpg,1.06,1.0
1228.jpg,D:\GP\EALPR Vechicles dataset\Vehicles\1228.jpg,True,ف ف ف٤٤٤٤,388,463,673,601,results\plates\plate_1228.jpg,1.06,1.0
1229.jpg,D:\GP\EALPR Vechicles dataset\Vehicles\1229.jpg,True,أ و ل١,378,480,538,565,results\plates\plate_1229.jpg,1.19,1.0
1230.jpg,D:\GP\EALPR Vechicles dataset\Vehicles\1230.jpg,True,د ر ر١,374,642,496,716,results\plates\plate_1230.jpg,1.01,1.0
1231.jpg,D:\GP\EALPR Vechicles dataset\Vehicles\1231.jpg,True,ف ف ف٤٤٤٤,276,430,491,557,results\plates\plate_1231.jpg,1.06,1.0
1232.jpg,D:\GP\EALPR Vechicles dataset\Vehicles\1232.jpg,True,ف ف ف٤٤٤٤,208,134,859,472,results\plates\plate_1232.jpg,1.04,1.0
1233.jpg,D:\GP\EALPR Vechicles dataset\Vehicles\1233.jpg,True,ف ف ف٤٤٤٤,317,463,581,607,results\plates\plate_1233.jpg,1.04,1.0
1234.jpg,D:\GP\EALPR Vechicles dataset\Vehicles\1234.jpg,True,أ ب أ١١١,276,558,438,645,results\plates\plate_1234.jpg,0.99,1.0
1235.jpg,D:\GP\EALPR Vechicles dataset\Vehicles\1235.jpg,True,م ه م٦٦٦,434,626,542,681,results\plates\plate_1235.jpg,1.07,1.0
1236.jpg,D:\GP\EALPR Vechicles dataset\Vehicles\1236.jpg,True,س س١,365,480,583,595,results\plates\plate_1236.jpg,1.01,1.0
1237.jpg,D:\GP\EALPR Vechicles dataset\Vehicles\1237.jpg,True,س أ م٦٦٦٦,316,274,432,337,results\plates\plate_1237.jpg,1.02,1.0
1238.jpg,D:\GP\EALPR Vechicles dataset\Vehicles\1238.jpg,True,س أ م٦٦٦٦,348,357,464,419,results\plates\plate_1238.jpg,1.02,1.0
1239.jpg,D:\GP\EALPR Vechicles dataset\Vehicles\1239.jpg,True,س أ م٦٦٦٦,358,366,493,439,results\plates\plate_1239.jpg,1.12,1.0
1240.jpg,D:\GP\EALPR Vechicles dataset\Vehicles\1240.jpg,True,س أ م٦٦٦٦,379,431,510,500,results\plates\plate_1240.jpg,1.17,1.0
1241.jpg,D:\GP\EALPR Vechicles dataset\Vehicles\1241.jpg,True,س أ م٦٦٦٦,396,487,528,557,results\plates\plate_1241.jpg,1.08,1.0
1242.jpg,D:\GP\EALPR Vechicles dataset\Vehicles\1242.jpg,True,س أ م٦٦٦٦,373,525,505,596,results\plates\plate_1242.jpg,1.10,1.0
1243.jpg,D:\GP\EALPR Vechicles dataset\Vehicles\1243.jpg,True,ع و ق٢٦٤,543,432,706,516,results\plates\plate_1243.jpg,1.33,1.0
1244.jpg,D:\GP\EALPR Vechicles dataset\Vehicles\1244.jpg,True,س أ م٦٦٦٦,361,611,473,674,results\plates\plate_1244.jpg,1.12,1.0
1245.jpg,D:\GP\EALPR Vechicles dataset\Vehicles\1245.jpg,True,س أ م٦٦٦٦,547,521,654,586,results\plates\plate_1245.jpg,1.45,1.0
1246.jpg,D:\GP\EALPR Vechicles dataset\Vehicles\1246.jpg,True,س أ م٦٦٦٦,392,532,499,593,results\plates\plate_1246.jpg,1.40,1.0
1247.jpg,D:\GP\EALPR Vechicles dataset\Vehicles\1247.jpg,True,س أ م٦٦٦٦,347,448,451,506,results\plates\plate_1247.jpg,1.38,1.0
1248.jpg,D:\GP\EALPR Vechicles dataset\Vehicles\1248.jpg,True,ع ب١,374,907,521,983,results\plates\plate_1248.jpg,1.32,1.0
1249.jpg,D:\GP\EALPR Vechicles dataset\Vehicles\1249.jpg,True,ع ب١,303,579,468,674,results\plates\plate_1249.jpg,1.40,1.0
1250.jpg,D:\GP\EALPR Vechicles dataset\Vehicles\1250.jpg,True,و ه م٦٦٦٦,426,313,518,366,results\plates\plate_1250.jpg,1.44,1.0
1251.jpg,D:\GP\EALPR Vechicles dataset\Vehicles\1251.jpg,True,ج ن ن٦٦٦٦,285,446,492,581,results\plates\plate_1251.jpg,1.05,1.0
1252.jpg,D:\GP\EALPR Vechicles dataset\Vehicles\1252.jpg,True,أ٨,367,417,487,482,results\plates\plate_1252.jpg,1.18,1.0
1253.jpg,D:\GP\EALPR Vechicles dataset\Vehicles\1253.jpg,True,أ٨,342,493,479,565,results\plates\plate_1253.jpg,1.87,1.0
1254.jpg,D:\GP\EALPR Vechicles dataset\Vehicles\1254.jpg,True,ع ع ع٢٢٢٢,350,691,469,753,results\plates\plate_1254.jpg,1.30,1.0
1255.jpg,D:\GP\EALPR Vechicles dataset\Vehicles\1255.jpg,True,ع م و١,327,484,460,550,results\plates\plate_1255.jpg,1.32,1.0
1256.jpg,D:\GP\EALPR Vechicles dataset\Vehicles\1256.jpg,True,أ ه م٨٨٨٨,407,433,550,499,results\plates\plate_1256.jpg,1.02,1.0
1257.jpg,D:\GP\EALPR Vechicles dataset\Vehicles\1257.jpg,True,أ ه م٨٨٨٨,575,424,684,477,results\plates\plate_1257.jpg,1.13,1.0
1258.jpg,D:\GP\EALPR Vechicles dataset\Vehicles\1258.jpg,True,ق ق٣٣٣٣,454,274,582,338,results\plates\plate_1258.jpg,1.04,1.0
1259.jpg,D:\GP\EALPR Vechicles dataset\Vehicles\1259.jpg,True,ق ق٣٣٣٣,455,344,561,396,results\plates\plate_1259.jpg,1.01,1.0
1260.jpg,D:\GP\EALPR Vechicles dataset\Vehicles\1260.jpg,True,أ أ أ٣٣٣,124,198,842,577,results\plates\plate_1260.jpg,1.03,1.0
1261.jpg,D:\GP\EALPR Vechicles dataset\Vehicles\1261.jpg,True,د ف ل٦٦٦,470,473,647,561,results\plates\plate_1261.jpg,1.11,1.0
1262.jpg,D:\GP\EALPR Vechicles dataset\Vehicles\1262.jpg,True,ر أ١١١,338,550,457,616,results\plates\plate_1262.jpg,1.22,1.0
1263.jpg,D:\GP\EALPR Vechicles dataset\Vehicles\1263.jpg,True,د ف ل٦٦٦,480,501,626,568,results\plates\plate_1263.jpg,1.01,1.0
1264.jpg,D:\GP\EALPR Vechicles dataset\Vehicles\1264.jpg,True,ص ص ص٦٦٦,819,635,886,669,results\plates\plate_1264.jpg,1.30,1.0
1265.jpg,D:\GP\EALPR Vechicles dataset\Vehicles\1265.jpg,True,ص س ص ي٦٦٦,462,324,542,368,results\plates\plate_1265.jpg,0.97,1.0
1266.jpg,D:\GP\EALPR Vechicles dataset\Vehicles\1266.jpg,True,ص ص ص٦٦٦,322,603,472,683,results\plates\plate_1266.jpg,1.17,1.0
1267.jpg,D:\GP\EALPR Vechicles dataset\Vehicles\1267.jpg,True,ف ف ف٩٩٩٩,247,363,438,473,results\plates\plate_1267.jpg,1.02,1.0
1268.jpg,D:\GP\EALPR Vechicles dataset\Vehicles\1268.jpg,True,ف ف ف٩٩٩٩,219,295,437,419,results\plates\plate_1268.jpg,1.12,1.0
1269.jpg,D:\GP\EALPR Vechicles dataset\Vehicles\1269.jpg,True,أ أ أ٣٣٣,369,319,590,434,results\plates\plate_1269.jpg,1.10,1.0
1270.jpg,D:\GP\EALPR Vechicles dataset\Vehicles\1270.jpg,True,ص ص ص٦٦٦,248,343,414,455,results\plates\plate_1270.jpg,1.17,1.0
1271.jpg,D:\GP\EALPR Vechicles dataset\Vehicles\1271.jpg,True,ج م ل٩٩٩,234,240,408,335,results\plates\plate_1271.jpg,1.23,1.0
1272.jpg,D:\GP\EALPR Vechicles dataset\Vehicles\1272.jpg,True,ص ص ص٦٦٦,224,416,392,529,results\plates\plate_1272.jpg,1.27,1.0
1273.jpg,D:\GP\EALPR Vechicles dataset\Vehicles\1273.jpg,True,ص ص ص٦٦٦,389,316,544,397,results\plates\plate_1273.jpg,1.34,1.0
1274.jpg,D:\GP\EALPR Vechicles dataset\Vehicles\1274.jpg,True,ص ص ص٦٦٦,549,271,695,346,results\plates\plate_1274.jpg,1.20,1.0
1275.jpg,D:\GP\EALPR Vechicles dataset\Vehicles\1275.jpg,True,س س٧٧٧٧,552,441,754,556,results\plates\plate_1275.jpg,1.55,1.0
1276.jpg,D:\GP\EALPR Vechicles dataset\Vehicles\1276.jpg,True,س س٧٧٧٧,576,344,756,464,results\plates\plate_1276.jpg,1.33,1.0
1277.jpg,D:\GP\EALPR Vechicles dataset\Vehicles\1277.jpg,True,ه ر م٩٩٩٩,350,415,528,498,results\plates\plate_1277.jpg,1.99,1.0
1278.jpg,D:\GP\EALPR Vechicles dataset\Vehicles\1278.jpg,True,س س٧٧٧٧,346,664,506,754,results\plates\plate_1278.jpg,2.11,1.0
1279.jpg,D:\GP\EALPR Vechicles dataset\Vehicles\1279.jpg,True,د د د٣٣٣,386,325,570,428,results\plates\plate_1279.jpg,1.39,1.0
1280.jpg,D:\GP\EALPR Vechicles dataset\Vehicles\1280.jpg,True,ط ر١,284,487,433,581,results\plates\plate_1280.jpg,1.55,1.0
1281.jpg,D:\GP\EALPR Vechicles dataset\Vehicles\1281.jpg,True,ط ر١,354,557,491,634,results\plates\plate_1281.jpg,1.13,1.0
1282.jpg,D:\GP\EALPR Vechicles dataset\Vehicles\1282.jpg,True,أ أ أ٣٣٣,408,313,612,417,results\plates\plate_1282.jpg,1.15,1.0
1283.jpg,D:\GP\EALPR Vechicles dataset\Vehicles\1283.jpg,True,ر١,192,452,323,532,results\plates\plate_1283.jpg,1.06,1.0
1284.jpg,D:\GP\EALPR Vechicles dataset\Vehicles\1284.jpg,True,أ و س٢٢٢,353,359,458,413,results\plates\plate_1284.jpg,1.75,1.0
1285.jpg,D:\GP\EALPR Vechicles dataset\Vehicles\1285.jpg,True,ي ي ي٦٦٦٦,400,607,575,693,results\plates\plate_1285.jpg,1.18,1.0
1286.jpg,D:\GP\EALPR Vechicles dataset\Vehicles\1286.jpg,True,م١,392,795,611,890,results\plates\plate_1286.jpg,1.15,1.0
1287.jpg,D:\GP\EALPR Vechicles dataset\Vehicles\1287.jpg,True,ي ي ي٦٦٦٦,230,808,349,878,results\plates\plate_1287.jpg,1.09,1.0
1288.jpg,D:\GP\EALPR Vechicles dataset\Vehicles\1288.jpg,True,و و و٧٧٧,469,253,609,325,results\plates\plate_1288.jpg,1.05,1.0
1289.jpg,D:\GP\EALPR Vechicles dataset\Vehicles\1289.jpg,True,ن ه ي٧٧٧,258,149,420,217,results\plates\plate_1289.jpg,1.27,1.0
1290.jpg,D:\GP\EALPR Vechicles dataset\Vehicles\1290.jpg,True,ن ه ي٧٧٧,290,141,380,189,results\plates\plate_1290.jpg,1.18,1.0
1291.jpg,D:\GP\EALPR Vechicles dataset\Vehicles\1291.jpg,True,س أ م٦٦٦٦,380,447,475,498,results\plates\plate_1291.jpg,1.72,1.0
1292.jpg,D:\GP\EALPR Vechicles dataset\Vehicles\1292.jpg,True,ه ر١,268,249,367,302,results\plates\plate_1292.jpg,1.32,1.0
1293.jpg,D:\GP\EALPR Vechicles dataset\Vehicles\1293.jpg,True,ه س١,366,385,483,448,results\plates\plate_1293.jpg,0.91,1.0
1294.jpg,D:\GP\EALPR Vechicles dataset\Vehicles\1294.jpg,True,ه أ م٣٣٣٣,380,0,715,195,results\plates\plate_1294.jpg,1.19,1.0
1295.jpg,D:\GP\EALPR Vechicles dataset\Vehicles\1295.jpg,True,أ أ أ٢٢٢٢,802,402,937,500,results\plates\plate_1295.jpg,1.34,1.0
1296.jpg,D:\GP\EALPR Vechicles dataset\Vehicles\1296.jpg,True,أ س د٤٤٤٤,435,310,640,415,results\plates\plate_1296.jpg,1.04,1.0
1297.jpg,D:\GP\EALPR Vechicles dataset\Vehicles\1297.jpg,True,ط أ١,425,557,712,711,results\plates\plate_1297.jpg,1.28,1.0
1298.jpg,D:\GP\EALPR Vechicles dataset\Vehicles\1298.jpg,True,أ س د٤٤٤٤,743,404,863,460,results\plates\plate_1298.jpg,1.58,1.0
1299.jpg,D:\GP\EALPR Vechicles dataset\Vehicles\1299.jpg,True,أ س د٤٤٤٤,611,364,785,462,results\plates\plate_1299.jpg,1.66,1.0
1300.jpg,D:\GP\EALPR Vechicles dataset\Vehicles\1300.jpg,True,ن ن ن٦٦٦٦,452,460,662,575,results\plates\plate_1300.jpg,1.48,1.0
1301.jpg,D:\GP\EALPR Vechicles dataset\Vehicles\1301.jpg,True,ن ن ج٦٦٦٦,284,525,479,626,results\plates\plate_1301.jpg,1.35,1.0
1302.jpg,D:\GP\EALPR Vechicles dataset\Vehicles\1302.jpg,True,أ٧,287,242,551,387,results\plates\plate_1302.jpg,1.12,1.0
1303.jpg,D:\GP\EALPR Vechicles dataset\Vehicles\1303.jpg,True,ص م٧١٤٥,426,467,519,523,results\plates\plate_1303.jpg,1.28,1.0
1304.jpg,D:\GP\EALPR Vechicles dataset\Vehicles\1304.jpg,True,أ ه٩١٦,397,434,461,471,results\plates\plate_1304.jpg,0.86,1.0
1305.jpg,D:\GP\EALPR Vechicles dataset\Vehicles\1305.jpg,True,ي ر١,607,707,859,836,results\plates\plate_1305.jpg,1.09,1.0
1306.jpg,D:\GP\EALPR Vechicles dataset\Vehicles\1306.jpg,True,أ س د٤,411,763,595,850,results\plates\plate_1306.jpg,1.04,1.0
1307.jpg,D:\GP\EALPR Vechicles dataset\Vehicles\1307.jpg,True,ه س١,378,388,479,443,results\plates\plate_1307.jpg,0.99,1.0
1308.jpg,D:\GP\EALPR Vechicles dataset\Vehicles\1308.jpg,True,ن ج م٦٦٦٦,301,624,558,749,results\plates\plate_1308.jpg,1.08,1.0
1309.jpg,D:\GP\EALPR Vechicles dataset\Vehicles\1309.jpg,True,م ه م٣٣٣٣,232,562,320,609,results\plates\plate_1309.jpg,1.00,1.0
1310.jpg,D:\GP\EALPR Vechicles dataset\Vehicles\1310.jpg,True,م ه م٤٤٤٤,411,435,663,564,results\plates\plate_1310.jpg,1.04,1.0
1311.jpg,D:\GP\EALPR Vechicles dataset\Vehicles\1311.jpg,True,ب ص٦٦٦٦,316,255,457,336,results\plates\plate_1311.jpg,1.23,1.0
1312.jpg,D:\GP\EALPR Vechicles dataset\Vehicles\1312.jpg,True,م ه م٤٤٤٤,656,435,914,563,results\plates\plate_1312.jpg,1.05,1.0
1313.jpg,D:\GP\EALPR Vechicles dataset\Vehicles\1313.jpg,True,م ه م٤٤٤٤,210,305,384,391,results\plates\plate_1313.jpg,1.05,1.0
1314.jpg,D:\GP\EALPR Vechicles dataset\Vehicles\1314.jpg,True,م ه م٤٤٤٤,394,453,576,552,results\plates\plate_1314.jpg,1.51,1.0
1315.jpg,D:\GP\EALPR Vechicles dataset\Vehicles\1315.jpg,True,ه س١,414,412,526,485,results\plates\plate_1315.jpg,1.26,1.0
1316.jpg,D:\GP\EALPR Vechicles dataset\Vehicles\1316.jpg,True,ه ه ه٥٥٥٥,439,477,548,533,results\plates\plate_1316.jpg,1.20,1.0
1317.jpg,D:\GP\EALPR Vechicles dataset\Vehicles\1317.jpg,True,ه ه ه٥٥٥٥,311,645,459,722,results\plates\plate_1317.jpg,1.00,1.0
1318.jpg,D:\GP\EALPR Vechicles dataset\Vehicles\1318.jpg,True,و و٦٦٦٦,343,391,582,511,results\plates\plate_1318.jpg,1.05,1.0
1319.jpg,D:\GP\EALPR Vechicles dataset\Vehicles\1319.jpg,True,أ و ل٩٩٩٩,400,841,650,965,results\plates\plate_1319.jpg,1.66,1.0
1320.jpg,D:\GP\EALPR Vechicles dataset\Vehicles\1320.jpg,True,أ ط٥٥٥٥,223,911,481,1024,results\plates\plate_1320.jpg,1.90,1.0
1321.jpg,D:\GP\EALPR Vechicles dataset\Vehicles\1321.jpg,True,د ف ل٦٦٦,109,323,231,394,results\plates\plate_1321.jpg,1.62,1.0
1322.jpg,D:\GP\EALPR Vechicles dataset\Vehicles\1322.jpg,True,أ و ل١١١١,384,497,536,576,results\plates\plate_1322.jpg,1.16,1.0
1323.jpg,D:\GP\EALPR Vechicles dataset\Vehicles\1323.jpg,True,ص ق ر٨٨٨٨,230,522,341,579,results\plates\plate_1323.jpg,1.13,1.0
1324.jpg,D:\GP\EALPR Vechicles dataset\Vehicles\1324.jpg,True,أ أ أ٩,461,709,609,785,results\plates\plate_1324.jpg,1.21,1.0
1325.jpg,D:\GP\EALPR Vechicles dataset\Vehicles\1325.jpg,True,ن و ر٢٢٢٢,448,317,662,426,results\plates\plate_1325.jpg,1.89,1.0
1326.jpg,D:\GP\EALPR Vechicles dataset\Vehicles\1326.jpg,True,ن و ر٢٢٢٢,203,317,617,550,results\plates\plate_1326.jpg,1.43,1.0
1327.jpg,D:\GP\EALPR Vechicles dataset\Vehicles\1327.jpg,True,أ ن ج٤٤٤٤,329,664,492,748,results\plates\plate_1327.jpg,1.15,1.0
1328.jpg,D:\GP\EALPR Vechicles dataset\Vehicles\1328.jpg,True,س ع د٧٧٧٧,369,272,450,316,results\plates\plate_1328.jpg,1.60,1.0
1329.jpg,D:\GP\EALPR Vechicles dataset\Vehicles\1329.jpg,True,ب ط ل٧٧٧٧,404,717,617,817,results\plates\plate_1329.jpg,1.39,1.0
1330.jpg,D:\GP\EALPR Vechicles dataset\Vehicles\1330.jpg,True,ع٥٥,386,369,488,422,results\plates\plate_1330.jpg,2.07,1.0
1331.jpg,D:\GP\EALPR Vechicles dataset\Vehicles\1331.jpg,True,س ع د٧٧٧٧,385,536,480,590,results\plates\plate_1331.jpg,1.54,1.0
1332.jpg,D:\GP\EALPR Vechicles dataset\Vehicles\1332.jpg,True,س ع د٩٩٩,368,406,709,573,results\plates\plate_1332.jpg,1.42,1.0
1333.jpg,D:\GP\EALPR Vechicles dataset\Vehicles\1333.jpg,True,أ أ أ٧٧٧٧,331,472,500,562,results\plates\plate_1333.jpg,1.68,1.0
1334.jpg,D:\GP\EALPR Vechicles dataset\Vehicles\1334.jpg,True,أ أ أ٧٧٧٧,329,415,533,520,results\plates\plate_1334.jpg,2.69,1.0
1335.jpg,D:\GP\EALPR Vechicles dataset\Vehicles\1335.jpg,True,أ ن ج٤٤٤٤,342,482,471,550,results\plates\plate_1335.jpg,2.23,1.0
1336.jpg,D:\GP\EALPR Vechicles dataset\Vehicles\1336.jpg,True,م م٢,321,492,476,565,results\plates\plate_1336.jpg,1.69,1.0
1337.jpg,D:\GP\EALPR Vechicles dataset\Vehicles\1337.jpg,True,أ أ أ٧٧٧٧,456,341,587,409,results\plates\plate_1337.jpg,1.67,1.0
1338.jpg,D:\GP\EALPR Vechicles dataset\Vehicles\1338.jpg,True,د ه ب٣,244,405,375,467,results\plates\plate_1338.jpg,1.85,1.0
1339.jpg,D:\GP\EALPR Vechicles dataset\Vehicles\1339.jpg,True,ن م ر٧٧,540,522,757,638,results\plates\plate_1339.jpg,0.98,1.0
1340.jpg,D:\GP\EALPR Vechicles dataset\Vehicles\1340.jpg,True,أ١١١,309,577,694,770,results\plates\plate_1340.jpg,1.22,1.0
1341.jpg,D:\GP\EALPR Vechicles dataset\Vehicles\1341.jpg,True,أ١١١,406,417,639,530,results\plates\plate_1341.jpg,1.34,1.0
1342.jpg,D:\GP\EALPR Vechicles dataset\Vehicles\1342.jpg,True,س س٣٣٣٣,372,694,507,760,results\plates\plate_1342.jpg,1.41,1.0
1343.jpg,D:\GP\EALPR Vechicles dataset\Vehicles\1343.jpg,True,ي ي ي٨٨٨٨,411,666,639,773,results\plates\plate_1343.jpg,1.39,1.0
1344.jpg,D:\GP\EALPR Vechicles dataset\Vehicles\1344.jpg,True,أ ب أ١١١,315,445,455,518,results\plates\plate_1344.jpg,1.07,1.0
1345.jpg,D:\GP\EALPR Vechicles dataset\Vehicles\1345.jpg,True,ق ي ي ي٨٨٨٨,563,340,662,389,results\plates\plate_1345.jpg,1.25,1.0
1346.jpg,D:\GP\EALPR Vechicles dataset\Vehicles\1346.jpg,True,ي ي ي٨٨٨٨,364,479,526,559,results\plates\plate_1346.jpg,1.51,1.0
1347.jpg,D:\GP\EALPR Vechicles dataset\Vehicles\1347.jpg,True,ه ه ه٣٣٣,230,636,312,686,results\plates\plate_1347.jpg,1.26,1.0
1348.jpg,D:\GP\EALPR Vechicles dataset\Vehicles\1348.jpg,True,ه ه ه٣٣٣,446,431,758,568,results\plates\plate_1348.jpg,1.09,1.0
1349.jpg,D:\GP\EALPR Vechicles dataset\Vehicles\1349.jpg,True,ر س١١١١,486,298,647,383,results\plates\plate_1349.jpg,1.20,1.0
1350.jpg,D:\GP\EALPR Vechicles dataset\Vehicles\1350.jpg,True,س س٣٣٣٣,377,613,538,699,results\plates\plate_1350.jpg,1.17,1.0
1351.jpg,D:\GP\EALPR Vechicles dataset\Vehicles\1351.jpg,True,ر ن ج٤٤٤٤,703,853,856,931,results\plates\plate_1351.jpg,1.10,1.0
1352.jpg,D:\GP\EALPR Vechicles dataset\Vehicles\1352.jpg,True,ن ج م١١١١,424,486,487,520,results\plates\plate_1352.jpg,1.13,1.0
1353.jpg,D:\GP\EALPR Vechicles dataset\Vehicles\1353.jpg,True,ن ج م١١١١,277,400,743,541,results\plates\plate_1353.jpg,1.27,1.0
1354.jpg,D:\GP\EALPR Vechicles dataset\Vehicles\1354.jpg,True,ن ج م١١١١,490,518,655,606,results\plates\plate_1354.jpg,1.19,1.0
1355.jpg,D:\GP\EALPR Vechicles dataset\Vehicles\1355.jpg,True,ب ج ط ه ل١١١١,466,538,597,597,results\plates\plate_1355.jpg,1.22,1.0
1356.jpg,D:\GP\EALPR Vechicles dataset\Vehicles\1356.jpg,True,م م٢,299,616,462,713,results\plates\plate_1356.jpg,1.11,1.0
1357.jpg,D:\GP\EALPR Vechicles dataset\Vehicles\1357.jpg,True,أ ه م٩٩٩٩,315,561,494,654,results\plates\plate_1357.jpg,1.58,1.0
1358.jpg,D:\GP\EALPR Vechicles dataset\Vehicles\1358.jpg,True,ع و ق٢٦٤,212,550,423,640,results\plates\plate_1358.jpg,1.19,1.0
1359.jpg,D:\GP\EALPR Vechicles dataset\Vehicles\1359.jpg,True,م م٢,450,441,576,510,results\plates\plate_1359.jpg,1.30,1.0
1360.jpg,D:\GP\EALPR Vechicles dataset\Vehicles\1360.jpg,True,م م٢,361,553,536,636,results\plates\plate_1360.jpg,1.12,1.0
1361.jpg,D:\GP\EALPR Vechicles dataset\Vehicles\1361.jpg,True,ع ف١,209,398,522,555,results\plates\plate_1361.jpg,1.31,1.0
1362.jpg,D:\GP\EALPR Vechicles dataset\Vehicles\1362.jpg,True,ق ط ه١١١,470,528,696,643,results\plates\plate_1362.jpg,1.18,1.0
1363.jpg,D:\GP\EALPR Vechicles dataset\Vehicles\1363.jpg,True,أ ه م٩٩٩٩,418,543,620,656,results\plates\plate_1363.jpg,1.39,1.0
1364.jpg,D:\GP\EALPR Vechicles dataset\Vehicles\1364.jpg,True,م ه م٢٢٢٢,592,503,662,547,results\plates\plate_1364.jpg,1.24,1.0
1365.jpg,D:\GP\EALPR Vechicles dataset\Vehicles\1365.jpg,True,م ه م٢٢٢٢,450,595,570,659,results\plates\plate_1365.jpg,1.56,1.0
1366.jpg,D:\GP\EALPR Vechicles dataset\Vehicles\1366.jpg,True,م ه م٢٢٢٢,368,696,615,824,results\plates\plate_1366.jpg,1.55,1.0
1367.jpg,D:\GP\EALPR Vechicles dataset\Vehicles\1367.jpg,True,م د و٦٦٦٦,321,406,443,468,results\plates\plate_1367.jpg,1.35,1.0
1368.jpg,D:\GP\EALPR Vechicles dataset\Vehicles\1368.jpg,True,ف ف ف١١١١,452,302,697,429,results\plates\plate_1368.jpg,1.74,1.0
1369.jpg,D:\GP\EALPR Vechicles dataset\Vehicles\1369.jpg,True,م ه م٢٢٢٢,409,309,596,392,results\plates\plate_1369.jpg,1.05,1.0
1370.jpg,D:\GP\EALPR Vechicles dataset\Vehicles\1370.jpg,True,و أ و٥٥٥,311,369,687,575,results\plates\plate_1370.jpg,1.28,1.0
1371.jpg,D:\GP\EALPR Vechicles dataset\Vehicles\1371.jpg,True,و أ و٥٥٥,451,354,680,468,results\plates\plate_1371.jpg,1.16,1.0
1372.jpg,D:\GP\EALPR Vechicles dataset\Vehicles\1372.jpg,True,و أ و٥٥٥,493,441,641,513,results\plates\plate_1372.jpg,1.28,1.0
1373.jpg,D:\GP\EALPR Vechicles dataset\Vehicles\1373.jpg,True,ه ل ب٧٧٧,413,633,654,773,results\plates\plate_1373.jpg,1.23,1.0
1374.jpg,D:\GP\EALPR Vechicles dataset\Vehicles\1374.jpg,True,ع ل ي٩٩٩٩,195,545,618,753,results\plates\plate_1374.jpg,1.41,1.0
1375.jpg,D:\GP\EALPR Vechicles dataset\Vehicles\1375.jpg,True,ع ل ي٩٩٩٩,425,306,708,449,results\plates\plate_1375.jpg,1.11,1.0
1376.jpg,D:\GP\EALPR Vechicles dataset\Vehicles\1376.jpg,True,س س١,422,463,660,585,results\plates\plate_1376.jpg,1.44,1.0
1377.jpg,D:\GP\EALPR Vechicles dataset\Vehicles\1377.jpg,True,س س١,734,254,882,335,results\plates\plate_1377.jpg,1.18,1.0
1378.jpg,D:\GP\EALPR Vechicles dataset\Vehicles\1378.jpg,True,س س١,442,409,561,471,results\plates\plate_1378.jpg,1.50,1.0
1379.jpg,D:\GP\EALPR Vechicles dataset\Vehicles\1379.jpg,True,م م م١,402,389,502,438,results\plates\plate_1379.jpg,1.48,1.0
1380.jpg,D:\GP\EALPR Vechicles dataset\Vehicles\1380.jpg,True,س ب ع٧,385,429,568,523,results\plates\plate_1380.jpg,2.02,1.0
1381.jpg,D:\GP\EALPR Vechicles dataset\Vehicles\1381.jpg,True,أ س د٢,453,517,647,623,results\plates\plate_1381.jpg,1.81,1.0
1382.jpg,D:\GP\EALPR Vechicles dataset\Vehicles\1382.jpg,True,أ س د٢,273,486,559,651,results\plates\plate_1382.jpg,1.37,1.0
1383.jpg,D:\GP\EALPR Vechicles dataset\Vehicles\1383.jpg,True,أ س د٢,331,557,527,663,results\plates\plate_1383.jpg,0.93,1.0
1384.jpg,D:\GP\EALPR Vechicles dataset\Vehicles\1384.jpg,True,أ س د٢,261,353,490,473,results\plates\plate_1384.jpg,1.02,1.0
1385.jpg,D:\GP\EALPR Vechicles dataset\Vehicles\1385.jpg,True,أ ه م٩٩٩٩,277,843,403,914,results\plates\plate_1385.jpg,1.06,1.0
1386.jpg,D:\GP\EALPR Vechicles dataset\Vehicles\1386.jpg,True,أ س د٢,435,418,543,480,results\plates\plate_1386.jpg,1.02,1.0
1387.jpg,D:\GP\EALPR Vechicles dataset\Vehicles\1387.jpg,True,ز ر ي ن٥٥٥٥,444,808,611,892,results\plates\plate_1387.jpg,1.06,1.0
1388.jpg,D:\GP\EALPR Vechicles dataset\Vehicles\1388.jpg,True,ر ي ن٥٥٥٥,498,882,646,947,results\plates\plate_1388.jpg,0.99,1.0
1389.jpg,D:\GP\EALPR Vechicles dataset\Vehicles\1389.jpg,True,ر ي ن٥٥٥٥,421,548,665,674,results\plates\plate_1389.jpg,1.25,1.0
1390.jpg,D:\GP\EALPR Vechicles dataset\Vehicles\1390.jpg,True,أ ن س١,418,534,625,640,results\plates\plate_1390.jpg,1.57,1.0
1391.jpg,D:\GP\EALPR Vechicles dataset\Vehicles\1391.jpg,True,ع ب١,251,348,412,430,results\plates\plate_1391.jpg,1.38,1.0
1392.jpg,D:\GP\EALPR Vechicles dataset\Vehicles\1392.jpg,True,ف١,218,567,341,629,results\plates\plate_1392.jpg,1.33,1.0
1393.jpg,D:\GP\EALPR Vechicles dataset\Vehicles\1393.jpg,True,أ م م٦٦٦٦,505,620,658,702,results\plates\plate_1393.jpg,1.16,1.0
1394.jpg,D:\GP\EALPR Vechicles dataset\Vehicles\1394.jpg,True,أ ه م٩٩٩٩,211,661,568,836,results\plates\plate_1394.jpg,1.21,1.0
1395.jpg,D:\GP\EALPR Vechicles dataset\Vehicles\1395.jpg,True,أ م م٦٦٦٦,583,129,688,190,results\plates\plate_1395.jpg,1.37,1.0
1396.jpg,D:\GP\EALPR Vechicles dataset\Vehicles\1396.jpg,True,أ م م٦٦٦٦,521,249,659,328,results\plates\plate_1396.jpg,1.41,1.0
1397.jpg,D:\GP\EALPR Vechicles dataset\Vehicles\1397.jpg,True,أ م م٦٦٦٦,403,151,654,277,results\plates\plate_1397.jpg,1.40,1.0
1398.jpg,D:\GP\EALPR Vechicles dataset\Vehicles\1398.jpg,True,ف ج٤٤٤٤,316,513,541,627,results\plates\plate_1398.jpg,1.17,1.0
1399.jpg,D:\GP\EALPR Vechicles dataset\Vehicles\1399.jpg,True,ق ل ق١١١١,256,563,365,621,results\plates\plate_1399.jpg,1.12,1.0
1400.jpg,D:\GP\EALPR Vechicles dataset\Vehicles\1400.jpg,True,ف ج٤٤٤٤,304,497,395,546,results\plates\plate_1400.jpg,1.21,1.0
1401.jpg,D:\GP\EALPR Vechicles dataset\Vehicles\1401.jpg,True,ف ج٤٤٤,380,456,574,565,results\plates\plate_1401.jpg,1.33,1.0
1402.jpg,D:\GP\EALPR Vechicles dataset\Vehicles\1402.jpg,True,ف ج٤٤٤٤,478,478,637,569,results\plates\plate_1402.jpg,1.38,1.0
1403.jpg,D:\GP\EALPR Vechicles dataset\Vehicles\1403.jpg,True,د ف ل٦٦٦,169,475,397,603,results\plates\plate_1403.jpg,1.17,1.0
1404.jpg,D:\GP\EALPR Vechicles dataset\Vehicles\1404.jpg,True,س ع د١,404,403,662,531,results\plates\plate_1404.jpg,1.16,1.0
1405.jpg,D:\GP\EALPR Vechicles dataset\Vehicles\1405.jpg,True,أ ه م٩٩٩٩,326,578,580,702,results\plates\plate_1405.jpg,1.22,1.0
1406.jpg,D:\GP\EALPR Vechicles dataset\Vehicles\1406.jpg,True,أ ن٦٦٦٦,339,388,547,506,results\plates\plate_1406.jpg,1.12,1.0
1407.jpg,D:\GP\EALPR Vechicles dataset\Vehicles\1407.jpg,True,أ ن٦٦٦٦,301,408,597,562,results\plates\plate_1407.jpg,1.12,1.0
1408.jpg,D:\GP\EALPR Vechicles dataset\Vehicles\1408.jpg,True,ر ن ج٤٤٤٤,454,860,636,951,results\plates\plate_1408.jpg,1.29,1.0
1409.jpg,D:\GP\EALPR Vechicles dataset\Vehicles\1409.jpg,True,ن ص ر١١١,312,359,583,499,results\plates\plate_1409.jpg,1.23,1.0
1410.jpg,D:\GP\EALPR Vechicles dataset\Vehicles\1410.jpg,True,ن ص ر١١١,362,308,552,410,results\plates\plate_1410.jpg,1.47,1.0
1411.jpg,D:\GP\EALPR Vechicles dataset\Vehicles\1411.jpg,True,و و و٨٨٨,337,333,624,474,results\plates\plate_1411.jpg,1.52,1.0
1412.jpg,D:\GP\EALPR Vechicles dataset\Vehicles\1412.jpg,True,و و و٨٨٨,194,614,329,697,results\plates\plate_1412.jpg,1.13,1.0
1413.jpg,D:\GP\EALPR Vechicles dataset\Vehicles\1413.jpg,True,و و و٨٨٨,298,354,422,422,results\plates\plate_1413.jpg,1.29,1.0
1414.jpg,D:\GP\EALPR Vechicles dataset\Vehicles\1414.jpg,True,أ س د٩٩٩٩,341,548,597,662,results\plates\plate_1414.jpg,1.22,1.0
1415.jpg,D:\GP\EALPR Vechicles dataset\Vehicles\1415.jpg,True,ه س١,434,452,541,509,results\plates\plate_1415.jpg,1.37,1.0
1416.jpg,D:\GP\EALPR Vechicles dataset\Vehicles\1416.jpg,True,س ع د٥,522,563,594,600,results\plates\plate_1416.jpg,1.25,1.0
1417.jpg,D:\GP\EALPR Vechicles dataset\Vehicles\1417.jpg,True,ن س٦٦٦٦,409,407,634,524,results\plates\plate_1417.jpg,1.06,1.0
1418.jpg,D:\GP\EALPR Vechicles dataset\Vehicles\1418.jpg,True,ن س٦٦٦٦,501,491,713,600,results\plates\plate_1418.jpg,1.64,1.0
1419.jpg,D:\GP\EALPR Vechicles dataset\Vehicles\1419.jpg,True,ط ط ط٤٤٤٤,448,560,676,673,results\plates\plate_1419.jpg,1.67,1.0
1420.jpg,D:\GP\EALPR Vechicles dataset\Vehicles\1420.jpg,True,ن س٦٦٦٦,420,570,534,627,results\plates\plate_1420.jpg,1.60,1.0
1421.jpg,D:\GP\EALPR Vechicles dataset\Vehicles\1421.jpg,True,ن س٦٦٦٦,376,497,581,600,results\plates\plate_1421.jpg,1.33,1.0
1422.jpg,D:\GP\EALPR Vechicles dataset\Vehicles\1422.jpg,True,ع ل ي٩٩٩٩,359,676,640,819,results\plates\plate_1422.jpg,1.34,1.0
1423.jpg,D:\GP\EALPR Vechicles dataset\Vehicles\1423.jpg,True,س ي س٣٣٣٣,356,749,487,822,results\plates\plate_1423.jpg,1.15,1.0
1424.jpg,D:\GP\EALPR Vechicles dataset\Vehicles\1424.jpg,True,أ ط١,411,696,570,776,results\plates\plate_1424.jpg,1.46,1.0
1425.jpg,D:\GP\EALPR Vechicles dataset\Vehicles\1425.jpg,True,ن ج م٥٥٥٥,466,410,650,504,results\plates\plate_1425.jpg,1.27,1.0
1426.jpg,D:\GP\EALPR Vechicles dataset\Vehicles\1426.jpg,True,ل١,291,768,486,869,results\plates\plate_1426.jpg,1.23,1.0
1427.jpg,D:\GP\EALPR Vechicles dataset\Vehicles\1427.jpg,True,أ٧,362,667,511,747,results\plates\plate_1427.jpg,1.17,1.0
1428.jpg,D:\GP\EALPR Vechicles dataset\Vehicles\1428.jpg,True,ن م ر٧٧,405,305,600,396,results\plates\plate_1428.jpg,1.17,1.0
1429.jpg,D:\GP\EALPR Vechicles dataset\Vehicles\1429.jpg,True,ب ط ل٥٥٥٥,360,601,535,700,results\plates\plate_1429.jpg,1.30,1.0
1430.jpg,D:\GP\EALPR Vechicles dataset\Vehicles\1430.jpg,True,س س٣٣٣٣,372,689,565,794,results\plates\plate_1430.jpg,1.30,1.0
1431.jpg,D:\GP\EALPR Vechicles dataset\Vehicles\1431.jpg,True,ن م ر٧٧,428,224,647,335,results\plates\plate_1431.jpg,1.22,1.0
1432.jpg,D:\GP\EALPR Vechicles dataset\Vehicles\1432.jpg,True,ن م٧٧,484,373,593,430,results\plates\plate_1432.jpg,1.76,1.0
1433.jpg,D:\GP\EALPR Vechicles dataset\Vehicles\1433.jpg,True,ن م ر٧٧,410,300,684,437,results\plates\plate_1433.jpg,1.38,1.0
1434.jpg,D:\GP\EALPR Vechicles dataset\Vehicles\1434.jpg,True,ق ق٤٤٤٤,353,533,470,592,results\plates\plate_1434.jpg,1.43,1.0
1435.jpg,D:\GP\EALPR Vechicles dataset\Vehicles\1435.jpg,True,ق ق٤٤٤٤,348,587,508,669,results\plates\plate_1435.jpg,1.22,1.0
1436.jpg,D:\GP\EALPR Vechicles dataset\Vehicles\1436.jpg,True,أ ع ف١١١,66,276,116,311,results\plates\plate_1436.jpg,1.06,1.0
1437.jpg,D:\GP\EALPR Vechicles dataset\Vehicles\1437.jpg,True,أ س د٥٥٥٥,536,381,742,487,results\plates\plate_1437.jpg,1.10,1.0
1438.jpg,D:\GP\EALPR Vechicles dataset\Vehicles\1438.jpg,True,س س٣٣٣٣,492,339,653,417,results\plates\plate_1438.jpg,1.06,1.0
1439.jpg,D:\GP\EALPR Vechicles dataset\Vehicles\1439.jpg,True,ب ب١,479,602,634,682,results\plates\plate_1439.jpg,0.98,1.0
1440.jpg,D:\GP\EALPR Vechicles dataset\Vehicles\1440.jpg,True,ب ب١,147,198,876,554,results\plates\plate_1440.jpg,0.98,1.0
1441.jpg,D:\GP\EALPR Vechicles dataset\Vehicles\1441.jpg,True,م م م٣٣٣٣,409,424,527,482,results\plates\plate_1441.jpg,1.00,1.0
1442.jpg,D:\GP\EALPR Vechicles dataset\Vehicles\1442.jpg,True,ق١,419,537,598,629,results\plates\plate_1442.jpg,0.99,1.0
1443.jpg,D:\GP\EALPR Vechicles dataset\Vehicles\1443.jpg,True,س س٣٣٣٣,519,545,684,626,results\plates\plate_1443.jpg,1.09,1.0
1444.jpg,D:\GP\EALPR Vechicles dataset\Vehicles\1444.jpg,True,ن ج من٥٥  ٥٥,283,610,474,721,results\plates\plate_1444.jpg,1.03,1.0
1445.jpg,D:\GP\EALPR Vechicles dataset\Vehicles\1445.jpg,True,ن ج م٥٥٥٥,549,355,712,441,results\plates\plate_1445.jpg,1.10,1.0
1446.jpg,D:\GP\EALPR Vechicles dataset\Vehicles\1446.jpg,True,ن ج م٥٥٥٥,438,552,618,635,results\plates\plate_1446.jpg,0.97,1.0
1447.jpg,D:\GP\EALPR Vechicles dataset\Vehicles\1447.jpg,True,و ن١,272,319,354,364,results\plates\plate_1447.jpg,1.09,1.0
1448.jpg,D:\GP\EALPR Vechicles dataset\Vehicles\1448.jpg,True,أ س د٤٤٤٤,429,580,529,632,results\plates\plate_1448.jpg,0.98,1.0
1449.jpg,D:\GP\EALPR Vechicles dataset\Vehicles\1449.jpg,True,ع ب١,486,508,579,559,results\plates\plate_1449.jpg,1.00,1.0
1450.jpg,D:\GP\EALPR Vechicles dataset\Vehicles\1450.jpg,True,ع ب١,431,565,525,613,results\plates\plate_1450.jpg,1.06,1.0
1451.jpg,D:\GP\EALPR Vechicles dataset\Vehicles\1451.jpg,True,ط ي ب١١١١,400,527,653,658,results\plates\plate_1451.jpg,1.13,1.0
1452.jpg,D:\GP\EALPR Vechicles dataset\Vehicles\1452.jpg,True,ط ي ب١١١١,455,617,639,695,results\plates\plate_1452.jpg,1.02,1.0
1453.jpg,D:\GP\EALPR Vechicles dataset\Vehicles\1453.jpg,True,ه س١١١١,436,880,676,982,results\plates\plate_1453.jpg,1.01,1.0
1454.jpg,D:\GP\EALPR Vechicles dataset\Vehicles\1454.jpg,True,ط ي ب١١١١,358,621,555,722,results\plates\plate_1454.jpg,1.02,1.0
1455.jpg,D:\GP\EALPR Vechicles dataset\Vehicles\1455.jpg,True,ط ي ب١١١١,321,690,571,822,results\plates\plate_1455.jpg,1.08,1.0
1456.jpg,D:\GP\EALPR Vechicles dataset\Vehicles\1456.jpg,True,ع م ر٧٧٧,370,136,548,241,results\plates\plate_1456.jpg,1.19,1.0
1457.jpg,D:\GP\EALPR Vechicles dataset\Vehicles\1457.jpg,True,ع م ر٧,429,452,598,538,results\plates\plate_1457.jpg,1.18,1.0
1458.jpg,D:\GP\EALPR Vechicles dataset\Vehicles\1458.jpg,True,ع م ر٧٧٧,560,427,664,482,results\plates\plate_1458.jpg,1.71,1.0
1459.jpg,D:\GP\EALPR Vechicles dataset\Vehicles\1459.jpg,True,س س٣٣٣٣,362,634,486,695,results\plates\plate_1459.jpg,1.16,1.0
1460.jpg,D:\GP\EALPR Vechicles dataset\Vehicles\1460.jpg,True,ف ف ف٤٤٤٤,368,361,571,467,results\plates\plate_1460.jpg,1.06,1.0
1461.jpg,D:\GP\EALPR Vechicles dataset\Vehicles\1461.jpg,True,ف ف ف٤٤٤٤,163,462,703,671,results\plates\plate_1461.jpg,1.64,1.0
1462.jpg,D:\GP\EALPR Vechicles dataset\Vehicles\1462.jpg,True,ل ر أ١,281,694,396,777,results\plates\plate_1462.jpg,1.97,1.0
1463.jpg,D:\GP\EALPR Vechicles dataset\Vehicles\1463.jpg,True,و و٧٧٧٧,364,668,532,756,results\plates\plate_1463.jpg,3.40,1.0
1464.jpg,D:\GP\EALPR Vechicles dataset\Vehicles\1464.jpg,True,و و٧٧٧٧,368,272,547,361,results\plates\plate_1464.jpg,2.58,1.0
1465.jpg,D:\GP\EALPR Vechicles dataset\Vehicles\1465.jpg,True,ق ق ق١١١,409,824,575,907,results\plates\plate_1465.jpg,2.45,1.0
1466.jpg,D:\GP\EALPR Vechicles dataset\Vehicles\1466.jpg,True,ق ق ق١١١,540,264,711,351,results\plates\plate_1466.jpg,2.10,1.0
1467.jpg,D:\GP\EALPR Vechicles dataset\Vehicles\1467.jpg,True,س س٣٣٣٣,402,471,524,533,results\plates\plate_1467.jpg,2.62,1.0
1468.jpg,D:\GP\EALPR Vechicles dataset\Vehicles\1468.jpg,True,ع م ر١٩٩٩,399,490,647,616,results\plates\plate_1468.jpg,2.37,1.0
1469.jpg,D:\GP\EALPR Vechicles dataset\Vehicles\1469.jpg,True,ه ع٦٦٦٦,477,729,685,828,results\plates\plate_1469.jpg,1.83,1.0
1470.jpg,D:\GP\EALPR Vechicles dataset\Vehicles\1470.jpg,True,د د د١١١١,381,864,673,971,results\plates\plate_1470.jpg,10.11,1.0
1471.jpg,D:\GP\EALPR Vechicles dataset\Vehicles\1471.jpg,True,أ٨,439,436,604,518,results\plates\plate_1471.jpg,4.86,1.0
1472.jpg,D:\GP\EALPR Vechicles dataset\Vehicles\1472.jpg,True,أ٨,352,440,508,526,results\plates\plate_1472.jpg,3.68,1.0
1473.jpg,D:\GP\EALPR Vechicles dataset\Vehicles\1473.jpg,True,ط ط ط٧٧٧,407,206,626,311,results\plates\plate_1473.jpg,3.66,1.0
1474.jpg,D:\GP\EALPR Vechicles dataset\Vehicles\1474.jpg,True,ع ل ي٩٩٩٩,409,585,656,708,results\plates\plate_1474.jpg,2.64,1.0
1475.jpg,D:\GP\EALPR Vechicles dataset\Vehicles\1475.jpg,True,ط ط ط٧٧٧,344,744,508,823,results\plates\plate_1475.jpg,1.84,1.0
1476.jpg,D:\GP\EALPR Vechicles dataset\Vehicles\1476.jpg,True,ن ج ر١١١١,407,366,485,410,results\plates\plate_1476.jpg,2.98,1.0
1477.jpg,D:\GP\EALPR Vechicles dataset\Vehicles\1477.jpg,True,ع م أ٢٢٢,426,621,553,685,results\plates\plate_1477.jpg,2.79,1.0
1478.jpg,D:\GP\EALPR Vechicles dataset\Vehicles\1478.jpg,True,س ي٢,445,442,502,473,results\plates\plate_1478.jpg,2.09,1.0
1479.jpg,D:\GP\EALPR Vechicles dataset\Vehicles\1479.jpg,True,و ي٢,278,542,362,585,results\plates\plate_1479.jpg,1.47,1.0
1480.jpg,D:\GP\EALPR Vechicles dataset\Vehicles\1480.jpg,True,ي ب٧٧٧٧,401,384,512,442,results\plates\plate_1480.jpg,1.27,1.0
1481.jpg,D:\GP\EALPR Vechicles dataset\Vehicles\1481.jpg,True,ط ي ب٥٥٥٥,666,632,823,727,results\plates\plate_1481.jpg,1.35,1.0
1482.jpg,D:\GP\EALPR Vechicles dataset\Vehicles\1482.jpg,True,ع ل ي٩٩٩٩,595,796,727,878,results\plates\plate_1482.jpg,1.56,1.0
1483.jpg,D:\GP\EALPR Vechicles dataset\Vehicles\1483.jpg,True,ن أ١١١١,291,350,418,414,results\plates\plate_1483.jpg,1.28,1.0
1484.jpg,D:\GP\EALPR Vechicles dataset\Vehicles\1484.jpg,True,ن ن ن٦٦٦,438,318,575,392,results\plates\plate_1484.jpg,1.37,1.0
1485.jpg,D:\GP\EALPR Vechicles dataset\Vehicles\1485.jpg,True,و و٧٧٧٧,353,470,505,552,results\plates\plate_1485.jpg,1.24,1.0
1486.jpg,D:\GP\EALPR Vechicles dataset\Vehicles\1486.jpg,True,و و٧٧٧٧,465,574,568,627,results\plates\plate_1486.jpg,1.56,1.0
1487.jpg,D:\GP\EALPR Vechicles dataset\Vehicles\1487.jpg,True,ن م و١١١١,415,403,531,463,results\plates\plate_1487.jpg,2.60,1.0
1488.jpg,D:\GP\EALPR Vechicles dataset\Vehicles\1488.jpg,True,ج ج٣٣٣٣,367,494,535,580,results\plates\plate_1488.jpg,1.88,1.0
1489.jpg,D:\GP\EALPR Vechicles dataset\Vehicles\1489.jpg,True,ع ل ي٩٩٩٩,392,529,658,660,results\plates\plate_1489.jpg,2.18,1.0
1490.jpg,D:\GP\EALPR Vechicles dataset\Vehicles\1490.jpg,True,س س س٥,281,474,422,548,results\plates\plate_1490.jpg,1.79,1.0
1491.jpg,D:\GP\EALPR Vechicles dataset\Vehicles\1491.jpg,True,ج ج٣٣٣٣,370,492,519,569,results\plates\plate_1491.jpg,1.82,1.0
1492.jpg,D:\GP\EALPR Vechicles dataset\Vehicles\1492.jpg,True,أ أ,156,372,418,514,results\plates\plate_1492.jpg,1.68,1.0
1493.jpg,D:\GP\EALPR Vechicles dataset\Vehicles\1493.jpg,True,ب ط ل٧٧٧٧,364,416,479,476,results\plates\plate_1493.jpg,1.94,1.0
1494.jpg,D:\GP\EALPR Vechicles dataset\Vehicles\1494.jpg,True,ه أ م٣٣٣٣,406,480,481,520,results\plates\plate_1494.jpg,2.00,1.0
1495.jpg,D:\GP\EALPR Vechicles dataset\Vehicles\1495.jpg,True,ه أ م٣٣٣,387,729,583,825,results\plates\plate_1495.jpg,1.74,1.0
1496.jpg,D:\GP\EALPR Vechicles dataset\Vehicles\1496.jpg,True,ه أ م٣٣٣,351,466,491,535,results\plates\plate_1496.jpg,1.97,1.0
1497.jpg,D:\GP\EALPR Vechicles dataset\Vehicles\1497.jpg,True,ر ش أ١١١,87,186,148,224,results\plates\plate_1497.jpg,2.05,1.0
1498.jpg,D:\GP\EALPR Vechicles dataset\Vehicles\1498.jpg,True,ج م ي١١١,411,706,566,789,results\plates\plate_1498.jpg,1.88,1.0
1499.jpg,D:\GP\EALPR Vechicles dataset\Vehicles\1499.jpg,True,أ س د٢,450,375,615,465,results\plates\plate_1499.jpg,1.78,1.0
1500.jpg,D:\GP\EALPR Vechicles dataset\Vehicles\1500.jpg,True,أ س د٢,393,309,552,389,results\plates\plate_1500.jpg,1.60,1.0
1501.jpg,D:\GP\EALPR Vechicles dataset\Vehicles\1501.jpg,True,أ س د٢,401,410,508,464,results\plates\plate_1501.jpg,1.86,1.0
1502.jpg,D:\GP\EALPR Vechicles dataset\Vehicles\1502.jpg,True,أ ع٢٢٢٢,178,165,238,198,results\plates\plate_1502.jpg,2.08,1.0
1503.jpg,D:\GP\EALPR Vechicles dataset\Vehicles\1503.jpg,True,ق ل ب٦٦٦,461,397,600,469,results\plates\plate_1503.jpg,2.12,1.0
1504.jpg,D:\GP\EALPR Vechicles dataset\Vehicles\1504.jpg,True,د١,352,667,512,742,results\plates\plate_1504.jpg,2.03,1.0
1505.jpg,D:\GP\EALPR Vechicles dataset\Vehicles\1505.jpg,True,س أ س١١١١,547,534,691,644,results\plates\plate_1505.jpg,2.11,1.0
1506.jpg,D:\GP\EALPR Vechicles dataset\Vehicles\1506.jpg,True,م س س١١١١,384,489,605,599,results\plates\plate_1506.jpg,2.70,1.0
1507.jpg,D:\GP\EALPR Vechicles dataset\Vehicles\1507.jpg,True,و و٤٤٤٤,378,741,564,831,results\plates\plate_1507.jpg,4.16,1.0
1508.jpg,D:\GP\EALPR Vechicles dataset\Vehicles\1508.jpg,True,س س٢٢٢٢,373,809,495,873,results\plates\plate_1508.jpg,2.95,1.0
1509.jpg,D:\GP\EALPR Vechicles dataset\Vehicles\1509.jpg,True,ب س م٣٣٣,349,536,556,639,results\plates\plate_1509.jpg,1.65,1.0
1510.jpg,D:\GP\EALPR Vechicles dataset\Vehicles\1510.jpg,True,ب س م٣٣٣,391,140,691,294,results\plates\plate_1510.jpg,1.29,1.0
1511.jpg,D:\GP\EALPR Vechicles dataset\Vehicles\1511.jpg,True,ب س م٣٣٣,378,430,579,561,results\plates\plate_1511.jpg,1.52,1.0
1512.jpg,D:\GP\EALPR Vechicles dataset\Vehicles\1512.jpg,True,م ه م٢٢٢٢,478,547,713,678,results\plates\plate_1512.jpg,1.25,1.0
1513.jpg,D:\GP\EALPR Vechicles dataset\Vehicles\1513.jpg,True,م ه م٢٢٢,475,259,728,392,results\plates\plate_1513.jpg,1.12,1.0
1514.jpg,D:\GP\EALPR Vechicles dataset\Vehicles\1514.jpg,True,و و و٣٣٣٣,228,435,354,496,results\plates\plate_1514.jpg,1.44,1.0
1515.jpg,D:\GP\EALPR Vechicles dataset\Vehicles\1515.jpg,True,ر١١,304,644,436,721,results\plates\plate_1515.jpg,1.09,1.0
1516.jpg,D:\GP\EALPR Vechicles dataset\Vehicles\1516.jpg,True,ق ق١١١١,402,202,600,314,results\plates\plate_1516.jpg,1.10,1.0
1517.jpg,D:\GP\EALPR Vechicles dataset\Vehicles\1517.jpg,True,ف ف٤٤٤٤,414,231,642,343,results\plates\plate_1517.jpg,1.07,1.0
1518.jpg,D:\GP\EALPR Vechicles dataset\Vehicles\1518.jpg,True,ر١١,399,571,602,672,results\plates\plate_1518.jpg,1.06,1.0
1519.jpg,D:\GP\EALPR Vechicles dataset\Vehicles\1519.jpg,True,ر١١,386,530,571,625,results\plates\plate_1519.jpg,1.13,1.0
1520.jpg,D:\GP\EALPR Vechicles dataset\Vehicles\1520.jpg,True,ر١١,339,636,548,731,results\plates\plate_1520.jpg,1.26,1.0
1521.jpg,D:\GP\EALPR Vechicles dataset\Vehicles\1521.jpg,True,ع ف٢,178,219,270,264,results\plates\plate_1521.jpg,1.51,1.0
1522.jpg,D:\GP\EALPR Vechicles dataset\Vehicles\1522.jpg,True,أ د م٩١١,441,358,1060,687,results\plates\plate_1522.jpg,1.46,1.0
1523.jpg,D:\GP\EALPR Vechicles dataset\Vehicles\1523.jpg,True,ع ب١,451,491,558,552,results\plates\plate_1523.jpg,1.26,1.0
1524.jpg,D:\GP\EALPR Vechicles dataset\Vehicles\1524.jpg,True,ع ب١,386,407,505,469,results\plates\plate_1524.jpg,1.25,1.0
1525.jpg,D:\GP\EALPR Vechicles dataset\Vehicles\1525.jpg,True,ه س١١١١,465,906,671,997,results\plates\plate_1525.jpg,1.43,1.0
1526.jpg,D:\GP\EALPR Vechicles dataset\Vehicles\1526.jpg,True,أ م ر١١١١,237,381,409,486,results\plates\plate_1526.jpg,1.39,1.0
1527.jpg,D:\GP\EALPR Vechicles dataset\Vehicles\1527.jpg,True,ب ط ل١١١,386,565,532,638,results\plates\plate_1527.jpg,1.36,1.0
1528.jpg,D:\GP\EALPR Vechicles dataset\Vehicles\1528.jpg,True,ط ل١١١,383,467,468,510,results\plates\plate_1528.jpg,1.48,1.0
1529.jpg,D:\GP\EALPR Vechicles dataset\Vehicles\1529.jpg,True,و ر د٣٣٣,331,367,633,517,results\plates\plate_1529.jpg,1.39,1.0
1530.jpg,D:\GP\EALPR Vechicles dataset\Vehicles\1530.jpg,True,ب ط ل٧٧٧٧,468,727,634,808,results\plates\plate_1530.jpg,1.30,1.0
1531.jpg,D:\GP\EALPR Vechicles dataset\Vehicles\1531.jpg,True,ب ط ل٧٧٧٧,436,423,596,502,results\plates\plate_1531.jpg,1.26,1.0
1532.jpg,D:\GP\EALPR Vechicles dataset\Vehicles\1532.jpg,True,أ م ي٦٦٦٦,274,446,403,506,results\plates\plate_1532.jpg,1.34,1.0
1533.jpg,D:\GP\EALPR Vechicles dataset\Vehicles\1533.jpg,True,ب ط ل٧٧٧٧,489,492,662,573,results\plates\plate_1533.jpg,1.34,1.0
1534.jpg,D:\GP\EALPR Vechicles dataset\Vehicles\1534.jpg,True,م م٢,358,757,572,865,results\plates\plate_1534.jpg,1.49,1.0
1535.jpg,D:\GP\EALPR Vechicles dataset\Vehicles\1535.jpg,True,م م١,189,747,377,844,results\plates\plate_1535.jpg,1.20,1.0
1536.jpg,D:\GP\EALPR Vechicles dataset\Vehicles\1536.jpg,True,م م٢,467,335,678,443,results\plates\plate_1536.jpg,1.42,1.0
1537.jpg,D:\GP\EALPR Vechicles dataset\Vehicles\1537.jpg,True,م١,434,524,521,568,results\plates\plate_1537.jpg,1.43,1.0
1538.jpg,D:\GP\EALPR Vechicles dataset\Vehicles\1538.jpg,True,م١,320,612,487,699,results\plates\plate_1538.jpg,1.71,1.0
1539.jpg,D:\GP\EALPR Vechicles dataset\Vehicles\1539.jpg,True,س ي د٦٦١١,733,568,868,641,results\plates\plate_1539.jpg,1.35,1.0
1540.jpg,D:\GP\EALPR Vechicles dataset\Vehicles\1540.jpg,True,ن ج م٦٦٦٦,334,509,481,583,results\plates\plate_1540.jpg,1.56,1.0
1541.jpg,D:\GP\EALPR Vechicles dataset\Vehicles\1541.jpg,True,أ د م٩١١,406,534,669,664,results\plates\plate_1541.jpg,2.05,1.0
1542.jpg,D:\GP\EALPR Vechicles dataset\Vehicles\1542.jpg,True,س ع د٥,362,822,534,909,results\plates\plate_1542.jpg,1.81,1.0
1543.jpg,D:\GP\EALPR Vechicles dataset\Vehicles\1543.jpg,True,س ع د٧٧٧٧,372,720,532,795,results\plates\plate_1543.jpg,1.55,1.0
1544.jpg,D:\GP\EALPR Vechicles dataset\Vehicles\1544.jpg,True,م ج٥٥٥٥,420,410,642,520,results\plates\plate_1544.jpg,1.82,1.0
1545.jpg,D:\GP\EALPR Vechicles dataset\Vehicles\1545.jpg,True,أ أ أ٢٢٢٢,345,553,658,719,results\plates\plate_1545.jpg,1.01,1.0
1546.jpg,D:\GP\EALPR Vechicles dataset\Vehicles\1546.jpg,True,أ أ أ٢٢٢٢,416,572,591,666,results\plates\plate_1546.jpg,0.97,1.0
1547.jpg,D:\GP\EALPR Vechicles dataset\Vehicles\1547.jpg,True,م١١,333,506,546,613,results\plates\plate_1547.jpg,1.04,1.0
1548.jpg,D:\GP\EALPR Vechicles dataset\Vehicles\1548.jpg,True,س ع د٧٧٧٧,713,292,828,375,results\plates\plate_1548.jpg,1.08,1.0
1549.jpg,D:\GP\EALPR Vechicles dataset\Vehicles\1549.jpg,True,ق ص ر٦٦٦٦,257,492,401,560,results\plates\plate_1549.jpg,1.37,1.0
1550.jpg,D:\GP\EALPR Vechicles dataset\Vehicles\1550.jpg,True,ب ط ل١,534,440,682,518,results\plates\plate_1550.jpg,1.15,1.0
1551.jpg,D:\GP\EALPR Vechicles dataset\Vehicles\1551.jpg,True,ب ط ل٧٧٧٧,434,497,685,616,results\plates\plate_1551.jpg,1.18,1.0
1552.jpg,D:\GP\EALPR Vechicles dataset\Vehicles\1552.jpg,True,ع ب١,398,659,574,746,results\plates\plate_1552.jpg,1.12,1.0
1553.jpg,D:\GP\EALPR Vechicles dataset\Vehicles\1553.jpg,True,م ه م٦٦٦,436,371,625,466,results\plates\plate_1553.jpg,1.14,1.0
1554.jpg,D:\GP\EALPR Vechicles dataset\Vehicles\1554.jpg,True,س س١,333,430,497,511,results\plates\plate_1554.jpg,1.03,1.0
1555.jpg,D:\GP\EALPR Vechicles dataset\Vehicles\1555.jpg,True,م ي١,268,402,362,451,results\plates\plate_1555.jpg,1.25,1.0
1556.jpg,D:\GP\EALPR Vechicles dataset\Vehicles\1556.jpg,True,ع ب١,522,638,725,736,results\plates\plate_1556.jpg,1.32,1.0
1557.jpg,D:\GP\EALPR Vechicles dataset\Vehicles\1557.jpg,True,ع ب١,407,534,515,591,results\plates\plate_1557.jpg,1.21,1.0
1558.jpg,D:\GP\EALPR Vechicles dataset\Vehicles\1558.jpg,True,ب و ب١,409,439,512,496,results\plates\plate_1558.jpg,1.12,1.0
1559.jpg,D:\GP\EALPR Vechicles dataset\Vehicles\1559.jpg,True,ج ن ي١,372,425,480,482,results\plates\plate_1559.jpg,1.02,1.0
1560.jpg,D:\GP\EALPR Vechicles dataset\Vehicles\1560.jpg,True,ج ن ي١,408,610,516,666,results\plates\plate_1560.jpg,0.97,1.0
1561.jpg,D:\GP\EALPR Vechicles dataset\Vehicles\1561.jpg,True,س ي د٣٣٣٣,351,342,455,396,results\plates\plate_1561.jpg,1.11,1.0
1562.jpg,D:\GP\EALPR Vechicles dataset\Vehicles\1562.jpg,True,س ع د٧٧٧٧,378,367,459,415,results\plates\plate_1562.jpg,1.01,1.0
1563.jpg,D:\GP\EALPR Vechicles dataset\Vehicles\1563.jpg,True,ج ن ي١,488,296,557,335,results\plates\plate_1563.jpg,0.90,1.0
1564.jpg,D:\GP\EALPR Vechicles dataset\Vehicles\1564.jpg,True,ن ج م١,399,622,585,714,results\plates\plate_1564.jpg,1.03,1.0
1565.jpg,D:\GP\EALPR Vechicles dataset\Vehicles\1565.jpg,True,ن ج م٦٦٦٦,410,466,678,602,results\plates\plate_1565.jpg,0.94,1.0
1566.jpg,D:\GP\EALPR Vechicles dataset\Vehicles\1566.jpg,True,ص ص ص٥٥٥٥,448,717,662,825,results\plates\plate_1566.jpg,1.15,1.0
1567.jpg,D:\GP\EALPR Vechicles dataset\Vehicles\1567.jpg,True,م م٢,269,799,587,949,results\plates\plate_1567.jpg,1.02,1.0
1568.jpg,D:\GP\EALPR Vechicles dataset\Vehicles\1568.jpg,True,أ م ر١١١١,479,473,627,549,results\plates\plate_1568.jpg,0.98,1.0
1569.jpg,D:\GP\EALPR Vechicles dataset\Vehicles\1569.jpg,True,أ م ر١١١١,466,380,599,447,results\plates\plate_1569.jpg,0.99,1.0
1570.jpg,D:\GP\EALPR Vechicles dataset\Vehicles\1570.jpg,True,د ع٥٨٥٤٣,162,540,322,617,results\plates\plate_1570.jpg,0.86,1.0
1571.jpg,D:\GP\EALPR Vechicles dataset\Vehicles\1571.jpg,True,أ م ر١١١١,233,265,356,328,results\plates\plate_1571.jpg,0.95,1.0
1572.jpg,D:\GP\EALPR Vechicles dataset\Vehicles\1572.jpg,True,أ م ر١١١١,324,490,507,581,results\plates\plate_1572.jpg,0.92,1.0
1573.jpg,D:\GP\EALPR Vechicles dataset\Vehicles\1573.jpg,True,أ أ أ١١١١,389,737,641,859,results\plates\plate_1573.jpg,1.11,1.0
1574.jpg,D:\GP\EALPR Vechicles dataset\Vehicles\1574.jpg,True,ف ف ف١١١١,356,533,523,617,results\plates\plate_1574.jpg,1.10,1.0
1575.jpg,D:\GP\EALPR Vechicles dataset\Vehicles\1575.jpg,True,أ د م٦٦٦٦,392,346,508,405,results\plates\plate_1575.jpg,0.98,1.0
1576.jpg,D:\GP\EALPR Vechicles dataset\Vehicles\1576.jpg,True,أ ن أ١,441,263,681,384,results\plates\plate_1576.jpg,0.95,1.0
1577.jpg,D:\GP\EALPR Vechicles dataset\Vehicles\1577.jpg,True,أ ن أ١١١,491,683,735,801,results\plates\plate_1577.jpg,1.07,1.0
1578.jpg,D:\GP\EALPR Vechicles dataset\Vehicles\1578.jpg,True,أ ن أ١١١,503,668,748,788,results\plates\plate_1578.jpg,1.12,1.0
1579.jpg,D:\GP\EALPR Vechicles dataset\Vehicles\1579.jpg,True,ن أ ر١١١,405,447,671,603,results\plates\plate_1579.jpg,0.97,1.0
1580.jpg,D:\GP\EALPR Vechicles dataset\Vehicles\1580.jpg,True,د د د٣٣٣,419,501,541,564,results\plates\plate_1580.jpg,1.00,1.0
1581.jpg,D:\GP\EALPR Vechicles dataset\Vehicles\1581.jpg,True,د ل ع٢٢٢,219,220,383,286,results\plates\plate_1581.jpg,0.88,1.0
1582.jpg,D:\GP\EALPR Vechicles dataset\Vehicles\1582.jpg,True,و ج ق٦٧٨,288,511,366,551,results\plates\plate_1582.jpg,0.95,1.0
1583.jpg,D:\GP\EALPR Vechicles dataset\Vehicles\1583.jpg,True,ق ل ق١,490,748,632,823,results\plates\plate_1583.jpg,1.01,1.0
1584.jpg,D:\GP\EALPR Vechicles dataset\Vehicles\1584.jpg,True,س٥,379,263,559,356,results\plates\plate_1584.jpg,1.12,1.0
1585.jpg,D:\GP\EALPR Vechicles dataset\Vehicles\1585.jpg,True,ر ب٦٦٦٦,379,638,611,756,results\plates\plate_1585.jpg,1.00,1.0
1586.jpg,D:\GP\EALPR Vechicles dataset\Vehicles\1586.jpg,True,ر ي س٢,403,775,623,880,results\plates\plate_1586.jpg,0.99,1.0
1587.jpg,D:\GP\EALPR Vechicles dataset\Vehicles\1587.jpg,True,ن ج ر١١١١,587,524,700,590,results\plates\plate_1587.jpg,1.09,1.0
1588.jpg,D:\GP\EALPR Vechicles dataset\Vehicles\1588.jpg,True,ب ن أ١١١,231,303,340,355,results\plates\plate_1588.jpg,1.04,1.0
1589.jpg,D:\GP\EALPR Vechicles dataset\Vehicles\1589.jpg,True,ي ي ي٤٤٤٤,122,663,244,759,results\plates\plate_1589.jpg,1.01,1.0
1590.jpg,D:\GP\EALPR Vechicles dataset\Vehicles\1590.jpg,True,أ س د٨٨,345,558,462,620,results\plates\plate_1590.jpg,1.26,1.0
1591.jpg,D:\GP\EALPR Vechicles dataset\Vehicles\1591.jpg,True,ر ر١,407,284,522,341,results\plates\plate_1591.jpg,0.95,1.0
1592.jpg,D:\GP\EALPR Vechicles dataset\Vehicles\1592.jpg,True,ن ق١٢٤٧,412,419,614,502,results\plates\plate_1592.jpg,0.96,1.0
1593.jpg,D:\GP\EALPR Vechicles dataset\Vehicles\1593.jpg,True,أ س د١٦٦٦,665,857,810,953,results\plates\plate_1593.jpg,1.00,1.0
1594.jpg,D:\GP\EALPR Vechicles dataset\Vehicles\1594.jpg,True,ع ل ي١,218,401,351,467,results\plates\plate_1594.jpg,1.01,1.0
1595.jpg,D:\GP\EALPR Vechicles dataset\Vehicles\1595.jpg,True,ن ج أ١١١,808,435,909,484,results\plates\plate_1595.jpg,1.12,1.0
1596.jpg,D:\GP\EALPR Vechicles dataset\Vehicles\1596.jpg,True,س ر س١١١١,302,479,464,562,results\plates\plate_1596.jpg,1.19,1.0
1597.jpg,D:\GP\EALPR Vechicles dataset\Vehicles\1597.jpg,True,د ل ع١  ٥,316,694,587,840,results\plates\plate_1597.jpg,1.02,1.0
1598.jpg,D:\GP\EALPR Vechicles dataset\Vehicles\1598.jpg,True,ر ع د٥٥٥,484,933,692,1038,results\plates\plate_1598.jpg,1.10,1.0
1599.jpg,D:\GP\EALPR Vechicles dataset\Vehicles\1599.jpg,True,ر ع ب٧٧٧٧,416,408,539,480,results\plates\plate_1599.jpg,1.33,1.0
1600.jpg,D:\GP\EALPR Vechicles dataset\Vehicles\1600.jpg,True,د٢٢,358,425,513,505,results\plates\plate_1600.jpg,0.94,1.0
1601.jpg,D:\GP\EALPR Vechicles dataset\Vehicles\1601.jpg,True,ب ر س١١١١,191,441,351,531,results\plates\plate_1601.jpg,1.12,1.0
1602.jpg,D:\GP\EALPR Vechicles dataset\Vehicles\1602.jpg,True,ط د٥٥٥٥,514,710,674,787,results\plates\plate_1602.jpg,1.21,1.0
1603.jpg,D:\GP\EALPR Vechicles dataset\Vehicles\1603.jpg,True,ن و ر٦,351,413,581,537,results\plates\plate_1603.jpg,1.07,1.0
1604.jpg,D:\GP\EALPR Vechicles dataset\Vehicles\1604.jpg,True,ر ع ب١,368,909,654,1022,results\plates\plate_1604.jpg,1.16,1.0
1605.jpg,D:\GP\EALPR Vechicles dataset\Vehicles\1605.jpg,True,ه ع٥٥٥٥,284,515,505,635,results\plates\plate_1605.jpg,1.02,1.0
1606.jpg,D:\GP\EALPR Vechicles dataset\Vehicles\1606.jpg,True,ف أ٦٦٦٦,178,418,274,470,results\plates\plate_1606.jpg,1.21,1.0
1607.jpg,D:\GP\EALPR Vechicles dataset\Vehicles\1607.jpg,True,أ م ن٧٧٧,399,541,581,629,results\plates\plate_1607.jpg,2.62,1.0
1608.jpg,D:\GP\EALPR Vechicles dataset\Vehicles\1608.jpg,True,ج و١١١١,365,752,534,845,results\plates\plate_1608.jpg,1.54,1.0
1609.jpg,D:\GP\EALPR Vechicles dataset\Vehicles\1609.jpg,True,م ن ي٦٦٦٦,464,699,649,791,results\plates\plate_1609.jpg,1.55,1.0
1610.jpg,D:\GP\EALPR Vechicles dataset\Vehicles\1610.jpg,True,ه ر١١١١,427,830,708,984,results\plates\plate_1610.jpg,1.05,1.0
1611.jpg,D:\GP\EALPR Vechicles dataset\Vehicles\1611.jpg,True,س ي د٥٥٥,176,229,251,267,results\plates\plate_1611.jpg,1.15,1.0
1612.jpg,D:\GP\EALPR Vechicles dataset\Vehicles\1612.jpg,True,ج د ع١١١,238,275,339,325,results\plates\plate_1612.jpg,1.01,1.0
1613.jpg,D:\GP\EALPR Vechicles dataset\Vehicles\1613.jpg,True,ل١,497,391,631,467,results\plates\plate_1613.jpg,1.01,1.0
1614.jpg,D:\GP\EALPR Vechicles dataset\Vehicles\1614.jpg,True,ط د٥٥٥٥,358,621,581,741,results\plates\plate_1614.jpg,1.13,1.0
1615.jpg,D:\GP\EALPR Vechicles dataset\Vehicles\1615.jpg,True,و ل ع٦٦٦,317,231,436,294,results\plates\plate_1615.jpg,1.03,1.0
1616.jpg,D:\GP\EALPR Vechicles dataset\Vehicles\1616.jpg,True,ج ب ل٧٧٧,190,244,270,286,results\plates\plate_1616.jpg,1.04,1.0
1617.jpg,D:\GP\EALPR Vechicles dataset\Vehicles\1617.jpg,True,س ي د٩٩٩,187,311,273,362,results\plates\plate_1617.jpg,1.06,1.0
1618.jpg,D:\GP\EALPR Vechicles dataset\Vehicles\1618.jpg,True,ج ب ل٥٥٥,104,382,195,435,results\plates\plate_1618.jpg,1.19,1.0
1619.jpg,D:\GP\EALPR Vechicles dataset\Vehicles\1619.jpg,True,ن ج م٤٤٤٤,411,612,613,712,results\plates\plate_1619.jpg,1.11,1.0
1620.jpg,D:\GP\EALPR Vechicles dataset\Vehicles\1620.jpg,True,ن ف٣٣٣٣,354,834,598,946,results\plates\plate_1620.jpg,0.96,1.0
1621.jpg,D:\GP\EALPR Vechicles dataset\Vehicles\1621.jpg,True,ل ل٥٥٥٥,283,686,512,805,results\plates\plate_1621.jpg,1.04,1.0
1622.jpg,D:\GP\EALPR Vechicles dataset\Vehicles\1622.jpg,True,ه أ م٤٤٤٤,372,493,566,590,results\plates\plate_1622.jpg,1.15,1.0
1623.jpg,D:\GP\EALPR Vechicles dataset\Vehicles\1623.jpg,True,أ أ ف٥٣٦,277,749,420,827,results\plates\plate_1623.jpg,0.92,1.0
1624.jpg,D:\GP\EALPR Vechicles dataset\Vehicles\1624.jpg,True,م و١,269,363,356,408,results\plates\plate_1624.jpg,1.09,1.0
1625.jpg,D:\GP\EALPR Vechicles dataset\Vehicles\1625.jpg,True,ع ع٢,269,300,376,357,results\plates\plate_1625.jpg,1.07,1.0
1626.jpg,D:\GP\EALPR Vechicles dataset\Vehicles\1626.jpg,True,م م م٥٥٥,392,617,576,707,results\plates\plate_1626.jpg,1.09,1.0
1627.jpg,D:\GP\EALPR Vechicles dataset\Vehicles\1627.jpg,True,ب أ١١١١,567,882,678,947,results\plates\plate_1627.jpg,1.04,1.0
1628.jpg,D:\GP\EALPR Vechicles dataset\Vehicles\1628.jpg,True,ق س أ١٢٥٢,493,537,612,611,results\plates\plate_1628.jpg,1.16,1.0
1629.jpg,D:\GP\EALPR Vechicles dataset\Vehicles\1629.jpg,True,ق س أ١٢٥٢,273,826,458,899,results\plates\plate_1629.jpg,1.17,1.0
1630.jpg,D:\GP\EALPR Vechicles dataset\Vehicles\1630.jpg,True,ن ق١٢٤٧,335,529,461,593,results\plates\plate_1630.jpg,2.33,1.0
1631.jpg,D:\GP\EALPR Vechicles dataset\Vehicles\1631.jpg,True,س ط ص٧٢٧٨,262,707,440,794,results\plates\plate_1631.jpg,1.17,1.0
1632.jpg,D:\GP\EALPR Vechicles dataset\Vehicles\1632.jpg,True,ف ر ع٥٩٦,350,435,618,566,results\plates\plate_1632.jpg,1.28,1.0
1633.jpg,D:\GP\EALPR Vechicles dataset\Vehicles\1633.jpg,True,س ط ص٧٢٧٨,249,674,438,760,results\plates\plate_1633.jpg,1.02,1.0
1634.jpg,D:\GP\EALPR Vechicles dataset\Vehicles\1634.jpg,True,ر د ق٤٦٢٩,268,640,359,697,results\plates\plate_1634.jpg,1.48,1.0
1635.jpg,D:\GP\EALPR Vechicles dataset\Vehicles\1635.jpg,True,ق ه٩٤٧١,318,630,458,705,results\plates\plate_1635.jpg,1.18,1.0
1636.jpg,D:\GP\EALPR Vechicles dataset\Vehicles\1636.jpg,True,ق ه٩٤٧١,261,798,442,889,results\plates\plate_1636.jpg,1.11,1.0
1637.jpg,D:\GP\EALPR Vechicles dataset\Vehicles\1637.jpg,True,ه ن ج٩٧٨٣,319,578,451,645,results\plates\plate_1637.jpg,1.26,1.0
1638.jpg,D:\GP\EALPR Vechicles dataset\Vehicles\1638.jpg,True,د أ٨٨٢٧,297,451,454,527,results\plates\plate_1638.jpg,1.24,1.0
1639.jpg,D:\GP\EALPR Vechicles dataset\Vehicles\1639.jpg,True,س٥٥,465,1027,689,1133,results\plates\plate_1639.jpg,1.01,1.0
1640.jpg,D:\GP\EALPR Vechicles dataset\Vehicles\1640.jpg,True,ع ق ج٣٩٢٣,174,409,278,460,results\plates\plate_1640.jpg,1.05,1.0
1641.jpg,D:\GP\EALPR Vechicles dataset\Vehicles\1641.jpg,True,ف و د٣٧٨٤,186,341,296,395,results\plates\plate_1641.jpg,0.88,1.0
1642.jpg,D:\GP\EALPR Vechicles dataset\Vehicles\1642.jpg,True,ف م د٧٥٩٣,222,721,386,795,results\plates\plate_1642.jpg,0.98,1.0
1643.jpg,D:\GP\EALPR Vechicles dataset\Vehicles\1643.jpg,True,ن و١٣٩٢,370,440,509,505,results\plates\plate_1643.jpg,0.88,1.0
1644.jpg,D:\GP\EALPR Vechicles dataset\Vehicles\1644.jpg,True,س ل ه٩٤٢٥,266,698,421,775,results\plates\plate_1644.jpg,1.36,1.0
1645.jpg,D:\GP\EALPR Vechicles dataset\Vehicles\1645.jpg,True,ب ص س٧١٥٣,240,504,404,588,results\plates\plate_1645.jpg,1.18,1.0
1646.jpg,D:\GP\EALPR Vechicles dataset\Vehicles\1646.jpg,True,أ ي ص١٤٣٧,279,535,403,599,results\plates\plate_1646.jpg,1.39,1.0
1647.jpg,D:\GP\EALPR Vechicles dataset\Vehicles\1647.jpg,True,ر ل٧٤١٧,397,368,553,449,results\plates\plate_1647.jpg,1.03,1.0
1648.jpg,D:\GP\EALPR Vechicles dataset\Vehicles\1648.jpg,True,ر س٦٩٦٥,402,470,540,539,results\plates\plate_1648.jpg,1.11,1.0
1649.jpg,D:\GP\EALPR Vechicles dataset\Vehicles\1649.jpg,True,ب ط ص١٤٩٥,264,549,403,622,results\plates\plate_1649.jpg,1.33,1.0
1650.jpg,D:\GP\EALPR Vechicles dataset\Vehicles\1650.jpg,True,ف ن ص٦٥٢٤,335,503,462,567,results\plates\plate_1650.jpg,1.21,1.0
1651.jpg,D:\GP\EALPR Vechicles dataset\Vehicles\1651.jpg,True,ن و١٣٩٢,464,376,638,469,results\plates\plate_1651.jpg,1.08,1.0
1652.jpg,D:\GP\EALPR Vechicles dataset\Vehicles\1652.jpg,True,ف ج س٤٦١٢,529,1334,852,1497,results\plates\plate_1652.jpg,1.02,1.0
1653.jpg,D:\GP\EALPR Vechicles dataset\Vehicles\1653.jpg,True,أ د١١١١,649,1045,813,1131,results\plates\plate_1653.jpg,1.16,1.0
1654.jpg,D:\GP\EALPR Vechicles dataset\Vehicles\1654.jpg,True,د أ أ٧٥٣,285,669,425,737,results\plates\plate_1654.jpg,1.13,1.0
1655.jpg,D:\GP\EALPR Vechicles dataset\Vehicles\1655.jpg,True,ف ج س٤٦١٢,669,1231,943,1359,results\plates\plate_1655.jpg,1.19,1.0
1656.jpg,D:\GP\EALPR Vechicles dataset\Vehicles\1656.jpg,True,أ س و٥٥٥٥,362,404,487,466,results\plates\plate_1656.jpg,1.03,1.0
1657.jpg,D:\GP\EALPR Vechicles dataset\Vehicles\1657.jpg,True,س و س١١١١,465,612,655,707,results\plates\plate_1657.jpg,1.19,1.0
1658.jpg,D:\GP\EALPR Vechicles dataset\Vehicles\1658.jpg,True,ف و س٩٦٤١,286,685,441,763,results\plates\plate_1658.jpg,1.02,1.0
1659.jpg,D:\GP\EALPR Vechicles dataset\Vehicles\1659.jpg,True,ر س٦٩٦٥,254,697,390,762,results\plates\plate_1659.jpg,1.55,1.0
1660.jpg,D:\GP\EALPR Vechicles dataset\Vehicles\1660.jpg,True,ف ن ص٦٥٢٤,290,327,469,419,results\plates\plate_1660.jpg,1.36,1.0
1661.jpg,D:\GP\EALPR Vechicles dataset\Vehicles\1661.jpg,True,ف ن ص٦٥٢٤,322,412,483,493,results\plates\plate_1661.jpg,1.38,1.0
1662.jpg,D:\GP\EALPR Vechicles dataset\Vehicles\1662.jpg,True,أ س د٨٨,489,589,634,659,results\plates\plate_1662.jpg,1.50,1.0
1663.jpg,D:\GP\EALPR Vechicles dataset\Vehicles\1663.jpg,True,أ٩١١,638,713,799,797,results\plates\plate_1663.jpg,1.52,1.0
1664.jpg,D:\GP\EALPR Vechicles dataset\Vehicles\1664.jpg,True,ن م١,316,861,530,970,results\plates\plate_1664.jpg,1.22,1.0
1665.jpg,D:\GP\EALPR Vechicles dataset\Vehicles\1665.jpg,True,ب و٩٩٩٩,460,600,738,743,results\plates\plate_1665.jpg,1.22,1.0
1666.jpg,D:\GP\EALPR Vechicles dataset\Vehicles\1666.jpg,True,ج ن١,96,447,161,480,results\plates\plate_1666.jpg,1.10,1.0
1667.jpg,D:\GP\EALPR Vechicles dataset\Vehicles\1667.jpg,True,ع ف٤٤٤٤,464,460,621,540,results\plates\plate_1667.jpg,1.43,1.0
1668.jpg,D:\GP\EALPR Vechicles dataset\Vehicles\1668.jpg,True,و ط ن١,613,731,759,807,results\plates\plate_1668.jpg,1.26,1.0
1669.jpg,D:\GP\EALPR Vechicles dataset\Vehicles\1669.jpg,True,ر ع ب٧٧٧٧,212,332,313,393,results\plates\plate_1669.jpg,1.41,1.0
1670.jpg,D:\GP\EALPR Vechicles dataset\Vehicles\1670.jpg,True,م ف ه١١١١,516,577,649,644,results\plates\plate_1670.jpg,1.43,1.0
1671.jpg,D:\GP\EALPR Vechicles dataset\Vehicles\1671.jpg,True,م ه م٢٣٦٣٦٣,395,478,472,518,results\plates\plate_1671.jpg,1.59,1.0
1672.jpg,D:\GP\EALPR Vechicles dataset\Vehicles\1672.jpg,True,ر ع د٧٧٧٧,220,220,298,259,results\plates\plate_1672.jpg,1.05,1.0
1673.jpg,D:\GP\EALPR Vechicles dataset\Vehicles\1673.jpg,True,م ي ج٩٩٩,405,667,634,779,results\plates\plate_1673.jpg,1.39,1.0
1674.jpg,D:\GP\EALPR Vechicles dataset\Vehicles\1674.jpg,True,ع ج٥٥٥٥,444,536,652,642,results\plates\plate_1674.jpg,1.22,1.0
1675.jpg,D:\GP\EALPR Vechicles dataset\Vehicles\1675.jpg,True,ج ب ل٥٥٥٥,130,397,192,428,results\plates\plate_1675.jpg,1.53,1.0
1676.jpg,D:\GP\EALPR Vechicles dataset\Vehicles\1676.jpg,True,ع س ل٥٥٥,337,353,499,433,results\plates\plate_1676.jpg,1.49,1.0
1677.jpg,D:\GP\EALPR Vechicles dataset\Vehicles\1677.jpg,True,ف ن ص٦٥٢٤,298,310,480,401,results\plates\plate_1677.jpg,1.85,1.0
1678.jpg,D:\GP\EALPR Vechicles dataset\Vehicles\1678.jpg,True,ب١٣,470,704,611,777,results\plates\plate_1678.jpg,1.23,1.0
1679.jpg,D:\GP\EALPR Vechicles dataset\Vehicles\1679.jpg,True,ل١,482,592,711,715,results\plates\plate_1679.jpg,1.37,1.0
1680.jpg,D:\GP\EALPR Vechicles dataset\Vehicles\1680.jpg,True,ع ط أ٦٦٦٦,390,574,564,661,results\plates\plate_1680.jpg,1.78,1.0
1681.jpg,D:\GP\EALPR Vechicles dataset\Vehicles\1681.jpg,True,أ و ل١,215,402,302,450,results\plates\plate_1681.jpg,1.87,1.0
1682.jpg,D:\GP\EALPR Vechicles dataset\Vehicles\1682.jpg,True,ر ي م٤٤٤٤,238,390,393,471,results\plates\plate_1682.jpg,1.86,1.0
1683.jpg,D:\GP\EALPR Vechicles dataset\Vehicles\1683.jpg,True,ف ر ج٥٥٥,413,765,657,890,results\plates\plate_1683.jpg,1.61,1.0
1684.jpg,D:\GP\EALPR Vechicles dataset\Vehicles\1684.jpg,True,ف ر ج٥٥٥,429,615,667,738,results\plates\plate_1684.jpg,1.57,1.0
1685.jpg,D:\GP\EALPR Vechicles dataset\Vehicles\1685.jpg,True,ن و ن١١١١,523,578,732,695,results\plates\plate_1685.jpg,1.35,1.0
1686.jpg,D:\GP\EALPR Vechicles dataset\Vehicles\1686.jpg,True,ف و د٥٥٥٥,384,581,604,689,results\plates\plate_1686.jpg,1.19,1.0
1687.jpg,D:\GP\EALPR Vechicles dataset\Vehicles\1687.jpg,True,ع ر ب١,429,1065,637,1172,results\plates\plate_1687.jpg,1.75,1.0
1688.jpg,D:\GP\EALPR Vechicles dataset\Vehicles\1688.jpg,True,ص ق ر٩٩٩,337,509,498,589,results\plates\plate_1688.jpg,1.32,1.0
1689.jpg,D:\GP\EALPR Vechicles dataset\Vehicles\1689.jpg,True,أ ي٤٨٩٣,234,428,320,472,results\plates\plate_1689.jpg,1.20,1.0
1690.jpg,D:\GP\EALPR Vechicles dataset\Vehicles\1690.jpg,True,ر ي س٤٤٤,626,480,753,560,results\plates\plate_1690.jpg,1.40,1.0
1691.jpg,D:\GP\EALPR Vechicles dataset\Vehicles\1691.jpg,True,ع م و١,312,299,418,352,results\plates\plate_1691.jpg,1.00,1.0
1692.jpg,D:\GP\EALPR Vechicles dataset\Vehicles\1692.jpg,True,ع م٥٥٥٥,252,693,398,792,results\plates\plate_1692.jpg,1.07,1.0
1693.jpg,D:\GP\EALPR Vechicles dataset\Vehicles\1693.jpg,True,ف ن ص٦٥٢٤,341,319,487,395,results\plates\plate_1693.jpg,1.29,1.0
1694.jpg,D:\GP\EALPR Vechicles dataset\Vehicles\1694.jpg,True,ن ج م٤٤٤٤,296,322,421,387,results\plates\plate_1694.jpg,1.38,1.0
1695.jpg,D:\GP\EALPR Vechicles dataset\Vehicles\1695.jpg,True,أ ن س١,254,197,399,269,results\plates\plate_1695.jpg,1.22,1.0
1696.jpg,D:\GP\EALPR Vechicles dataset\Vehicles\1696.jpg,True,ب ب ب١١١,273,435,406,501,results\plates\plate_1696.jpg,1.18,1.0
1697.jpg,D:\GP\EALPR Vechicles dataset\Vehicles\1697.jpg,True,ع م م١,507,807,666,892,results\plates\plate_1697.jpg,1.21,1.0
1698.jpg,D:\GP\EALPR Vechicles dataset\Vehicles\1698.jpg,True,ي س ن١١١,416,547,734,705,results\plates\plate_1698.jpg,1.49,1.0
1699.jpg,D:\GP\EALPR Vechicles dataset\Vehicles\1699.jpg,True,م أ ن١١١١,431,708,575,782,results\plates\plate_1699.jpg,1.48,1.0
1700.jpg,D:\GP\EALPR Vechicles dataset\Vehicles\1700.jpg,True,م ه م٣٣٣٣,413,966,627,1076,results\plates\plate_1700.jpg,1.72,1.0
1701.jpg,D:\GP\EALPR Vechicles dataset\Vehicles\1701.jpg,True,س م١,391,201,590,299,results\plates\plate_1701.jpg,1.61,1.0
1702.jpg,D:\GP\EALPR Vechicles dataset\Vehicles\1702.jpg,True,و ي ل١١١١,303,348,434,408,results\plates\plate_1702.jpg,1.47,1.0
1703.jpg,D:\GP\EALPR Vechicles dataset\Vehicles\1703.jpg,True,م ل١,252,421,373,486,results\plates\plate_1703.jpg,1.42,1.0
1704.jpg,D:\GP\EALPR Vechicles dataset\Vehicles\1704.jpg,True,س٢,355,662,524,751,results\plates\plate_1704.jpg,1.14,1.0
1705.jpg,D:\GP\EALPR Vechicles dataset\Vehicles\1705.jpg,True,ج و١,438,798,606,886,results\plates\plate_1705.jpg,1.35,1.0
1706.jpg,D:\GP\EALPR Vechicles dataset\Vehicles\1706.jpg,True,د ل ع٢٢٢,355,618,479,682,results\plates\plate_1706.jpg,1.28,1.0
1707.jpg,D:\GP\EALPR Vechicles dataset\Vehicles\1707.jpg,True,س ن و٦٦٦٦,394,648,588,746,results\plates\plate_1707.jpg,1.39,1.0
1708.jpg,D:\GP\EALPR Vechicles dataset\Vehicles\1708.jpg,True,أ ن أ٩٩٩,489,1179,604,1258,results\plates\plate_1708.jpg,1.06,1.0
1709.jpg,D:\GP\EALPR Vechicles dataset\Vehicles\1709.jpg,True,د أ ل٧٧٧٧,367,793,543,879,results\plates\plate_1709.jpg,1.33,1.0
1710.jpg,D:\GP\EALPR Vechicles dataset\Vehicles\1710.jpg,True,ل و ل٨٨٨٨,764,452,915,534,results\plates\plate_1710.jpg,1.19,1.0
1711.jpg,D:\GP\EALPR Vechicles dataset\Vehicles\1711.jpg,True,ع م٥٥٥٥,369,877,497,944,results\plates\plate_1711.jpg,1.77,1.0
1712.jpg,D:\GP\EALPR Vechicles dataset\Vehicles\1712.jpg,True,ع ج٥٥٥٥,428,680,628,772,results\plates\plate_1712.jpg,1.35,1.0
1713.jpg,D:\GP\EALPR Vechicles dataset\Vehicles\1713.jpg,True,د م١١١١,535,309,670,382,results\plates\plate_1713.jpg,1.47,1.0
1714.jpg,D:\GP\EALPR Vechicles dataset\Vehicles\1714.jpg,True,ه ر م١١١,321,807,461,888,results\plates\plate_1714.jpg,1.25,1.0
1715.jpg,D:\GP\EALPR Vechicles dataset\Vehicles\1715.jpg,True,ب س م١١١,710,289,788,330,results\plates\plate_1715.jpg,1.09,1.0
1716.jpg,D:\GP\EALPR Vechicles dataset\Vehicles\1716.jpg,True,د٢٢,494,702,719,814,results\plates\plate_1716.jpg,1.32,1.0
1717.jpg,D:\GP\EALPR Vechicles dataset\Vehicles\1717.jpg,True,س ي ف٩٩٩٩,378,491,549,579,results\plates\plate_1717.jpg,1.42,1.0
1718.jpg,D:\GP\EALPR Vechicles dataset\Vehicles\1718.jpg,True,م س أ١١١١,323,323,430,377,results\plates\plate_1718.jpg,1.55,1.0
1719.jpg,D:\GP\EALPR Vechicles dataset\Vehicles\1719.jpg,True,ن أ ر٦٦٦,315,520,650,691,results\plates\plate_1719.jpg,1.21,1.0
1720.jpg,D:\GP\EALPR Vechicles dataset\Vehicles\1720.jpg,True,ع١١,388,730,530,806,results\plates\plate_1720.jpg,1.51,1.0
1721.jpg,D:\GP\EALPR Vechicles dataset\Vehicles\1721.jpg,True,ج ع ن٢١٧,314,225,462,295,results\plates\plate_1721.jpg,0.91,1.0
1722.jpg,D:\GP\EALPR Vechicles dataset\Vehicles\1722.jpg,True,أ س د٦,628,794,752,858,results\plates\plate_1722.jpg,1.23,1.0
1723.jpg,D:\GP\EALPR Vechicles dataset\Vehicles\1723.jpg,True,ع ه٧٩٨٤,280,673,436,743,results\plates\plate_1723.jpg,1.24,1.0
1724.jpg,D:\GP\EALPR Vechicles dataset\Vehicles\1724.jpg,True,ع ط أ١,233,782,368,869,results\plates\plate_1724.jpg,1.51,1.0
1725.jpg,D:\GP\EALPR Vechicles dataset\Vehicles\1725.jpg,True,ر ي س٤٤٤,244,531,354,599,results\plates\plate_1725.jpg,1.30,1.0
1726.jpg,D:\GP\EALPR Vechicles dataset\Vehicles\1726.jpg,True,د م١١١١,257,620,456,719,results\plates\plate_1726.jpg,1.41,1.0
1727.jpg,D:\GP\EALPR Vechicles dataset\Vehicles\1727.jpg,True,ر ع ط٧٣٤,666,331,866,440,results\plates\plate_1727.jpg,0.94,1.0
1728.jpg,D:\GP\EALPR Vechicles dataset\Vehicles\1728.jpg,True,ه و ط٢٥١٧,231,563,411,653,results\plates\plate_1728.jpg,1.34,1.0
1729.jpg,D:\GP\EALPR Vechicles dataset\Vehicles\1729.jpg,True,أ و ع٣٦٨٤,247,567,409,651,results\plates\plate_1729.jpg,1.68,1.0
1730.jpg,D:\GP\EALPR Vechicles dataset\Vehicles\1730.jpg,True,ر ع ط٧٣٤,632,474,830,578,results\plates\plate_1730.jpg,1.03,1.0
1731.jpg,D:\GP\EALPR Vechicles dataset\Vehicles\1731.jpg,True,ق أ٤٥٤٧,890,365,1004,446,results\plates\plate_1731.jpg,0.86,1.0
1732.jpg,D:\GP\EALPR Vechicles dataset\Vehicles\1732.jpg,True,ر م٢٨٣٦,290,652,458,737,results\plates\plate_1732.jpg,1.04,1.0
1733.jpg,D:\GP\EALPR Vechicles dataset\Vehicles\1733.jpg,True,ر ع ط٧٣٤,293,393,436,505,results\plates\plate_1733.jpg,0.94,1.0
1734.jpg,D:\GP\EALPR Vechicles dataset\Vehicles\1734.jpg,True,ق أ٤٥٤٧,663,380,842,471,results\plates\plate_1734.jpg,0.89,1.0
1735.jpg,D:\GP\EALPR Vechicles dataset\Vehicles\1735.jpg,True,ق أ٤٥٤٨,105,415,179,455,results\plates\plate_1735.jpg,1.53,1.0
1736.jpg,D:\GP\EALPR Vechicles dataset\Vehicles\1736.jpg,True,د ص١٧٢٨,225,557,365,622,results\plates\plate_1736.jpg,1.23,1.0
1737.jpg,D:\GP\EALPR Vechicles dataset\Vehicles\1737.jpg,True,ط م ن٥٩١٤,453,424,564,478,results\plates\plate_1737.jpg,1.81,1.0
1738.jpg,D:\GP\EALPR Vechicles dataset\Vehicles\1738.jpg,True,ر ص أ٩٣٨٢,307,493,406,544,results\plates\plate_1738.jpg,1.26,1.0
1739.jpg,D:\GP\EALPR Vechicles dataset\Vehicles\1739.jpg,True,م ط١,462,683,642,766,results\plates\plate_1739.jpg,1.63,1.0
1740.jpg,D:\GP\EALPR Vechicles dataset\Vehicles\1740.jpg,True,ط و ص٥٤٦٧,318,662,426,715,results\plates\plate_1740.jpg,1.46,1.0
1741.jpg,D:\GP\EALPR Vechicles dataset\Vehicles\1741.jpg,True,م ج١,196,355,300,410,results\plates\plate_1741.jpg,1.39,1.0
1742.jpg,D:\GP\EALPR Vechicles dataset\Vehicles\1742.jpg,True,و ق٣٨٦٩,417,356,512,399,results\plates\plate_1742.jpg,0.98,1.0
1743.jpg,D:\GP\EALPR Vechicles dataset\Vehicles\1743.jpg,True,و ق٣٨٦٩,423,259,509,303,results\plates\plate_1743.jpg,0.99,1.0
1744.jpg,D:\GP\EALPR Vechicles dataset\Vehicles\1744.jpg,True,م ج١١١١,300,340,430,413,results\plates\plate_1744.jpg,1.29,1.0
1745.jpg,D:\GP\EALPR Vechicles dataset\Vehicles\1745.jpg,True,م ل٤٢٢٩,275,576,465,675,results\plates\plate_1745.jpg,1.12,1.0
1746.jpg,D:\GP\EALPR Vechicles dataset\Vehicles\1746.jpg,True,س ج س٩٧٣٢,219,546,325,598,results\plates\plate_1746.jpg,1.22,1.0
1747.jpg,D:\GP\EALPR Vechicles dataset\Vehicles\1747.jpg,True,ب د س٦٢٧٨,232,784,440,863,results\plates\plate_1747.jpg,1.18,1.0
1748.jpg,D:\GP\EALPR Vechicles dataset\Vehicles\1748.jpg,True,ق أ ل٢١٩٣,262,632,447,717,results\plates\plate_1748.jpg,1.14,1.0
1749.jpg,D:\GP\EALPR Vechicles dataset\Vehicles\1749.jpg,True,ه ط أ٢٨٩٥,496,387,628,461,results\plates\plate_1749.jpg,1.34,1.0
1750.jpg,D:\GP\EALPR Vechicles dataset\Vehicles\1750.jpg,True,ب ع٨١٢٣,292,643,428,700,results\plates\plate_1750.jpg,1.03,1.0
1751.jpg,D:\GP\EALPR Vechicles dataset\Vehicles\1751.jpg,True,س ج ه١٢٨,285,646,463,727,results\plates\plate_1751.jpg,1.11,1.0
1752.jpg,D:\GP\EALPR Vechicles dataset\Vehicles\1752.jpg,True,ب ع٨١٢٣,271,681,408,753,results\plates\plate_1752.jpg,1.11,1.0
1753.jpg,D:\GP\EALPR Vechicles dataset\Vehicles\1753.jpg,True,س ن ب٧٤٦٢,340,886,571,957,results\plates\plate_1753.jpg,1.05,1.0
1754.jpg,D:\GP\EALPR Vechicles dataset\Vehicles\1754.jpg,True,س٢,457,615,620,703,results\plates\plate_1754.jpg,1.21,1.0
1755.jpg,D:\GP\EALPR Vechicles dataset\Vehicles\1755.jpg,True,م د ه٨٧٣٩,408,287,581,373,results\plates\plate_1755.jpg,1.37,1.0
1756.jpg,D:\GP\EALPR Vechicles dataset\Vehicles\1756.jpg,True,م د ه٨٧٣٩,375,499,554,571,results\plates\plate_1756.jpg,1.08,1.0
1757.jpg,D:\GP\EALPR Vechicles dataset\Vehicles\1757.jpg,True,س ن ب٧٤٦٢,278,531,370,591,results\plates\plate_1757.jpg,1.28,1.0
1758.jpg,D:\GP\EALPR Vechicles dataset\Vehicles\1758.jpg,True,ب د٣١٧٣,224,391,335,444,results\plates\plate_1758.jpg,1.22,1.0
1759.jpg,D:\GP\EALPR Vechicles dataset\Vehicles\1759.jpg,True,ر ج أ٢٥٣٨,281,587,442,660,results\plates\plate_1759.jpg,1.22,1.0
1760.jpg,D:\GP\EALPR Vechicles dataset\Vehicles\1760.jpg,True,س ي د٧٧٧,420,385,503,428,results\plates\plate_1760.jpg,1.05,1.0
1761.jpg,D:\GP\EALPR Vechicles dataset\Vehicles\1761.jpg,True,م و ه٦٦٦٦,370,551,522,627,results\plates\plate_1761.jpg,1.45,1.0
1762.jpg,D:\GP\EALPR Vechicles dataset\Vehicles\1762.jpg,True,ق ل ق١١١١,657,557,792,647,results\plates\plate_1762.jpg,1.31,1.0
1763.jpg,D:\GP\EALPR Vechicles dataset\Vehicles\1763.jpg,True,ل ص٣٣٩٨,460,285,522,320,results\plates\plate_1763.jpg,1.11,1.0
1764.jpg,D:\GP\EALPR Vechicles dataset\Vehicles\1764.jpg,True,م ج ق١٩٧٣,164,667,251,712,results\plates\plate_1764.jpg,1.10,1.0
1765.jpg,D:\GP\EALPR Vechicles dataset\Vehicles\1765.jpg,True,ع م د٤٤٤٤,428,816,610,930,results\plates\plate_1765.jpg,1.32,1.0
1766.jpg,D:\GP\EALPR Vechicles dataset\Vehicles\1766.jpg,True,د ع٩٧٣٣,171,490,292,544,results\plates\plate_1766.jpg,0.90,1.0
1767.jpg,D:\GP\EALPR Vechicles dataset\Vehicles\1767.jpg,True,س ب ع٢٥٩,563,466,729,559,results\plates\plate_1767.jpg,1.23,1.0
1768.jpg,D:\GP\EALPR Vechicles dataset\Vehicles\1768.jpg,True,ه ع ن٧٤٣,134,567,225,637,results\plates\plate_1768.jpg,1.26,1.0
1769.jpg,D:\GP\EALPR Vechicles dataset\Vehicles\1769.jpg,True,أ ق ج٧٤٩٣,440,452,591,540,results\plates\plate_1769.jpg,1.78,1.0
1770.jpg,D:\GP\EALPR Vechicles dataset\Vehicles\1770.jpg,True,د ع٩٧٣٣,128,384,223,427,results\plates\plate_1770.jpg,2.16,1.0
1771.jpg,D:\GP\EALPR Vechicles dataset\Vehicles\1771.jpg,True,ط ص أ٦٩٧٦,421,362,555,425,results\plates\plate_1771.jpg,1.83,1.0
1772.jpg,D:\GP\EALPR Vechicles dataset\Vehicles\1772.jpg,True,ط ص أ٦٩٧٦,418,361,538,417,results\plates\plate_1772.jpg,2.60,1.0
1773.jpg,D:\GP\EALPR Vechicles dataset\Vehicles\1773.jpg,True,ط ص أ٦٩٧٦,431,448,613,536,results\plates\plate_1773.jpg,1.76,1.0
1774.jpg,D:\GP\EALPR Vechicles dataset\Vehicles\1774.jpg,True,ب و د٨٨٨٨,412,508,567,588,results\plates\plate_1774.jpg,1.52,1.0
1775.jpg,D:\GP\EALPR Vechicles dataset\Vehicles\1775.jpg,True,ه ع ن٧٤٣,364,430,506,502,results\plates\plate_1775.jpg,1.05,1.0
1776.jpg,D:\GP\EALPR Vechicles dataset\Vehicles\1776.jpg,True,ه ر ع٥٨٥٢,185,592,310,644,results\plates\plate_1776.jpg,1.02,1.0
1777.jpg,D:\GP\EALPR Vechicles dataset\Vehicles\1777.jpg,True,ف ي د٤١٥٣,274,480,400,544,results\plates\plate_1777.jpg,1.06,1.0
1778.jpg,D:\GP\EALPR Vechicles dataset\Vehicles\1778.jpg,True,و ن١,227,290,318,334,results\plates\plate_1778.jpg,1.62,1.0
1779.jpg,D:\GP\EALPR Vechicles dataset\Vehicles\1779.jpg,True,ج ر ج٣٢٥,289,558,458,639,results\plates\plate_1779.jpg,1.35,1.0
1780.jpg,D:\GP\EALPR Vechicles dataset\Vehicles\1780.jpg,True,ق ه ي٧٥٧٢,227,568,360,629,results\plates\plate_1780.jpg,1.14,1.0
1781.jpg,D:\GP\EALPR Vechicles dataset\Vehicles\1781.jpg,True,ق ه ي٧٥٧٢,230,404,364,473,results\plates\plate_1781.jpg,1.30,1.0
1782.jpg,D:\GP\EALPR Vechicles dataset\Vehicles\1782.jpg,True,ج و٦٦٦٦,352,474,510,556,results\plates\plate_1782.jpg,1.39,1.0
1783.jpg,D:\GP\EALPR Vechicles dataset\Vehicles\1783.jpg,True,م ر٨,392,772,609,880,results\plates\plate_1783.jpg,1.60,1.0
1784.jpg,D:\GP\EALPR Vechicles dataset\Vehicles\1784.jpg,True,أ ق ج٧٤٩٣,293,641,453,714,results\plates\plate_1784.jpg,1.15,1.0
1785.jpg,D:\GP\EALPR Vechicles dataset\Vehicles\1785.jpg,True,أ ق ج٧٤٩٣,292,562,445,631,results\plates\plate_1785.jpg,1.39,1.0
1786.jpg,D:\GP\EALPR Vechicles dataset\Vehicles\1786.jpg,True,ع و٣٧٦٥,407,494,674,645,results\plates\plate_1786.jpg,1.22,1.0
1787.jpg,D:\GP\EALPR Vechicles dataset\Vehicles\1787.jpg,True,س م٢٨١٣,231,375,306,413,results\plates\plate_1787.jpg,1.38,1.0
1788.jpg,D:\GP\EALPR Vechicles dataset\Vehicles\1788.jpg,True,ن د أ٧٧٧٧,412,599,564,677,results\plates\plate_1788.jpg,1.37,1.0
1789.jpg,D:\GP\EALPR Vechicles dataset\Vehicles\1789.jpg,True,س م٢٨١٣,247,391,320,429,results\plates\plate_1789.jpg,1.24,1.0
1790.jpg,D:\GP\EALPR Vechicles dataset\Vehicles\1790.jpg,True,ط و٣٥٣٩,268,712,429,790,results\plates\plate_1790.jpg,1.34,1.0
1791.jpg,D:\GP\EALPR Vechicles dataset\Vehicles\1791.jpg,True,أ ن ج١٨٤٣,159,477,280,524,results\plates\plate_1791.jpg,1.28,1.0
1792.jpg,D:\GP\EALPR Vechicles dataset\Vehicles\1792.jpg,True,س م٢٨١٣,209,554,322,612,results\plates\plate_1792.jpg,1.00,1.0
1793.jpg,D:\GP\EALPR Vechicles dataset\Vehicles\1793.jpg,True,ع أ و٧١٨٣,215,408,311,457,results\plates\plate_1793.jpg,1.31,1.0
1794.jpg,D:\GP\EALPR Vechicles dataset\Vehicles\1794.jpg,True,د ط ل٢٤٣,251,602,391,676,results\plates\plate_1794.jpg,1.50,1.0
1795.jpg,D:\GP\EALPR Vechicles dataset\Vehicles\1795.jpg,True,ق م س٢٤٩٧,166,912,320,991,results\plates\plate_1795.jpg,1.01,1.0
1796.jpg,D:\GP\EALPR Vechicles dataset\Vehicles\1796.jpg,True,أ ي ر٦١٨٥,321,469,430,527,results\plates\plate_1796.jpg,1.35,1.0
1797.jpg,D:\GP\EALPR Vechicles dataset\Vehicles\1797.jpg,True,ق م س٢٤٩٧,418,435,657,570,results\plates\plate_1797.jpg,0.88,1.0
1798.jpg,D:\GP\EALPR Vechicles dataset\Vehicles\1798.jpg,True,ع أ و٧١٨٣,405,577,525,644,results\plates\plate_1798.jpg,1.07,1.0
1799.jpg,D:\GP\EALPR Vechicles dataset\Vehicles\1799.jpg,True,ق م س٢٤٩٧,55,868,260,981,results\plates\plate_1799.jpg,0.85,1.0
1800.jpg,D:\GP\EALPR Vechicles dataset\Vehicles\1800.jpg,True,ج ص١١٣٧,312,559,443,635,results\plates\plate_1800.jpg,1.06,1.0
1801.jpg,D:\GP\EALPR Vechicles dataset\Vehicles\1801.jpg,True,ي ط٧٨٧٦,289,605,482,700,results\plates\plate_1801.jpg,1.13,1.0
1802.jpg,D:\GP\EALPR Vechicles dataset\Vehicles\1802.jpg,True,ج ق ع٩٧٢,433,368,612,456,results\plates\plate_1802.jpg,1.13,1.0
1803.jpg,D:\GP\EALPR Vechicles dataset\Vehicles\1803.jpg,True,ل س د٧٦٢٩,326,347,457,417,results\plates\plate_1803.jpg,0.97,1.0
1804.jpg,D:\GP\EALPR Vechicles dataset\Vehicles\1804.jpg,True,م و أ٤٢٦٥,250,625,389,701,results\plates\plate_1804.jpg,0.92,1.0
1805.jpg,D:\GP\EALPR Vechicles dataset\Vehicles\1805.jpg,True,م ق ب٥٦٩١,167,669,232,703,results\plates\plate_1805.jpg,0.85,1.0
1806.jpg,D:\GP\EALPR Vechicles dataset\Vehicles\1806.jpg,True,أ ط ف٥٤٦,278,657,411,717,results\plates\plate_1806.jpg,1.00,1.0
1807.jpg,D:\GP\EALPR Vechicles dataset\Vehicles\1807.jpg,True,ف ه٥٨٩٣,286,659,461,733,results\plates\plate_1807.jpg,1.00,1.0
1808.jpg,D:\GP\EALPR Vechicles dataset\Vehicles\1808.jpg,True,م ق ب٦٥٧٢,400,378,514,434,results\plates\plate_1808.jpg,0.86,1.0
1809.jpg,D:\GP\EALPR Vechicles dataset\Vehicles\1809.jpg,True,ط ق٥٢٣٨,400,508,540,577,results\plates\plate_1809.jpg,1.08,1.0
1810.jpg,D:\GP\EALPR Vechicles dataset\Vehicles\1810.jpg,True,ق م س٢٤٩٧,398,432,639,571,results\plates\plate_1810.jpg,0.87,1.0
1811.jpg,D:\GP\EALPR Vechicles dataset\Vehicles\1811.jpg,True,ق ف ر٦٨٥٤,155,485,222,521,results\plates\plate_1811.jpg,0.87,1.0
1812.jpg,D:\GP\EALPR Vechicles dataset\Vehicles\1812.jpg,True,ج ق ع٩٧٢,285,618,420,690,results\plates\plate_1812.jpg,0.92,1.0
1813.jpg,D:\GP\EALPR Vechicles dataset\Vehicles\1813.jpg,True,أ ط ف٥٤٦,274,575,422,649,results\plates\plate_1813.jpg,1.02,1.0
1814.jpg,D:\GP\EALPR Vechicles dataset\Vehicles\1814.jpg,True,ر ج ه٣٩١,416,652,624,746,results\plates\plate_1814.jpg,1.12,1.0
1815.jpg,D:\GP\EALPR Vechicles dataset\Vehicles\1815.jpg,True,ق و ل٩٨٤٥,302,743,430,799,results\plates\plate_1815.jpg,0.89,1.0
1816.jpg,D:\GP\EALPR Vechicles dataset\Vehicles\1816.jpg,True,أ ط ف٥٤٦,242,659,417,767,results\plates\plate_1816.jpg,0.93,1.0
1817.jpg,D:\GP\EALPR Vechicles dataset\Vehicles\1817.jpg,True,أ ط ف٥٤٦,242,659,417,767,results\plates\plate_1817.jpg,0.94,1.0
1818.jpg,D:\GP\EALPR Vechicles dataset\Vehicles\1818.jpg,True,ي ط٧٨٧٦,248,392,433,478,results\plates\plate_1818.jpg,1.08,1.0
1819.jpg,D:\GP\EALPR Vechicles dataset\Vehicles\1819.jpg,True,ف ه٥٨٩٣,272,622,455,709,results\plates\plate_1819.jpg,0.97,1.0
1820.jpg,D:\GP\EALPR Vechicles dataset\Vehicles\1820.jpg,True,ع ص و٩١٨٤,253,527,428,624,results\plates\plate_1820.jpg,1.23,1.0
1821.jpg,D:\GP\EALPR Vechicles dataset\Vehicles\1821.jpg,True,ق أ أ٦٩١٥,398,632,519,691,results\plates\plate_1821.jpg,0.96,1.0
1822.jpg,D:\GP\EALPR Vechicles dataset\Vehicles\1822.jpg,True,س ر د٩٧٨٧,340,430,441,488,results\plates\plate_1822.jpg,1.03,1.0
1823.jpg,D:\GP\EALPR Vechicles dataset\Vehicles\1823.jpg,True,ع ص و٩١٨٤,305,698,473,789,results\plates\plate_1823.jpg,1.02,1.0
1824.jpg,D:\GP\EALPR Vechicles dataset\Vehicles\1824.jpg,True,س ر د٩٧٨٧,304,710,430,775,results\plates\plate_1824.jpg,0.93,1.0
1825.jpg,D:\GP\EALPR Vechicles dataset\Vehicles\1825.jpg,True,أ ق و٩٦١٧,0,587,223,703,results\plates\plate_1825.jpg,1.08,1.0
1826.jpg,D:\GP\EALPR Vechicles dataset\Vehicles\1826.jpg,True,ج ج٨٨٨٨,312,734,444,803,results\plates\plate_1826.jpg,1.02,1.0
1827.jpg,D:\GP\EALPR Vechicles dataset\Vehicles\1827.jpg,True,أ ب ق٢٨٦٣,366,565,577,656,results\plates\plate_1827.jpg,0.90,1.0
1828.jpg,D:\GP\EALPR Vechicles dataset\Vehicles\1828.jpg,True,د ط ل٢٤٣,283,504,385,556,results\plates\plate_1828.jpg,0.96,1.0
1829.jpg,D:\GP\EALPR Vechicles dataset\Vehicles\1829.jpg,True,ن م ي٤١٩,290,516,449,596,results\plates\plate_1829.jpg,0.98,1.0
1830.jpg,D:\GP\EALPR Vechicles dataset\Vehicles\1830.jpg,True,ج م٧٦٤٢,293,725,464,792,results\plates\plate_1830.jpg,0.97,1.0
1831.jpg,D:\GP\EALPR Vechicles dataset\Vehicles\1831.jpg,True,ق ه ق٨٥٧,28,544,139,605,results\plates\plate_1831.jpg,0.96,1.0
1832.jpg,D:\GP\EALPR Vechicles dataset\Vehicles\1832.jpg,True,أ ق ق٦١٢,739,584,844,664,results\plates\plate_1832.jpg,1.12,1.0
1833.jpg,D:\GP\EALPR Vechicles dataset\Vehicles\1833.jpg,True,أ ق و٩٦١٧,392,635,552,718,results\plates\plate_1833.jpg,0.92,1.0
1834.jpg,D:\GP\EALPR Vechicles dataset\Vehicles\1834.jpg,True,د ق٣٧٤٥,257,592,367,644,results\plates\plate_1834.jpg,0.98,1.0
1835.jpg,D:\GP\EALPR Vechicles dataset\Vehicles\1835.jpg,True,ي ف ط١٥٦,380,482,584,592,results\plates\plate_1835.jpg,1.16,1.0
1836.jpg,D:\GP\EALPR Vechicles dataset\Vehicles\1836.jpg,True,ن ف٣٣٣٣,502,771,637,839,results\plates\plate_1836.jpg,1.30,1.0
1837.jpg,D:\GP\EALPR Vechicles dataset\Vehicles\1837.jpg,True,ب أ ر١٤٩,287,425,451,508,results\plates\plate_1837.jpg,1.09,1.0
1838.jpg,D:\GP\EALPR Vechicles dataset\Vehicles\1838.jpg,True,و ي٥٧١٤,427,489,628,590,results\plates\plate_1838.jpg,0.97,1.0
1839.jpg,D:\GP\EALPR Vechicles dataset\Vehicles\1839.jpg,True,م ج ع٥١٧٢,350,336,482,411,results\plates\plate_1839.jpg,1.03,1.0
1840.jpg,D:\GP\EALPR Vechicles dataset\Vehicles\1840.jpg,True,ي ع ط٦٤٧,236,572,380,646,results\plates\plate_1840.jpg,0.97,1.0
1841.jpg,D:\GP\EALPR Vechicles dataset\Vehicles\1841.jpg,True,ج ع٧٦٨٢,365,661,599,765,results\plates\plate_1841.jpg,0.93,1.0
1842.jpg,D:\GP\EALPR Vechicles dataset\Vehicles\1842.jpg,True,ط د ي٢٨٥,178,392,258,432,results\plates\plate_1842.jpg,0.84,1.0
1843.jpg,D:\GP\EALPR Vechicles dataset\Vehicles\1843.jpg,True,ف ص ب٧١٥,302,479,432,552,results\plates\plate_1843.jpg,1.33,1.0
1844.jpg,D:\GP\EALPR Vechicles dataset\Vehicles\1844.jpg,True,ج ع٧٦٨٢,324,815,584,914,results\plates\plate_1844.jpg,1.48,1.0
1845.jpg,D:\GP\EALPR Vechicles dataset\Vehicles\1845.jpg,True,ط أ ط٥٢٧,421,470,580,549,results\plates\plate_1845.jpg,1.47,1.0
1846.jpg,D:\GP\EALPR Vechicles dataset\Vehicles\1846.jpg,True,ب ف ل٢٩٦,270,736,464,808,results\plates\plate_1846.jpg,1.19,1.0
1847.jpg,D:\GP\EALPR Vechicles dataset\Vehicles\1847.jpg,True,و ي٥٧١٤,303,564,450,627,results\plates\plate_1847.jpg,1.28,1.0
1848.jpg,D:\GP\EALPR Vechicles dataset\Vehicles\1848.jpg,True,ن م ي٤١٩,247,649,429,746,results\plates\plate_1848.jpg,1.14,1.0
1849.jpg,D:\GP\EALPR Vechicles dataset\Vehicles\1849.jpg,True,و ق٢٣٩٣,563,377,725,468,results\plates\plate_1849.jpg,1.38,1.0
1850.jpg,D:\GP\EALPR Vechicles dataset\Vehicles\1850.jpg,True,أ ق ق٦١٢,434,597,611,688,results\plates\plate_1850.jpg,1.29,1.0
1851.jpg,D:\GP\EALPR Vechicles dataset\Vehicles\1851.jpg,True,د ق٣٧٤٥,287,470,438,547,results\plates\plate_1851.jpg,1.33,1.0
1852.jpg,D:\GP\EALPR Vechicles dataset\Vehicles\1852.jpg,True,د ق٣٧٤٥,287,470,438,547,results\plates\plate_1852.jpg,1.46,1.0
1853.jpg,D:\GP\EALPR Vechicles dataset\Vehicles\1853.jpg,True,ق ه ق٨٥٥٧,179,557,304,621,results\plates\plate_1853.jpg,1.38,1.0
1854.jpg,D:\GP\EALPR Vechicles dataset\Vehicles\1854.jpg,True,ق ر ه٧٢٥,243,373,471,485,results\plates\plate_1854.jpg,1.24,1.0
1855.jpg,D:\GP\EALPR Vechicles dataset\Vehicles\1855.jpg,True,ط د ي٢٨٥,184,426,267,466,results\plates\plate_1855.jpg,1.18,1.0
1856.jpg,D:\GP\EALPR Vechicles dataset\Vehicles\1856.jpg,True,ق ج ل٢٧٦٥,222,832,474,926,results\plates\plate_1856.jpg,1.22,1.0
1857.jpg,D:\GP\EALPR Vechicles dataset\Vehicles\1857.jpg,True,ق ر ه٧٢٥,326,404,426,457,results\plates\plate_1857.jpg,1.40,1.0
1858.jpg,D:\GP\EALPR Vechicles dataset\Vehicles\1858.jpg,True,م ل ط٧٢١,326,417,512,511,results\plates\plate_1858.jpg,1.21,1.0
1859.jpg,D:\GP\EALPR Vechicles dataset\Vehicles\1859.jpg,True,ن م ي٤١٩,282,441,445,522,results\plates\plate_1859.jpg,1.34,1.0
1860.jpg,D:\GP\EALPR Vechicles dataset\Vehicles\1860.jpg,True,ي ر ع٥٤٢,398,487,588,580,results\plates\plate_1860.jpg,1.10,1.0
1861.jpg,D:\GP\EALPR Vechicles dataset\Vehicles\1861.jpg,True,ر ب ب٢٦٥,358,554,444,599,results\plates\plate_1861.jpg,1.45,1.0
1862.jpg,D:\GP\EALPR Vechicles dataset\Vehicles\1862.jpg,True,أ ي ج٥٧٤١,465,429,624,507,results\plates\plate_1862.jpg,1.09,1.0
1863.jpg,D:\GP\EALPR Vechicles dataset\Vehicles\1863.jpg,True,ف ط ر٤٩٧١,452,340,637,436,results\plates\plate_1863.jpg,1.35,1.0
1864.jpg,D:\GP\EALPR Vechicles dataset\Vehicles\1864.jpg,False,,278,641,449,714,N/A,1.13,0.0
1865.jpg,D:\GP\EALPR Vechicles dataset\Vehicles\1865.jpg,True,ف ب د٤٨٣٥,397,559,565,646,results\plates\plate_1865.jpg,0.95,1.0
1866.jpg,D:\GP\EALPR Vechicles dataset\Vehicles\1866.jpg,True,ق م س٥٣٤٩,230,422,333,482,results\plates\plate_1866.jpg,0.94,1.0
1867.jpg,D:\GP\EALPR Vechicles dataset\Vehicles\1867.jpg,True,ف ب د٤٨٣٥,308,508,410,557,results\plates\plate_1867.jpg,1.03,1.0
1868.jpg,D:\GP\EALPR Vechicles dataset\Vehicles\1868.jpg,True,أ د ع٧٩٥٢,314,619,426,676,results\plates\plate_1868.jpg,1.22,1.0
1869.jpg,D:\GP\EALPR Vechicles dataset\Vehicles\1869.jpg,True,د ق٣٧٤٥,274,577,383,630,results\plates\plate_1869.jpg,0.96,1.0
1870.jpg,D:\GP\EALPR Vechicles dataset\Vehicles\1870.jpg,True,ي ف ط١٥٦,275,654,428,724,results\plates\plate_1870.jpg,1.15,1.0
1871.jpg,D:\GP\EALPR Vechicles dataset\Vehicles\1871.jpg,True,م ج ع٥١٧٢,307,584,476,660,results\plates\plate_1871.jpg,1.26,1.0
1872.jpg,D:\GP\EALPR Vechicles dataset\Vehicles\1872.jpg,True,ب م ط٥٢٤٧,285,485,442,557,results\plates\plate_1872.jpg,0.91,1.0
1873.jpg,D:\GP\EALPR Vechicles dataset\Vehicles\1873.jpg,True,ط ن و٦٣٧١,419,667,570,740,results\plates\plate_1873.jpg,1.31,1.0
1874.jpg,D:\GP\EALPR Vechicles dataset\Vehicles\1874.jpg,True,أ د ع٧٩٥٢,284,676,437,745,results\plates\plate_1874.jpg,1.00,1.0
1875.jpg,D:\GP\EALPR Vechicles dataset\Vehicles\1875.jpg,True,ر ق٦٢٥١,407,578,536,653,results\plates\plate_1875.jpg,1.03,1.0
1876.jpg,D:\GP\EALPR Vechicles dataset\Vehicles\1876.jpg,True,و ع٥٣٧٤,259,631,335,668,results\plates\plate_1876.jpg,1.05,1.0
1877.jpg,D:\GP\EALPR Vechicles dataset\Vehicles\1877.jpg,True,ق ج ل٢٧٦٥,256,599,401,670,results\plates\plate_1877.jpg,1.48,1.0
1878.jpg,D:\GP\EALPR Vechicles dataset\Vehicles\1878.jpg,True,و ع٥٣٧٤,345,339,425,384,results\plates\plate_1878.jpg,1.49,1.0
1879.jpg,D:\GP\EALPR Vechicles dataset\Vehicles\1879.jpg,True,ق ي أ٢٨٦٥,323,538,472,619,results\plates\plate_1879.jpg,1.68,1.0
1880.jpg,D:\GP\EALPR Vechicles dataset\Vehicles\1880.jpg,True,أ ه ص٥٥٩٧,258,552,411,633,results\plates\plate_1880.jpg,1.23,1.0
1881.jpg,D:\GP\EALPR Vechicles dataset\Vehicles\1881.jpg,True,ق ج ل٢٧٦٥,173,422,318,497,results\plates\plate_1881.jpg,1.33,1.0
1882.jpg,D:\GP\EALPR Vechicles dataset\Vehicles\1882.jpg,True,ف ج ط٣٨٢٦,256,376,413,448,results\plates\plate_1882.jpg,1.43,1.0
1883.jpg,D:\GP\EALPR Vechicles dataset\Vehicles\1883.jpg,False,,478,546,604,604,N/A,1.24,0.0
1884.jpg,D:\GP\EALPR Vechicles dataset\Vehicles\1884.jpg,True,أ د ع٧٩٥٢,245,667,441,739,results\plates\plate_1884.jpg,1.36,1.0
1885.jpg,D:\GP\EALPR Vechicles dataset\Vehicles\1885.jpg,True,ل س ل٣٥٤,701,549,831,633,results\plates\plate_1885.jpg,1.40,1.0
1886.jpg,D:\GP\EALPR Vechicles dataset\Vehicles\1886.jpg,True,ق أ ص٧١٨٢,435,476,543,531,results\plates\plate_1886.jpg,1.03,1.0
1887.jpg,D:\GP\EALPR Vechicles dataset\Vehicles\1887.jpg,True,ص ر ع١٤٥,279,590,435,671,results\plates\plate_1887.jpg,1.08,1.0
1888.jpg,D:\GP\EALPR Vechicles dataset\Vehicles\1888.jpg,True,ل س ل٣٥٤,188,390,341,486,results\plates\plate_1888.jpg,1.58,1.0
1889.jpg,D:\GP\EALPR Vechicles dataset\Vehicles\1889.jpg,True,ل س ل٣٥٤,235,526,378,623,results\plates\plate_1889.jpg,1.27,1.0
1890.jpg,D:\GP\EALPR Vechicles dataset\Vehicles\1890.jpg,True,ع س ق٣٤٢٩,459,339,606,411,results\plates\plate_1890.jpg,1.42,1.0
1891.jpg,D:\GP\EALPR Vechicles dataset\Vehicles\1891.jpg,True,ف ع٤٣٨٥,282,366,397,444,results\plates\plate_1891.jpg,1.20,1.0
1892.jpg,D:\GP\EALPR Vechicles dataset\Vehicles\1892.jpg,True,س ف د٦٥٨٤,150,342,268,408,results\plates\plate_1892.jpg,1.12,1.0
1893.jpg,D:\GP\EALPR Vechicles dataset\Vehicles\1893.jpg,True,ط د ص١٢٢٤,159,450,256,507,results\plates\plate_1893.jpg,0.92,1.0
1894.jpg,D:\GP\EALPR Vechicles dataset\Vehicles\1894.jpg,True,ع أ ه٥١٩,371,493,556,587,results\plates\plate_1894.jpg,1.39,1.0
1895.jpg,D:\GP\EALPR Vechicles dataset\Vehicles\1895.jpg,True,م ف ص٥٤٩,74,600,164,664,results\plates\plate_1895.jpg,1.01,1.0
1896.jpg,D:\GP\EALPR Vechicles dataset\Vehicles\1896.jpg,True,أ س ن١٤٧,311,316,534,436,results\plates\plate_1896.jpg,1.06,1.0
1897.jpg,D:\GP\EALPR Vechicles dataset\Vehicles\1897.jpg,True,ع ق٦٤٢٦,348,416,455,471,results\plates\plate_1897.jpg,1.15,1.0
1898.jpg,D:\GP\EALPR Vechicles dataset\Vehicles\1898.jpg,True,ر ه٦٣٨٩,331,441,489,525,results\plates\plate_1898.jpg,1.18,1.0
1899.jpg,D:\GP\EALPR Vechicles dataset\Vehicles\1899.jpg,True,أ ه ص٥٥٩٧,274,769,432,838,results\plates\plate_1899.jpg,0.99,1.0
1900.jpg,D:\GP\EALPR Vechicles dataset\Vehicles\1900.jpg,True,ف ج ل٤٦٨١,142,376,245,440,results\plates\plate_1900.jpg,1.07,1.0
1901.jpg,D:\GP\EALPR Vechicles dataset\Vehicles\1901.jpg,True,ق س ع٣٦٥٨,309,465,445,532,results\plates\plate_1901.jpg,1.05,1.0
1902.jpg,D:\GP\EALPR Vechicles dataset\Vehicles\1902.jpg,True,ص ر ع١٤٥,300,552,449,626,results\plates\plate_1902.jpg,1.06,1.0
1903.jpg,D:\GP\EALPR Vechicles dataset\Vehicles\1903.jpg,True,ص ص و٦٤٥,286,400,453,481,results\plates\plate_1903.jpg,1.33,1.0
1904.jpg,D:\GP\EALPR Vechicles dataset\Vehicles\1904.jpg,True,و ق٢٣٩٣,303,613,446,684,results\plates\plate_1904.jpg,1.09,1.0
1905.jpg,D:\GP\EALPR Vechicles dataset\Vehicles\1905.jpg,True,ص و ق٧٤٦,440,454,557,511,results\plates\plate_1905.jpg,1.24,1.0
1906.jpg,D:\GP\EALPR Vechicles dataset\Vehicles\1906.jpg,True,ص أ٨٧٢٣,251,544,423,627,results\plates\plate_1906.jpg,1.12,1.0
1907.jpg,D:\GP\EALPR Vechicles dataset\Vehicles\1907.jpg,True,ف و ف٦٧٢,280,707,448,783,results\plates\plate_1907.jpg,1.22,1.0
1908.jpg,D:\GP\EALPR Vechicles dataset\Vehicles\1908.jpg,True,أ د ع٧٩٥٢,462,357,579,417,results\plates\plate_1908.jpg,1.39,1.0
1909.jpg,D:\GP\EALPR Vechicles dataset\Vehicles\1909.jpg,True,ق ف٩٦٧٤,437,357,538,407,results\plates\plate_1909.jpg,1.33,1.0
1910.jpg,D:\GP\EALPR Vechicles dataset\Vehicles\1910.jpg,True,ر ب ب٢٦٥,370,556,479,616,results\plates\plate_1910.jpg,1.39,1.0
1911.jpg,D:\GP\EALPR Vechicles dataset\Vehicles\1911.jpg,True,أ س ن١٤٧,357,417,518,493,results\plates\plate_1911.jpg,2.64,1.0
1912.jpg,D:\GP\EALPR Vechicles dataset\Vehicles\1912.jpg,True,ص ع٥٩٨٤,256,643,424,737,results\plates\plate_1912.jpg,1.80,1.0
1913.jpg,D:\GP\EALPR Vechicles dataset\Vehicles\1913.jpg,True,س ب ع٣٦٢٥,183,495,281,543,results\plates\plate_1913.jpg,1.28,1.0
1914.jpg,D:\GP\EALPR Vechicles dataset\Vehicles\1914.jpg,True,ر ق ع٥٢٤٧,205,490,297,537,results\plates\plate_1914.jpg,1.10,1.0
1915.jpg,D:\GP\EALPR Vechicles dataset\Vehicles\1915.jpg,True,م ب٣٦٦٩,364,529,478,592,results\plates\plate_1915.jpg,1.17,1.0
1916.jpg,D:\GP\EALPR Vechicles dataset\Vehicles\1916.jpg,True,ق ج ب٥٩٤٣,173,377,267,430,results\plates\plate_1916.jpg,0.83,1.0
1917.jpg,D:\GP\EALPR Vechicles dataset\Vehicles\1917.jpg,True,س ل د٥٧٨٩,281,655,428,723,results\plates\plate_1917.jpg,0.99,1.0
1918.jpg,D:\GP\EALPR Vechicles dataset\Vehicles\1918.jpg,True,س ر ه٣٧٨,387,179,520,245,results\plates\plate_1918.jpg,0.97,1.0
1919.jpg,D:\GP\EALPR Vechicles dataset\Vehicles\1919.jpg,True,ي ر ع٥٤٢,405,325,591,418,results\plates\plate_1919.jpg,1.19,1.0
1920.jpg,D:\GP\EALPR Vechicles dataset\Vehicles\1920.jpg,True,ل ر ع٩٧١٨,309,612,419,670,results\plates\plate_1920.jpg,1.26,1.0
1921.jpg,D:\GP\EALPR Vechicles dataset\Vehicles\1921.jpg,True,ف ص ب٧١٥,291,727,433,798,results\plates\plate_1921.jpg,1.18,1.0
1922.jpg,D:\GP\EALPR Vechicles dataset\Vehicles\1922.jpg,True,ف ج د٣٨٤١,314,638,482,709,results\plates\plate_1922.jpg,0.94,1.0
1923.jpg,D:\GP\EALPR Vechicles dataset\Vehicles\1923.jpg,True,أ س ه٧٣٢,238,764,425,844,results\plates\plate_1923.jpg,0.99,1.0
1924.jpg,D:\GP\EALPR Vechicles dataset\Vehicles\1924.jpg,True,أ ف ر٨٥٢٧٣,409,442,592,535,results\plates\plate_1924.jpg,1.28,1.0
1925.jpg,D:\GP\EALPR Vechicles dataset\Vehicles\1925.jpg,True,و ق٢٣٩٣,795,475,956,567,results\plates\plate_1925.jpg,1.30,1.0
1926.jpg,D:\GP\EALPR Vechicles dataset\Vehicles\1926.jpg,True,أ س ج٨٨٩٦,346,552,558,647,results\plates\plate_1926.jpg,1.32,1.0
1927.jpg,D:\GP\EALPR Vechicles dataset\Vehicles\1927.jpg,True,د ط ص٤٦٩,448,568,611,648,results\plates\plate_1927.jpg,1.20,1.0
1928.jpg,D:\GP\EALPR Vechicles dataset\Vehicles\1928.jpg,True,س ب ع٣٦٢٥,188,440,286,489,results\plates\plate_1928.jpg,1.09,1.0
1929.jpg,D:\GP\EALPR Vechicles dataset\Vehicles\1929.jpg,True,ق س ع٣٦٥٨,327,355,445,417,results\plates\plate_1929.jpg,1.74,1.0
1930.jpg,D:\GP\EALPR Vechicles dataset\Vehicles\1930.jpg,True,م ن س١٦٧,288,488,396,550,results\plates\plate_1930.jpg,1.11,1.0
1931.jpg,D:\GP\EALPR Vechicles dataset\Vehicles\1931.jpg,True,س ل د٥٧٨٩,412,532,575,611,results\plates\plate_1931.jpg,1.12,1.0
1932.jpg,D:\GP\EALPR Vechicles dataset\Vehicles\1932.jpg,True,ر ج٦١٤١,302,511,387,556,results\plates\plate_1932.jpg,1.22,1.0
1933.jpg,D:\GP\EALPR Vechicles dataset\Vehicles\1933.jpg,True,أ س ه٧٣٢,305,546,432,612,results\plates\plate_1933.jpg,1.22,1.0
1934.jpg,D:\GP\EALPR Vechicles dataset\Vehicles\1934.jpg,True,ع ق٦٤٢٦,379,426,595,535,results\plates\plate_1934.jpg,1.11,1.0
1935.jpg,D:\GP\EALPR Vechicles dataset\Vehicles\1935.jpg,True,أ ف و١٢٦,220,466,343,526,results\plates\plate_1935.jpg,1.02,1.0
1936.jpg,D:\GP\EALPR Vechicles dataset\Vehicles\1936.jpg,True,ل س ل٣٥٤,302,553,431,630,results\plates\plate_1936.jpg,1.22,1.0
1937.jpg,D:\GP\EALPR Vechicles dataset\Vehicles\1937.jpg,True,ل ق٦٩٧٩,303,649,423,713,results\plates\plate_1937.jpg,1.06,1.0
1938.jpg,D:\GP\EALPR Vechicles dataset\Vehicles\1938.jpg,True,ر ج٦١٤١,327,566,413,613,results\plates\plate_1938.jpg,1.25,1.0
1939.jpg,D:\GP\EALPR Vechicles dataset\Vehicles\1939.jpg,True,ر ج٦١٤١,365,640,463,692,results\plates\plate_1939.jpg,1.36,1.0
1940.jpg,D:\GP\EALPR Vechicles dataset\Vehicles\1940.jpg,True,م ق ن٨١٤,280,639,482,729,results\plates\plate_1940.jpg,1.10,1.0
1941.jpg,D:\GP\EALPR Vechicles dataset\Vehicles\1941.jpg,True,ص ر ع١٤٥,724,504,818,567,results\plates\plate_1941.jpg,1.60,1.0
1942.jpg,D:\GP\EALPR Vechicles dataset\Vehicles\1942.jpg,True,ر ي ع٥٣٦٨,164,498,262,553,results\plates\plate_1942.jpg,0.95,1.0
1943.jpg,D:\GP\EALPR Vechicles dataset\Vehicles\1943.jpg,True,م ب٣٦٦٩,415,539,607,622,results\plates\plate_1943.jpg,1.19,1.0
1944.jpg,D:\GP\EALPR Vechicles dataset\Vehicles\1944.jpg,True,ق ج ب٥٩٤٣,171,501,266,550,results\plates\plate_1944.jpg,1.04,1.0
1945.jpg,D:\GP\EALPR Vechicles dataset\Vehicles\1945.jpg,True,م ط ف٤٦٧,211,461,372,537,results\plates\plate_1945.jpg,1.27,1.0
1946.jpg,D:\GP\EALPR Vechicles dataset\Vehicles\1946.jpg,True,ع ق٦٤٢٦,365,416,511,489,results\plates\plate_1946.jpg,1.01,1.0
1947.jpg,D:\GP\EALPR Vechicles dataset\Vehicles\1947.jpg,True,م ن س١٦٧,236,482,349,556,results\plates\plate_1947.jpg,1.22,1.0
1948.jpg,D:\GP\EALPR Vechicles dataset\Vehicles\1948.jpg,True,س و٤٨٣١,291,553,473,643,results\plates\plate_1948.jpg,1.01,1.0
1949.jpg,D:\GP\EALPR Vechicles dataset\Vehicles\1949.jpg,True,م ج١٤٥٧,470,304,561,360,results\plates\plate_1949.jpg,0.91,1.0
1950.jpg,D:\GP\EALPR Vechicles dataset\Vehicles\1950.jpg,True,ل ق٦٩٧٩,332,742,429,785,results\plates\plate_1950.jpg,1.07,1.0
1951.jpg,D:\GP\EALPR Vechicles dataset\Vehicles\1951.jpg,True,ع أ ه٥١٩,399,279,559,362,results\plates\plate_1951.jpg,0.97,1.0
1952.jpg,D:\GP\EALPR Vechicles dataset\Vehicles\1952.jpg,True,ق ي و٦٢٧٤,291,574,418,635,results\plates\plate_1952.jpg,0.98,1.0
1953.jpg,D:\GP\EALPR Vechicles dataset\Vehicles\1953.jpg,True,أ ه س٣٤١٥,410,362,560,438,results\plates\plate_1953.jpg,0.98,1.0
1954.jpg,D:\GP\EALPR Vechicles dataset\Vehicles\1954.jpg,True,ي ب ه٨٥٧٣,410,268,507,317,results\plates\plate_1954.jpg,0.97,1.0
1955.jpg,D:\GP\EALPR Vechicles dataset\Vehicles\1955.jpg,True,ع ق٦٤٢٦,379,426,595,535,results\plates\plate_1955.jpg,0.93,1.0
1956.jpg,D:\GP\EALPR Vechicles dataset\Vehicles\1956.jpg,True,ص ص و٦٤٥,274,245,430,323,results\plates\plate_1956.jpg,0.97,1.0
1957.jpg,D:\GP\EALPR Vechicles dataset\Vehicles\1957.jpg,True,ع ق٦٤٢٦,544,365,696,435,results\plates\plate_1957.jpg,0.92,1.0
1958.jpg,D:\GP\EALPR Vechicles dataset\Vehicles\1958.jpg,True,م ط ف٤٦٧,310,546,472,625,results\plates\plate_1958.jpg,1.06,1.0
1959.jpg,D:\GP\EALPR Vechicles dataset\Vehicles\1959.jpg,True,ق د ج٢٤٧٣,261,568,364,626,results\plates\plate_1959.jpg,1.01,1.0
1960.jpg,D:\GP\EALPR Vechicles dataset\Vehicles\1960.jpg,True,ف ف ع١٣٧,414,410,525,461,results\plates\plate_1960.jpg,0.99,1.0
1961.jpg,D:\GP\EALPR Vechicles dataset\Vehicles\1961.jpg,True,م ق ن٨١٤,274,452,448,542,results\plates\plate_1961.jpg,1.16,1.0
1962.jpg,D:\GP\EALPR Vechicles dataset\Vehicles\1962.jpg,True,ر ج٦١٤١,365,640,463,692,results\plates\plate_1962.jpg,0.92,1.0
1963.jpg,D:\GP\EALPR Vechicles dataset\Vehicles\1963.jpg,True,ر ف ط٦٣٨,443,599,584,662,results\plates\plate_1963.jpg,0.97,1.0
1964.jpg,D:\GP\EALPR Vechicles dataset\Vehicles\1964.jpg,True,أ ف ر٨٢٧٣,402,376,587,467,results\plates\plate_1964.jpg,1.06,1.0
1967.jpg,D:\GP\EALPR Vechicles dataset\Vehicles\1967.jpg,True,ج و١,315,607,473,689,results\plates\plate_1967.jpg,1.10,1.0
1968.jpg,D:\GP\EALPR Vechicles dataset\Vehicles\1968.jpg,True,ط ل ق٦٦٦,363,279,473,332,results\plates\plate_1968.jpg,1.01,1.0
1969.jpg,D:\GP\EALPR Vechicles dataset\Vehicles\1969.jpg,True,ن س ر١,188,552,268,594,results\plates\plate_1969.jpg,1.05,1.0
1970.jpg,D:\GP\EALPR Vechicles dataset\Vehicles\1970.jpg,True,ب و ب١,342,496,574,619,results\plates\plate_1970.jpg,1.05,1.0
1971.jpg,D:\GP\EALPR Vechicles dataset\Vehicles\1971.jpg,True,ب ط ل٩٥٩,269,259,380,317,results\plates\plate_1971.jpg,1.20,1.0
1972.jpg,D:\GP\EALPR Vechicles dataset\Vehicles\1972.jpg,True,ن س ر٢٢٢٢,318,390,478,471,results\plates\plate_1972.jpg,1.03,1.0
1973.jpg,D:\GP\EALPR Vechicles dataset\Vehicles\1973.jpg,True,س س٣٣٣٣,267,170,402,239,results\plates\plate_1973.jpg,0.96,1.0
1974.jpg,D:\GP\EALPR Vechicles dataset\Vehicles\1974.jpg,True,ز ر ي ن٥٥٥٥,405,363,668,476,results\plates\plate_1974.jpg,0.92,1.0
1975.jpg,D:\GP\EALPR Vechicles dataset\Vehicles\1975.jpg,True,م ه ر٥٥٥٥,351,288,453,342,results\plates\plate_1975.jpg,0.90,1.0
1976.jpg,D:\GP\EALPR Vechicles dataset\Vehicles\1976.jpg,True,م ه م٦٦٦,511,598,622,658,results\plates\plate_1976.jpg,1.00,1.0
1977.jpg,D:\GP\EALPR Vechicles dataset\Vehicles\1977.jpg,True,ب ط ل١,257,294,346,336,results\plates\plate_1977.jpg,0.89,1.0
1978.jpg,D:\GP\EALPR Vechicles dataset\Vehicles\1978.jpg,True,س س٥٥٥٥,354,669,536,756,results\plates\plate_1978.jpg,1.00,1.0
1979.jpg,D:\GP\EALPR Vechicles dataset\Vehicles\1979.jpg,True,م ن ي١١١,342,301,457,357,results\plates\plate_1979.jpg,0.91,1.0
1980.jpg,D:\GP\EALPR Vechicles dataset\Vehicles\1980.jpg,True,ه ه١,361,359,484,426,results\plates\plate_1980.jpg,0.98,1.0
1981.jpg,D:\GP\EALPR Vechicles dataset\Vehicles\1981.jpg,True,ر ي ن٥٥٥٥,396,199,696,349,results\plates\plate_1981.jpg,1.07,1.0
1982.jpg,D:\GP\EALPR Vechicles dataset\Vehicles\1982.jpg,True,أ أ أ٤٤٤٤,323,606,517,703,results\plates\plate_1982.jpg,1.05,1.0
1983.jpg,D:\GP\EALPR Vechicles dataset\Vehicles\1983.jpg,True,ق ص ر٦٦٦,356,720,544,816,results\plates\plate_1983.jpg,1.02,1.0
1984.jpg,D:\GP\EALPR Vechicles dataset\Vehicles\1984.jpg,True,و ط ن١,448,678,672,772,results\plates\plate_1984.jpg,1.01,1.0
1985.jpg,D:\GP\EALPR Vechicles dataset\Vehicles\1985.jpg,True,ر١,297,199,383,243,results\plates\plate_1985.jpg,0.99,1.0
1986.jpg,D:\GP\EALPR Vechicles dataset\Vehicles\1986.jpg,True,ع٤,260,251,365,301,results\plates\plate_1986.jpg,1.04,1.0
1987.jpg,D:\GP\EALPR Vechicles dataset\Vehicles\1987.jpg,True,ع٤,369,459,574,564,results\plates\plate_1987.jpg,1.00,1.0
1988.jpg,D:\GP\EALPR Vechicles dataset\Vehicles\1988.jpg,True,ن و ر٧٧٧٧,245,197,414,279,results\plates\plate_1988.jpg,0.96,1.0
1989.jpg,D:\GP\EALPR Vechicles dataset\Vehicles\1989.jpg,True,س ع د٥١٥,267,460,647,650,results\plates\plate_1989.jpg,1.00,1.0
1990.jpg,D:\GP\EALPR Vechicles dataset\Vehicles\1990.jpg,True,ر ج ب٥٥٥,332,204,463,270,results\plates\plate_1990.jpg,0.96,1.0
1991.jpg,D:\GP\EALPR Vechicles dataset\Vehicles\1991.jpg,True,ز ي ن٥٥٥٥,439,518,614,605,results\plates\plate_1991.jpg,1.01,1.0
1992.jpg,D:\GP\EALPR Vechicles dataset\Vehicles\1992.jpg,True,ر ع ب٧٧٧,123,450,277,533,results\plates\plate_1992.jpg,1.03,1.0
1993.jpg,D:\GP\EALPR Vechicles dataset\Vehicles\1993.jpg,True,م١١١,166,276,253,323,results\plates\plate_1993.jpg,1.06,1.0
1994.jpg,D:\GP\EALPR Vechicles dataset\Vehicles\1994.jpg,True,ر و ق٦٦٦٦,269,223,391,285,results\plates\plate_1994.jpg,1.01,1.0
1995.jpg,D:\GP\EALPR Vechicles dataset\Vehicles\1995.jpg,True,م س ر١١١١,320,342,434,402,results\plates\plate_1995.jpg,1.01,1.0
1996.jpg,D:\GP\EALPR Vechicles dataset\Vehicles\1996.jpg,True,م ه م١,267,180,342,221,results\plates\plate_1996.jpg,0.88,1.0
1997.jpg,D:\GP\EALPR Vechicles dataset\Vehicles\1997.jpg,True,م ي ر٦٦٦,252,246,425,335,results\plates\plate_1997.jpg,1.07,1.0
1998.jpg,D:\GP\EALPR Vechicles dataset\Vehicles\1998.jpg,True,س١١١,306,193,380,230,results\plates\plate_1998.jpg,1.02,1.0
1999.jpg,D:\GP\EALPR Vechicles dataset\Vehicles\1999.jpg,True,د ه ب٢٢,283,269,396,325,results\plates\plate_1999.jpg,1.00,1.0
2000.jpg,D:\GP\EALPR Vechicles dataset\Vehicles\2000.jpg,True,ر ز ي ن٥٥٥٥,442,480,682,596,results\plates\plate_2000.jpg,0.94,1.0
2001.jpg,D:\GP\EALPR Vechicles dataset\Vehicles\2001.jpg,True,ن ص ر١١١١,333,814,544,924,results\plates\plate_2001.jpg,1.02,1.0
2002.jpg,D:\GP\EALPR Vechicles dataset\Vehicles\2002.jpg,True,م ع١,308,154,400,199,results\plates\plate_2002.jpg,1.14,1.0
2003.jpg,D:\GP\EALPR Vechicles dataset\Vehicles\2003.jpg,True,ر١١١,301,321,446,392,results\plates\plate_2003.jpg,1.15,1.0
2004.jpg,D:\GP\EALPR Vechicles dataset\Vehicles\2004.jpg,True,ع ل ي٦٦٦٦,493,568,708,684,results\plates\plate_2004.jpg,1.10,1.0
2005.jpg,D:\GP\EALPR Vechicles dataset\Vehicles\2005.jpg,True,أ٨,455,661,594,732,results\plates\plate_2005.jpg,1.06,1.0
2006.jpg,D:\GP\EALPR Vechicles dataset\Vehicles\2006.jpg,True,أ ن س١,355,469,500,542,results\plates\plate_2006.jpg,0.96,1.0
2007.jpg,D:\GP\EALPR Vechicles dataset\Vehicles\2007.jpg,True,م١١١,325,477,408,519,results\plates\plate_2007.jpg,1.11,1.0
2008.jpg,D:\GP\EALPR Vechicles dataset\Vehicles\2008.jpg,True,أ١١١,426,568,645,678,results\plates\plate_2008.jpg,1.05,1.0
2009.jpg,D:\GP\EALPR Vechicles dataset\Vehicles\2009.jpg,True,ن و ر٣٣٣٣,324,400,470,474,results\plates\plate_2009.jpg,1.03,1.0
2010.jpg,D:\GP\EALPR Vechicles dataset\Vehicles\2010.jpg,True,و أ ن١,364,474,509,550,results\plates\plate_2010.jpg,0.96,1.0
2011.jpg,D:\GP\EALPR Vechicles dataset\Vehicles\2011.jpg,True,ن١,304,543,485,636,results\plates\plate_2011.jpg,1.07,1.0
2012.jpg,D:\GP\EALPR Vechicles dataset\Vehicles\2012.jpg,True,س ي ف٧,410,425,562,508,results\plates\plate_2012.jpg,1.01,1.0
2013.jpg,D:\GP\EALPR Vechicles dataset\Vehicles\2013.jpg,True,ع ف٢,385,601,539,681,results\plates\plate_2013.jpg,1.02,1.0
2014.jpg,D:\GP\EALPR Vechicles dataset\Vehicles\2014.jpg,True,و ل ع٦٦٦,271,223,407,290,results\plates\plate_2014.jpg,0.97,1.0
2015.jpg,D:\GP\EALPR Vechicles dataset\Vehicles\2015.jpg,True,ب م١١١١,743,367,835,413,results\plates\plate_2015.jpg,0.96,1.0
2016.jpg,D:\GP\EALPR Vechicles dataset\Vehicles\2016.jpg,True,س ي د١١١١,193,579,334,654,results\plates\plate_2016.jpg,1.19,1.0
2017.jpg,D:\GP\EALPR Vechicles dataset\Vehicles\2017.jpg,True,ه ي٦٦٦٦,398,737,600,835,results\plates\plate_2017.jpg,1.01,1.0
2018.jpg,D:\GP\EALPR Vechicles dataset\Vehicles\2018.jpg,False,N/A,N/A,N/A,N/A,N/A,N/A,0.02,0.0
2019.jpg,D:\GP\EALPR Vechicles dataset\Vehicles\2019.jpg,True,ج ب ل٦٦٦,536,868,741,980,results\plates\plate_2019.jpg,1.12,1.0
2020.jpg,D:\GP\EALPR Vechicles dataset\Vehicles\2020.jpg,True,أ و ل١,361,744,568,850,results\plates\plate_2020.jpg,1.05,1.0
2021.jpg,D:\GP\EALPR Vechicles dataset\Vehicles\2021.jpg,True,أ ر٤٤٤٤,282,608,445,686,results\plates\plate_2021.jpg,0.99,1.0
2022.jpg,D:\GP\EALPR Vechicles dataset\Vehicles\2022.jpg,True,ط ع م٨٨٨٨,324,421,573,544,results\plates\plate_2022.jpg,1.00,1.0
2023.jpg,D:\GP\EALPR Vechicles dataset\Vehicles\2023.jpg,True,ي ي ي١١١١,543,759,755,872,results\plates\plate_2023.jpg,1.10,1.0
2024.jpg,D:\GP\EALPR Vechicles dataset\Vehicles\2024.jpg,True,س أ أ١١١١,242,357,421,461,results\plates\plate_2024.jpg,1.12,1.0
2025.jpg,D:\GP\EALPR Vechicles dataset\Vehicles\2025.jpg,True,د د د٨٨٨,475,350,624,422,results\plates\plate_2025.jpg,1.19,1.0
2026.jpg,D:\GP\EALPR Vechicles dataset\Vehicles\2026.jpg,True,س ج ج٥٥٥٥,399,369,571,455,results\plates\plate_2026.jpg,1.21,1.0
2027.jpg,D:\GP\EALPR Vechicles dataset\Vehicles\2027.jpg,True,أ١,388,222,504,283,results\plates\plate_2027.jpg,0.87,1.0
2028.jpg,D:\GP\EALPR Vechicles dataset\Vehicles\2028.jpg,True,ه١,423,399,595,488,results\plates\plate_2028.jpg,1.07,1.0
2029.jpg,D:\GP\EALPR Vechicles dataset\Vehicles\2029.jpg,True,ع ع١١١١,317,503,459,569,results\plates\plate_2029.jpg,1.06,1.0
2030.jpg,D:\GP\EALPR Vechicles dataset\Vehicles\2030.jpg,True,ع ع ع٧٧٧,398,192,546,270,results\plates\plate_2030.jpg,0.94,1.0
2031.jpg,D:\GP\EALPR Vechicles dataset\Vehicles\2031.jpg,True,ي ي ي١١١١,107,438,271,528,results\plates\plate_2031.jpg,1.04,1.0
2032.jpg,D:\GP\EALPR Vechicles dataset\Vehicles\2032.jpg,True,ه١,128,432,288,514,results\plates\plate_2032.jpg,0.90,1.0
2033.jpg,D:\GP\EALPR Vechicles dataset\Vehicles\2033.jpg,True,ب ي ب٣٢١,283,606,425,673,results\plates\plate_2033.jpg,0.97,1.0
2034.jpg,D:\GP\EALPR Vechicles dataset\Vehicles\2034.jpg,True,أ س د٨٨٨,357,268,478,332,results\plates\plate_2034.jpg,0.94,1.0
2035.jpg,D:\GP\EALPR Vechicles dataset\Vehicles\2035.jpg,True,ف ف١١١١,253,451,336,495,results\plates\plate_2035.jpg,0.90,1.0
2036.jpg,D:\GP\EALPR Vechicles dataset\Vehicles\2036.jpg,True,ه أ١,382,341,485,394,results\plates\plate_2036.jpg,1.06,1.0
2037.jpg,D:\GP\EALPR Vechicles dataset\Vehicles\2037.jpg,True,م م م١,374,263,495,326,results\plates\plate_2037.jpg,0.83,1.0
2038.jpg,D:\GP\EALPR Vechicles dataset\Vehicles\2038.jpg,True,ر ج ل٦٦٦٦,427,314,575,392,results\plates\plate_2038.jpg,0.98,1.0
2039.jpg,D:\GP\EALPR Vechicles dataset\Vehicles\2039.jpg,True,س ع د٨٨٨,374,370,539,451,results\plates\plate_2039.jpg,0.92,1.0
2040.jpg,D:\GP\EALPR Vechicles dataset\Vehicles\2040.jpg,True,ه س١,487,296,654,394,results\plates\plate_2040.jpg,0.89,1.0
2041.jpg,D:\GP\EALPR Vechicles dataset\Vehicles\2041.jpg,True,أ ع١,598,389,692,439,results\plates\plate_2041.jpg,0.98,1.0
2042.jpg,D:\GP\EALPR Vechicles dataset\Vehicles\2042.jpg,True,أ أ أ١١١١,212,401,325,459,results\plates\plate_2042.jpg,0.87,1.0
2043.jpg,D:\GP\EALPR Vechicles dataset\Vehicles\2043.jpg,True,ب ل ي٤٤٤,320,205,460,278,results\plates\plate_2043.jpg,0.90,1.0
2044.jpg,D:\GP\EALPR Vechicles dataset\Vehicles\2044.jpg,True,م ه م٢٢٢,316,173,485,261,results\plates\plate_2044.jpg,0.91,1.0
2045.jpg,D:\GP\EALPR Vechicles dataset\Vehicles\2045.jpg,True,أ١,140,202,226,245,results\plates\plate_2045.jpg,0.99,1.0
2046.jpg,D:\GP\EALPR Vechicles dataset\Vehicles\2046.jpg,True,ر ر ر١١١,289,314,384,359,results\plates\plate_2046.jpg,0.91,1.0
2047.jpg,D:\GP\EALPR Vechicles dataset\Vehicles\2047.jpg,True,ب ح ب٦٦٦,240,277,371,346,results\plates\plate_2047.jpg,1.23,1.0
2048.jpg,D:\GP\EALPR Vechicles dataset\Vehicles\2048.jpg,True,س س سع٤٤٤  ٤,233,207,395,286,results\plates\plate_2048.jpg,0.98,1.0
2049.jpg,D:\GP\EALPR Vechicles dataset\Vehicles\2049.jpg,True,أ ه م٦٦٦,265,105,693,337,results\plates\plate_2049.jpg,0.94,1.0
2050.jpg,D:\GP\EALPR Vechicles dataset\Vehicles\2050.jpg,True,ج ن١١١١,342,259,517,342,results\plates\plate_2050.jpg,0.97,1.0
2051.jpg,D:\GP\EALPR Vechicles dataset\Vehicles\2051.jpg,True,ج ن ه٩٩٩,482,290,675,392,results\plates\plate_2051.jpg,0.94,1.0
2052.jpg,D:\GP\EALPR Vechicles dataset\Vehicles\2052.jpg,True,س ي ف١,274,241,374,292,results\plates\plate_2052.jpg,0.90,1.0
2053.jpg,D:\GP\EALPR Vechicles dataset\Vehicles\2053.jpg,True,ر ج ل٦٦٦٦,422,406,511,461,results\plates\plate_2053.jpg,1.04,1.0
2054.jpg,D:\GP\EALPR Vechicles dataset\Vehicles\2054.jpg,True,د١,260,395,394,465,results\plates\plate_2054.jpg,0.88,1.0
2055.jpg,D:\GP\EALPR Vechicles dataset\Vehicles\2055.jpg,True,ه أ م٧٧٧,291,319,464,411,results\plates\plate_2055.jpg,0.95,1.0
2056.jpg,D:\GP\EALPR Vechicles dataset\Vehicles\2056.jpg,True,م ه م٢٢٢,316,173,485,261,results\plates\plate_2056.jpg,0.91,1.0
2057.jpg,D:\GP\EALPR Vechicles dataset\Vehicles\2057.jpg,True,أ أ١١١١,304,237,454,311,results\plates\plate_2057.jpg,0.99,1.0
2058.jpg,D:\GP\EALPR Vechicles dataset\Vehicles\2058.jpg,True,و١١,232,411,369,486,results\plates\plate_2058.jpg,1.02,1.0
2059.jpg,D:\GP\EALPR Vechicles dataset\Vehicles\2059.jpg,True,ه ه ه٥٥٥,94,116,349,256,results\plates\plate_2059.jpg,1.15,1.0
2060.jpg,D:\GP\EALPR Vechicles dataset\Vehicles\2060.jpg,True,ن س ر٧٧٧٧,324,282,411,327,results\plates\plate_2060.jpg,1.03,1.0
2061.jpg,D:\GP\EALPR Vechicles dataset\Vehicles\2061.jpg,True,س س س٦٦٦٦,231,359,336,406,results\plates\plate_2061.jpg,1.00,1.0
2062.jpg,D:\GP\EALPR Vechicles dataset\Vehicles\2062.jpg,True,أ ه م٥٥٥,251,243,372,304,results\plates\plate_2062.jpg,1.02,1.0
2063.jpg,D:\GP\EALPR Vechicles dataset\Vehicles\2063.jpg,True,س س س٦٦٦,152,312,207,340,results\plates\plate_2063.jpg,1.03,1.0
2064.jpg,D:\GP\EALPR Vechicles dataset\Vehicles\2064.jpg,True,س س س٧٧٧٧,398,297,475,335,results\plates\plate_2064.jpg,0.95,1.0
2065.jpg,D:\GP\EALPR Vechicles dataset\Vehicles\2065.jpg,True,م ن ي٦٦٦,472,372,634,471,results\plates\plate_2065.jpg,1.10,1.0
2066.jpg,D:\GP\EALPR Vechicles dataset\Vehicles\2066.jpg,True,م ه م٦٦٦,192,109,383,216,results\plates\plate_2066.jpg,1.10,1.0
2067.jpg,D:\GP\EALPR Vechicles dataset\Vehicles\2067.jpg,True,أ١,240,406,357,467,results\plates\plate_2067.jpg,1.07,1.0
2068.jpg,D:\GP\EALPR Vechicles dataset\Vehicles\2068.jpg,True,د١,360,402,519,487,results\plates\plate_2068.jpg,0.99,1.0
2069.jpg,D:\GP\EALPR Vechicles dataset\Vehicles\2069.jpg,True,م١,407,440,522,498,results\plates\plate_2069.jpg,1.06,1.0
2070.jpg,D:\GP\EALPR Vechicles dataset\Vehicles\2070.jpg,True,م ه م٦٦٦,365,247,475,313,results\plates\plate_2070.jpg,1.08,1.0
2071.jpg,D:\GP\EALPR Vechicles dataset\Vehicles\2071.jpg,True,ص ص صعل ٥٥  ٥,308,391,438,467,results\plates\plate_2071.jpg,1.10,1.0
2072.jpg,D:\GP\EALPR Vechicles dataset\Vehicles\2072.jpg,True,و س ع٣١٥,355,156,563,260,results\plates\plate_2072.jpg,0.99,1.0
2073.jpg,D:\GP\EALPR Vechicles dataset\Vehicles\2073.jpg,True,م ن ي٦٦٦,472,372,634,471,results\plates\plate_2073.jpg,1.06,1.0
2074.jpg,D:\GP\EALPR Vechicles dataset\Vehicles\2074.jpg,True,ه ه ه٥٥٥,94,116,349,256,results\plates\plate_2074.jpg,1.08,1.0
2075.jpg,D:\GP\EALPR Vechicles dataset\Vehicles\2075.jpg,True,س أ أ١١١١,248,343,380,411,results\plates\plate_2075.jpg,1.03,1.0
2076.jpg,D:\GP\EALPR Vechicles dataset\Vehicles\2076.jpg,True,م م١,421,799,604,901,results\plates\plate_2076.jpg,1.05,1.0
2077.jpg,D:\GP\EALPR Vechicles dataset\Vehicles\2077.jpg,True,و ط ن٣٣٣,391,291,545,370,results\plates\plate_2077.jpg,0.95,1.0
2078.jpg,D:\GP\EALPR Vechicles dataset\Vehicles\2078.jpg,True,ر ر ر٥٥٥,256,279,466,386,results\plates\plate_2078.jpg,0.99,1.0
2079.jpg,D:\GP\EALPR Vechicles dataset\Vehicles\2079.jpg,True,أ م ج٥٨٧٨٧,289,451,403,516,results\plates\plate_2079.jpg,0.97,1.0
2080.jpg,D:\GP\EALPR Vechicles dataset\Vehicles\2080.jpg,True,م م م٤٤٤,311,349,413,401,results\plates\plate_2080.jpg,1.08,1.0
2081.jpg,D:\GP\EALPR Vechicles dataset\Vehicles\2081.jpg,True,ر ن أ٧٧٧٧,367,252,543,338,results\plates\plate_2081.jpg,0.91,1.0
2082.jpg,D:\GP\EALPR Vechicles dataset\Vehicles\2082.jpg,True,س ع د٥,251,755,405,836,results\plates\plate_2082.jpg,1.07,1.0
2083.jpg,D:\GP\EALPR Vechicles dataset\Vehicles\2083.jpg,True,م ص ر١,390,482,599,586,results\plates\plate_2083.jpg,1.05,1.0
2084.jpg,D:\GP\EALPR Vechicles dataset\Vehicles\2084.jpg,True,ر ر ر٥٥٥,256,279,466,385,results\plates\plate_2084.jpg,1.00,1.0
2085.jpg,D:\GP\EALPR Vechicles dataset\Vehicles\2085.jpg,True,د١,412,202,570,284,results\plates\plate_2085.jpg,0.89,1.0
2086.jpg,D:\GP\EALPR Vechicles dataset\Vehicles\2086.jpg,True,د١,266,198,374,253,results\plates\plate_2086.jpg,1.07,1.0
2087.jpg,D:\GP\EALPR Vechicles dataset\Vehicles\2087.jpg,True,م ص ر١١١,315,282,684,466,results\plates\plate_2087.jpg,0.98,1.0
1965.jpeg,D:\GP\EALPR Vechicles dataset\Vehicles\1965.jpeg,True,أ ع ص٧٨١٩,123,348,170,370,results\plates\plate_1965.jpeg,2.02,1.0
1966.jpeg,D:\GP\EALPR Vechicles dataset\Vehicles\1966.jpeg,True,أ ب م٧١٨٩,335,312,386,340,results\plates\plate_1966.jpeg,0.98,1.0
