Image_Name,Image_Path,Plate_Detected,Detected_Text,x1,y1,x2,y2,Processed_Image_Path,Processing_Time,Confidence_Score
0001.jpg,D:\GP\EALPR Vechicles dataset\Vehicles\0001.jpg,False,,333,371,445,430,N/A,6.10,0.0
0002.jpg,D:\GP\EALPR Vechicles dataset\Vehicles\0002.jpg,False,,252,369,372,417,N/A,0.22,0.0
0003.jpg,D:\GP\EALPR Vechicles dataset\Vehicles\0003.jpg,False,,181,462,288,509,N/A,0.16,0.0
0004.jpg,D:\GP\EALPR Vechicles dataset\Vehicles\0004.jpg,False,,302,499,392,535,N/A,0.14,0.0
0005.jpg,D:\GP\EALPR Vechicles dataset\Vehicles\0005.jpg,False,,439,537,601,616,N/A,0.11,0.0
0006.jpg,D:\GP\EALPR Vechicles dataset\Vehicles\0006.jpg,False,,436,351,570,423,N/A,0.12,0.0
0007.jpg,D:\GP\EALPR Vechicles dataset\Vehicles\0007.jpg,False,,421,569,530,622,N/A,0.17,0.0
0008.jpg,D:\GP\EALPR Vechicles dataset\Vehicles\0008.jpg,False,,178,512,247,546,N/A,0.15,0.0
0009.jpg,D:\GP\EALPR Vechicles dataset\Vehicles\0009.jpg,False,,74,277,142,310,N/A,0.07,0.0
0010.jpg,D:\GP\EALPR Vechicles dataset\Vehicles\0010.jpg,False,,137,474,223,518,N/A,0.10,0.0
0011.jpg,D:\GP\EALPR Vechicles dataset\Vehicles\0011.jpg,False,,280,468,414,547,N/A,0.11,0.0
0012.jpg,D:\GP\EALPR Vechicles dataset\Vehicles\0012.jpg,False,,178,552,272,599,N/A,0.08,0.0
0013.jpg,D:\GP\EALPR Vechicles dataset\Vehicles\0013.jpg,False,,316,462,429,520,N/A,0.12,0.0
0014.jpg,D:\GP\EALPR Vechicles dataset\Vehicles\0014.jpg,False,,171,470,296,530,N/A,0.09,0.0
0015.jpg,D:\GP\EALPR Vechicles dataset\Vehicles\0015.jpg,False,,237,575,349,629,N/A,0.10,0.0
0016.jpg,D:\GP\EALPR Vechicles dataset\Vehicles\0016.jpg,False,,394,481,537,551,N/A,0.12,0.0
0017.jpg,D:\GP\EALPR Vechicles dataset\Vehicles\0017.jpg,False,,312,676,448,745,N/A,0.11,0.0
0018.jpg,D:\GP\EALPR Vechicles dataset\Vehicles\0018.jpg,False,,160,489,247,532,N/A,0.08,0.0
0019.jpg,D:\GP\EALPR Vechicles dataset\Vehicles\0019.jpg,False,,170,449,253,492,N/A,0.08,0.0
0020.jpg,D:\GP\EALPR Vechicles dataset\Vehicles\0020.jpg,False,,397,373,504,426,N/A,0.10,0.0
0021.jpg,D:\GP\EALPR Vechicles dataset\Vehicles\0021.jpg,False,,408,537,532,598,N/A,0.13,0.0
0022.jpg,D:\GP\EALPR Vechicles dataset\Vehicles\0022.jpg,False,,328,659,441,719,N/A,0.12,0.0
0023.jpg,D:\GP\EALPR Vechicles dataset\Vehicles\0023.jpg,False,,307,596,430,659,N/A,0.12,0.0
0024.jpg,D:\GP\EALPR Vechicles dataset\Vehicles\0024.jpg,False,,317,470,411,519,N/A,0.12,0.0
0025.jpg,D:\GP\EALPR Vechicles dataset\Vehicles\0025.jpg,False,,201,520,335,590,N/A,0.09,0.0
0026.jpg,D:\GP\EALPR Vechicles dataset\Vehicles\0026.jpg,False,,378,529,508,596,N/A,0.11,0.0
0027.jpg,D:\GP\EALPR Vechicles dataset\Vehicles\0027.jpg,False,,398,498,538,570,N/A,0.10,0.0
0028.jpg,D:\GP\EALPR Vechicles dataset\Vehicles\0028.jpg,False,,373,540,502,609,N/A,0.11,0.0
0029.jpg,D:\GP\EALPR Vechicles dataset\Vehicles\0029.jpg,False,,320,464,413,517,N/A,0.13,0.0
0030.jpg,D:\GP\EALPR Vechicles dataset\Vehicles\0030.jpg,False,,328,659,441,719,N/A,0.11,0.0
0031.jpg,D:\GP\EALPR Vechicles dataset\Vehicles\0031.jpg,False,,307,596,430,659,N/A,0.11,0.0
0032.jpg,D:\GP\EALPR Vechicles dataset\Vehicles\0032.jpg,False,,374,455,463,499,N/A,0.11,0.0
0033.jpg,D:\GP\EALPR Vechicles dataset\Vehicles\0033.jpg,False,,426,538,543,599,N/A,0.11,0.0
0034.jpg,D:\GP\EALPR Vechicles dataset\Vehicles\0034.jpg,False,,286,508,416,578,N/A,0.13,0.0
0035.jpg,D:\GP\EALPR Vechicles dataset\Vehicles\0035.jpg,False,,469,951,698,1057,N/A,0.15,0.0
0036.jpg,D:\GP\EALPR Vechicles dataset\Vehicles\0036.jpg,False,,330,586,448,640,N/A,0.13,0.0
0037.jpg,D:\GP\EALPR Vechicles dataset\Vehicles\0037.jpg,False,,410,616,554,707,N/A,0.10,0.0
0038.jpg,D:\GP\EALPR Vechicles dataset\Vehicles\0038.jpg,False,,540,485,652,544,N/A,0.13,0.0
0039.jpg,D:\GP\EALPR Vechicles dataset\Vehicles\0039.jpg,False,,437,475,570,547,N/A,0.12,0.0
0040.jpg,D:\GP\EALPR Vechicles dataset\Vehicles\0040.jpg,False,,401,482,623,598,N/A,0.12,0.0
0041.jpg,D:\GP\EALPR Vechicles dataset\Vehicles\0041.jpg,False,,519,294,624,365,N/A,0.09,0.0
0042.jpg,D:\GP\EALPR Vechicles dataset\Vehicles\0042.jpg,False,,196,214,273,256,N/A,0.11,0.0
0043.jpg,D:\GP\EALPR Vechicles dataset\Vehicles\0043.jpg,False,,357,252,511,341,N/A,0.13,0.0
0044.jpg,D:\GP\EALPR Vechicles dataset\Vehicles\0044.jpg,False,,271,329,397,414,N/A,0.13,0.0
0045.jpg,D:\GP\EALPR Vechicles dataset\Vehicles\0045.jpg,False,,178,140,240,172,N/A,0.11,0.0
0046.jpg,D:\GP\EALPR Vechicles dataset\Vehicles\0046.jpg,False,,395,364,513,427,N/A,0.14,0.0
0047.jpg,D:\GP\EALPR Vechicles dataset\Vehicles\0047.jpg,False,,229,211,307,251,N/A,0.09,0.0
0048.jpg,D:\GP\EALPR Vechicles dataset\Vehicles\0048.jpg,False,,391,443,595,549,N/A,0.17,0.0
0049.jpg,D:\GP\EALPR Vechicles dataset\Vehicles\0049.jpg,False,,479,568,624,639,N/A,0.17,0.0
0050.jpg,D:\GP\EALPR Vechicles dataset\Vehicles\0050.jpg,False,,413,687,596,779,N/A,0.13,0.0
0051.jpg,D:\GP\EALPR Vechicles dataset\Vehicles\0051.jpg,False,,491,427,692,541,N/A,0.11,0.0
0052.jpg,D:\GP\EALPR Vechicles dataset\Vehicles\0052.jpg,False,,236,475,354,546,N/A,0.12,0.0
0053.jpg,D:\GP\EALPR Vechicles dataset\Vehicles\0053.jpg,False,,412,509,563,591,N/A,0.12,0.0
0054.jpg,D:\GP\EALPR Vechicles dataset\Vehicles\0054.jpg,False,,219,445,320,500,N/A,0.13,0.0
0055.jpg,D:\GP\EALPR Vechicles dataset\Vehicles\0055.jpg,False,,572,388,665,451,N/A,0.11,0.0
0056.jpg,D:\GP\EALPR Vechicles dataset\Vehicles\0056.jpg,False,,221,570,322,619,N/A,0.08,0.0
0057.jpg,D:\GP\EALPR Vechicles dataset\Vehicles\0057.jpg,False,,187,608,323,675,N/A,0.07,0.0
0058.jpg,D:\GP\EALPR Vechicles dataset\Vehicles\0058.jpg,False,,136,480,291,564,N/A,0.08,0.0
0059.jpg,D:\GP\EALPR Vechicles dataset\Vehicles\0059.jpg,False,,385,835,513,901,N/A,0.17,0.0
0060.jpg,D:\GP\EALPR Vechicles dataset\Vehicles\0060.jpg,False,,408,549,592,653,N/A,0.19,0.0
0061.jpg,D:\GP\EALPR Vechicles dataset\Vehicles\0061.jpg,False,,260,451,523,601,N/A,0.19,0.0
0062.jpg,D:\GP\EALPR Vechicles dataset\Vehicles\0062.jpg,False,,460,524,718,649,N/A,0.13,0.0
0063.jpg,D:\GP\EALPR Vechicles dataset\Vehicles\0063.jpg,False,,400,440,798,643,N/A,0.17,0.0
0064.jpg,D:\GP\EALPR Vechicles dataset\Vehicles\0064.jpg,False,,314,576,480,653,N/A,0.16,0.0
0065.jpg,D:\GP\EALPR Vechicles dataset\Vehicles\0065.jpg,False,,235,534,368,602,N/A,0.16,0.0
0066.jpg,D:\GP\EALPR Vechicles dataset\Vehicles\0066.jpg,False,,442,481,671,598,N/A,0.15,0.0
0067.jpg,D:\GP\EALPR Vechicles dataset\Vehicles\0067.jpg,False,,415,463,632,558,N/A,0.12,0.0
0068.jpg,D:\GP\EALPR Vechicles dataset\Vehicles\0068.jpg,False,,334,832,567,945,N/A,0.18,0.0
0069.jpg,D:\GP\EALPR Vechicles dataset\Vehicles\0069.jpg,False,,457,613,623,696,N/A,0.25,0.0
0070.jpg,D:\GP\EALPR Vechicles dataset\Vehicles\0070.jpg,False,,515,782,623,838,N/A,0.29,0.0
0071.jpg,D:\GP\EALPR Vechicles dataset\Vehicles\0071.jpg,False,,501,696,668,780,N/A,0.22,0.0
0072.jpg,D:\GP\EALPR Vechicles dataset\Vehicles\0072.jpg,False,,426,580,685,709,N/A,0.22,0.0
0073.jpg,D:\GP\EALPR Vechicles dataset\Vehicles\0073.jpg,False,,443,765,775,934,N/A,0.19,0.0
0074.jpg,D:\GP\EALPR Vechicles dataset\Vehicles\0074.jpg,False,,309,298,449,368,N/A,0.18,0.0
0075.jpg,D:\GP\EALPR Vechicles dataset\Vehicles\0075.jpg,False,,917,381,958,404,N/A,0.19,0.0
0076.jpg,D:\GP\EALPR Vechicles dataset\Vehicles\0076.jpg,False,,454,469,657,578,N/A,0.17,0.0
0077.jpg,D:\GP\EALPR Vechicles dataset\Vehicles\0077.jpg,False,,355,766,718,956,N/A,0.19,0.0
0078.jpg,D:\GP\EALPR Vechicles dataset\Vehicles\0078.jpg,False,,514,587,644,653,N/A,0.17,0.0
0079.jpg,D:\GP\EALPR Vechicles dataset\Vehicles\0079.jpg,False,,260,391,438,484,N/A,0.11,0.0
0080.jpg,D:\GP\EALPR Vechicles dataset\Vehicles\0080.jpg,False,,410,573,621,683,N/A,0.13,0.0
0081.jpg,D:\GP\EALPR Vechicles dataset\Vehicles\0081.jpg,False,,395,305,570,393,N/A,0.10,0.0
0082.jpg,D:\GP\EALPR Vechicles dataset\Vehicles\0082.jpg,False,,245,315,432,411,N/A,0.10,0.0
0083.jpg,D:\GP\EALPR Vechicles dataset\Vehicles\0083.jpg,False,,327,190,454,255,N/A,0.10,0.0
0084.jpg,D:\GP\EALPR Vechicles dataset\Vehicles\0084.jpg,False,,267,347,399,415,N/A,0.11,0.0
0085.jpg,D:\GP\EALPR Vechicles dataset\Vehicles\0085.jpg,False,,374,674,522,749,N/A,0.11,0.0
0086.jpg,D:\GP\EALPR Vechicles dataset\Vehicles\0086.jpg,False,,557,615,684,680,N/A,0.13,0.0
0087.jpg,D:\GP\EALPR Vechicles dataset\Vehicles\0087.jpg,False,,396,613,620,725,N/A,0.12,0.0
0088.jpg,D:\GP\EALPR Vechicles dataset\Vehicles\0088.jpg,False,,223,329,325,386,N/A,0.10,0.0
0089.jpg,D:\GP\EALPR Vechicles dataset\Vehicles\0089.jpg,False,,213,333,307,382,N/A,0.11,0.0
0090.jpg,D:\GP\EALPR Vechicles dataset\Vehicles\0090.jpg,False,,311,604,452,665,N/A,0.11,0.0
0091.jpg,D:\GP\EALPR Vechicles dataset\Vehicles\0091.jpg,False,,382,570,534,645,N/A,0.14,0.0
0092.jpg,D:\GP\EALPR Vechicles dataset\Vehicles\0092.jpg,False,,428,644,585,720,N/A,0.13,0.0
0093.jpg,D:\GP\EALPR Vechicles dataset\Vehicles\0093.jpg,False,,662,664,833,750,N/A,0.14,0.0
0094.jpg,D:\GP\EALPR Vechicles dataset\Vehicles\0094.jpg,False,,369,690,574,802,N/A,0.13,0.0
0095.jpg,D:\GP\EALPR Vechicles dataset\Vehicles\0095.jpg,False,,434,396,533,461,N/A,0.12,0.0
0096.jpg,D:\GP\EALPR Vechicles dataset\Vehicles\0096.jpg,False,,264,317,399,386,N/A,0.10,0.0
0097.jpg,D:\GP\EALPR Vechicles dataset\Vehicles\0097.jpg,False,,237,697,378,772,N/A,0.12,0.0
0098.jpg,D:\GP\EALPR Vechicles dataset\Vehicles\0098.jpg,False,,537,453,703,546,N/A,0.11,0.0
0099.jpg,D:\GP\EALPR Vechicles dataset\Vehicles\0099.jpg,False,,902,520,997,571,N/A,0.14,0.0
0100.jpg,D:\GP\EALPR Vechicles dataset\Vehicles\0100.jpg,False,,437,507,749,669,N/A,0.13,0.0
0101.jpg,D:\GP\EALPR Vechicles dataset\Vehicles\0101.jpg,False,,342,180,565,276,N/A,0.09,0.0
0102.jpg,D:\GP\EALPR Vechicles dataset\Vehicles\0102.jpg,False,,197,230,309,285,N/A,0.10,0.0
0103.jpg,D:\GP\EALPR Vechicles dataset\Vehicles\0103.jpg,False,,424,523,519,569,N/A,0.12,0.0
0104.jpg,D:\GP\EALPR Vechicles dataset\Vehicles\0104.jpg,False,,466,268,570,318,N/A,0.09,0.0
0105.jpg,D:\GP\EALPR Vechicles dataset\Vehicles\0105.jpg,False,,194,268,248,302,N/A,0.10,0.0
0106.jpg,D:\GP\EALPR Vechicles dataset\Vehicles\0106.jpg,False,,483,325,590,379,N/A,0.09,0.0
0107.jpg,D:\GP\EALPR Vechicles dataset\Vehicles\0107.jpg,False,,463,182,577,241,N/A,0.09,0.0
0108.jpg,D:\GP\EALPR Vechicles dataset\Vehicles\0108.jpg,False,,501,685,671,772,N/A,0.13,0.0
0109.jpg,D:\GP\EALPR Vechicles dataset\Vehicles\0109.jpg,False,,296,435,422,500,N/A,0.12,0.0
0110.jpg,D:\GP\EALPR Vechicles dataset\Vehicles\0110.jpg,False,,200,482,362,563,N/A,0.09,0.0
0111.jpg,D:\GP\EALPR Vechicles dataset\Vehicles\0111.jpg,False,,273,420,448,513,N/A,0.11,0.0
0112.jpg,D:\GP\EALPR Vechicles dataset\Vehicles\0112.jpg,False,,351,461,506,541,N/A,0.13,0.0
0113.jpg,D:\GP\EALPR Vechicles dataset\Vehicles\0113.jpg,False,,391,191,640,311,N/A,0.08,0.0
0114.jpg,D:\GP\EALPR Vechicles dataset\Vehicles\0114.jpg,False,,275,471,337,515,N/A,0.11,0.0
0115.jpg,D:\GP\EALPR Vechicles dataset\Vehicles\0115.jpg,False,,282,702,541,828,N/A,0.13,0.0
0116.jpg,D:\GP\EALPR Vechicles dataset\Vehicles\0116.jpg,False,,324,328,483,411,N/A,0.13,0.0
0117.jpg,D:\GP\EALPR Vechicles dataset\Vehicles\0117.jpg,False,,387,386,570,483,N/A,0.09,0.0
0118.jpg,D:\GP\EALPR Vechicles dataset\Vehicles\0118.jpg,False,,243,567,828,878,N/A,0.14,0.0
0119.jpg,D:\GP\EALPR Vechicles dataset\Vehicles\0119.jpg,False,,263,589,358,639,N/A,0.10,0.0
0120.jpg,D:\GP\EALPR Vechicles dataset\Vehicles\0120.jpg,False,,282,454,364,497,N/A,0.10,0.0
0121.jpg,D:\GP\EALPR Vechicles dataset\Vehicles\0121.jpg,False,,239,444,364,513,N/A,0.13,0.0
0122.jpg,D:\GP\EALPR Vechicles dataset\Vehicles\0122.jpg,False,,378,574,649,705,N/A,0.12,0.0
0123.jpg,D:\GP\EALPR Vechicles dataset\Vehicles\0123.jpg,False,,262,496,390,559,N/A,0.10,0.0
0124.jpg,D:\GP\EALPR Vechicles dataset\Vehicles\0124.jpg,False,,262,317,487,435,N/A,0.10,0.0
0125.jpg,D:\GP\EALPR Vechicles dataset\Vehicles\0125.jpg,False,,185,566,533,701,N/A,0.11,0.0
0126.jpg,D:\GP\EALPR Vechicles dataset\Vehicles\0126.jpg,False,,249,337,380,404,N/A,0.10,0.0
0127.jpg,D:\GP\EALPR Vechicles dataset\Vehicles\0127.jpg,False,,236,504,567,672,N/A,0.12,0.0
0128.jpg,D:\GP\EALPR Vechicles dataset\Vehicles\0128.jpg,False,,193,371,247,400,N/A,0.10,0.0
0129.jpg,D:\GP\EALPR Vechicles dataset\Vehicles\0129.jpg,False,,404,278,689,424,N/A,0.12,0.0
0130.jpg,D:\GP\EALPR Vechicles dataset\Vehicles\0130.jpg,False,,415,331,502,373,N/A,0.11,0.0
0131.jpg,D:\GP\EALPR Vechicles dataset\Vehicles\0131.jpg,False,,245,412,348,471,N/A,0.11,0.0
0132.jpg,D:\GP\EALPR Vechicles dataset\Vehicles\0132.jpg,False,,475,661,664,757,N/A,0.13,0.0
0133.jpg,D:\GP\EALPR Vechicles dataset\Vehicles\0133.jpg,False,,260,469,397,547,N/A,0.10,0.0
0134.jpg,D:\GP\EALPR Vechicles dataset\Vehicles\0134.jpg,False,,265,446,451,564,N/A,0.10,0.0
0135.jpg,D:\GP\EALPR Vechicles dataset\Vehicles\0135.jpg,False,,289,455,443,533,N/A,0.12,0.0
0136.jpg,D:\GP\EALPR Vechicles dataset\Vehicles\0136.jpg,False,,388,308,555,393,N/A,0.11,0.0
0137.jpg,D:\GP\EALPR Vechicles dataset\Vehicles\0137.jpg,False,,282,272,426,367,N/A,0.10,0.0
0138.jpg,D:\GP\EALPR Vechicles dataset\Vehicles\0138.jpg,False,,173,275,238,318,N/A,0.08,0.0
0139.jpg,D:\GP\EALPR Vechicles dataset\Vehicles\0139.jpg,False,,338,290,507,376,N/A,0.13,0.0
0140.jpg,D:\GP\EALPR Vechicles dataset\Vehicles\0140.jpg,False,,277,252,399,313,N/A,0.12,0.0
0141.jpg,D:\GP\EALPR Vechicles dataset\Vehicles\0141.jpg,False,,343,408,525,500,N/A,0.11,0.0
0142.jpg,D:\GP\EALPR Vechicles dataset\Vehicles\0142.jpg,False,,203,692,451,833,N/A,0.13,0.0
0143.jpg,D:\GP\EALPR Vechicles dataset\Vehicles\0143.jpg,False,,363,487,438,528,N/A,0.16,0.0
0144.jpg,D:\GP\EALPR Vechicles dataset\Vehicles\0144.jpg,False,,282,330,426,403,N/A,0.18,0.0
0145.jpg,D:\GP\EALPR Vechicles dataset\Vehicles\0145.jpg,False,,336,569,474,640,N/A,0.12,0.0
0146.jpg,D:\GP\EALPR Vechicles dataset\Vehicles\0146.jpg,False,,379,581,498,647,N/A,0.13,0.0
0147.jpg,D:\GP\EALPR Vechicles dataset\Vehicles\0147.jpg,False,,436,242,665,363,N/A,0.14,0.0
0148.jpg,D:\GP\EALPR Vechicles dataset\Vehicles\0148.jpg,False,,800,349,1089,494,N/A,0.19,0.0
0149.jpg,D:\GP\EALPR Vechicles dataset\Vehicles\0149.jpg,False,,778,329,1207,523,N/A,0.20,0.0
0150.jpg,D:\GP\EALPR Vechicles dataset\Vehicles\0150.jpg,False,,279,315,336,345,N/A,0.10,0.0
0151.jpg,D:\GP\EALPR Vechicles dataset\Vehicles\0151.jpg,False,,341,161,621,308,N/A,0.12,0.0
0152.jpg,D:\GP\EALPR Vechicles dataset\Vehicles\0152.jpg,False,,408,661,627,772,N/A,0.21,0.0
0153.jpg,D:\GP\EALPR Vechicles dataset\Vehicles\0153.jpg,False,,252,360,804,636,N/A,0.13,0.0
0154.jpg,D:\GP\EALPR Vechicles dataset\Vehicles\0154.jpg,False,,411,430,597,531,N/A,0.11,0.0
0155.jpg,D:\GP\EALPR Vechicles dataset\Vehicles\0155.jpg,False,,407,335,508,389,N/A,0.08,0.0
0156.jpg,D:\GP\EALPR Vechicles dataset\Vehicles\0156.jpg,False,,397,368,617,482,N/A,0.13,0.0
0157.jpg,D:\GP\EALPR Vechicles dataset\Vehicles\0157.jpg,False,,288,253,416,316,N/A,0.15,0.0
0158.jpg,D:\GP\EALPR Vechicles dataset\Vehicles\0158.jpg,False,,233,560,390,641,N/A,0.14,0.0
0159.jpg,D:\GP\EALPR Vechicles dataset\Vehicles\0159.jpg,False,,341,323,495,404,N/A,0.13,0.0
0160.jpg,D:\GP\EALPR Vechicles dataset\Vehicles\0160.jpg,False,,373,464,595,573,N/A,0.14,0.0
0161.jpg,D:\GP\EALPR Vechicles dataset\Vehicles\0161.jpg,False,,330,533,447,591,N/A,0.11,0.0
0162.jpg,D:\GP\EALPR Vechicles dataset\Vehicles\0162.jpg,False,,407,702,505,752,N/A,0.10,0.0
0163.jpg,D:\GP\EALPR Vechicles dataset\Vehicles\0163.jpg,False,,220,248,595,465,N/A,0.10,0.0
0164.jpg,D:\GP\EALPR Vechicles dataset\Vehicles\0164.jpg,False,,397,368,617,482,N/A,0.10,0.0
0165.jpg,D:\GP\EALPR Vechicles dataset\Vehicles\0165.jpg,False,,289,288,435,364,N/A,0.11,0.0
0166.jpg,D:\GP\EALPR Vechicles dataset\Vehicles\0166.jpg,False,,445,392,600,464,N/A,0.10,0.0
0167.jpg,D:\GP\EALPR Vechicles dataset\Vehicles\0167.jpg,False,,187,477,385,579,N/A,0.11,0.0
0168.jpg,D:\GP\EALPR Vechicles dataset\Vehicles\0168.jpg,False,,267,465,418,542,N/A,0.16,0.0
0169.jpg,D:\GP\EALPR Vechicles dataset\Vehicles\0169.jpg,False,,166,403,443,525,N/A,0.16,0.0
0170.jpg,D:\GP\EALPR Vechicles dataset\Vehicles\0170.jpg,False,,266,367,359,415,N/A,0.13,0.0
0171.jpg,D:\GP\EALPR Vechicles dataset\Vehicles\0171.jpg,False,,301,291,459,375,N/A,0.16,0.0
0172.jpg,D:\GP\EALPR Vechicles dataset\Vehicles\0172.jpg,False,,268,347,395,410,N/A,0.09,0.0
0173.jpg,D:\GP\EALPR Vechicles dataset\Vehicles\0173.jpg,False,,100,378,407,538,N/A,0.08,0.0
0174.jpg,D:\GP\EALPR Vechicles dataset\Vehicles\0174.jpg,False,,514,271,599,317,N/A,0.09,0.0
0175.jpg,D:\GP\EALPR Vechicles dataset\Vehicles\0175.jpg,False,,384,314,511,378,N/A,0.09,0.0
0176.jpg,D:\GP\EALPR Vechicles dataset\Vehicles\0176.jpg,False,,498,616,713,731,N/A,0.14,0.0
0177.jpg,D:\GP\EALPR Vechicles dataset\Vehicles\0177.jpg,False,,508,502,581,558,N/A,0.11,0.0
0178.jpg,D:\GP\EALPR Vechicles dataset\Vehicles\0178.jpg,False,,376,594,493,653,N/A,0.12,0.0
0179.jpg,D:\GP\EALPR Vechicles dataset\Vehicles\0179.jpg,False,,253,446,411,529,N/A,0.11,0.0
0180.jpg,D:\GP\EALPR Vechicles dataset\Vehicles\0180.jpg,False,,284,504,385,562,N/A,0.12,0.0
0181.jpg,D:\GP\EALPR Vechicles dataset\Vehicles\0181.jpg,False,,215,120,320,178,N/A,0.09,0.0
0182.jpg,D:\GP\EALPR Vechicles dataset\Vehicles\0182.jpg,False,,453,195,570,258,N/A,0.09,0.0
0183.jpg,D:\GP\EALPR Vechicles dataset\Vehicles\0183.jpg,False,,273,210,440,295,N/A,0.11,0.0
0184.jpg,D:\GP\EALPR Vechicles dataset\Vehicles\0184.jpg,False,,292,206,490,307,N/A,0.09,0.0
0185.jpg,D:\GP\EALPR Vechicles dataset\Vehicles\0185.jpg,False,,87,430,173,492,N/A,0.11,0.0
0186.jpg,D:\GP\EALPR Vechicles dataset\Vehicles\0186.jpg,False,,345,412,516,499,N/A,0.11,0.0
0187.jpg,D:\GP\EALPR Vechicles dataset\Vehicles\0187.jpg,False,,373,541,518,620,N/A,0.11,0.0
0188.jpg,D:\GP\EALPR Vechicles dataset\Vehicles\0188.jpg,False,,222,397,357,473,N/A,0.11,0.0
0189.jpg,D:\GP\EALPR Vechicles dataset\Vehicles\0189.jpg,False,,525,418,635,471,N/A,0.11,0.0
0190.jpg,D:\GP\EALPR Vechicles dataset\Vehicles\0190.jpg,False,,181,186,276,235,N/A,0.11,0.0
0191.jpg,D:\GP\EALPR Vechicles dataset\Vehicles\0191.jpg,False,,437,469,569,541,N/A,0.11,0.0
0192.jpg,D:\GP\EALPR Vechicles dataset\Vehicles\0192.jpg,False,,302,293,413,350,N/A,0.12,0.0
0193.jpg,D:\GP\EALPR Vechicles dataset\Vehicles\0193.jpg,False,,270,448,428,543,N/A,0.11,0.0
0194.jpg,D:\GP\EALPR Vechicles dataset\Vehicles\0194.jpg,False,,240,522,403,613,N/A,0.13,0.0
0195.jpg,D:\GP\EALPR Vechicles dataset\Vehicles\0195.jpg,False,,290,395,421,462,N/A,0.16,0.0
0196.jpg,D:\GP\EALPR Vechicles dataset\Vehicles\0196.jpg,False,,582,235,639,265,N/A,0.08,0.0
0197.jpg,D:\GP\EALPR Vechicles dataset\Vehicles\0197.jpg,False,,339,452,470,520,N/A,0.15,0.0
0198.jpg,D:\GP\EALPR Vechicles dataset\Vehicles\0198.jpg,False,,241,236,345,290,N/A,0.10,0.0
0199.jpg,D:\GP\EALPR Vechicles dataset\Vehicles\0199.jpg,False,,274,314,397,377,N/A,0.10,0.0
0200.jpg,D:\GP\EALPR Vechicles dataset\Vehicles\0200.jpg,False,,302,542,472,613,N/A,0.11,0.0
0201.jpg,D:\GP\EALPR Vechicles dataset\Vehicles\0201.jpg,False,,293,364,426,432,N/A,0.10,0.0
0202.jpg,D:\GP\EALPR Vechicles dataset\Vehicles\0202.jpg,False,,170,324,311,403,N/A,0.10,0.0
0203.jpg,D:\GP\EALPR Vechicles dataset\Vehicles\0203.jpg,False,,298,469,458,545,N/A,0.11,0.0
0204.jpg,D:\GP\EALPR Vechicles dataset\Vehicles\0204.jpg,False,,303,230,444,302,N/A,0.10,0.0
0205.jpg,D:\GP\EALPR Vechicles dataset\Vehicles\0205.jpg,False,,369,168,494,232,N/A,0.09,0.0
0206.jpg,D:\GP\EALPR Vechicles dataset\Vehicles\0206.jpg,False,,267,429,345,470,N/A,0.11,0.0
0207.jpg,D:\GP\EALPR Vechicles dataset\Vehicles\0207.jpg,False,,330,472,465,540,N/A,0.10,0.0
0208.jpg,D:\GP\EALPR Vechicles dataset\Vehicles\0208.jpg,False,,276,299,372,343,N/A,0.10,0.0
0209.jpg,D:\GP\EALPR Vechicles dataset\Vehicles\0209.jpg,False,,292,203,404,262,N/A,0.10,0.0
0210.jpg,D:\GP\EALPR Vechicles dataset\Vehicles\0210.jpg,False,,435,374,627,473,N/A,0.11,0.0
0211.jpg,D:\GP\EALPR Vechicles dataset\Vehicles\0211.jpg,False,,255,371,484,493,N/A,0.10,0.0
0212.jpg,D:\GP\EALPR Vechicles dataset\Vehicles\0212.jpg,False,,239,344,426,439,N/A,0.10,0.0
0213.jpg,D:\GP\EALPR Vechicles dataset\Vehicles\0213.jpg,False,,227,446,366,520,N/A,0.12,0.0
0214.jpg,D:\GP\EALPR Vechicles dataset\Vehicles\0214.jpg,False,,313,266,446,334,N/A,0.11,0.0
0215.jpg,D:\GP\EALPR Vechicles dataset\Vehicles\0215.jpg,False,,283,408,462,500,N/A,0.09,0.0
0216.jpg,D:\GP\EALPR Vechicles dataset\Vehicles\0216.jpg,False,,950,543,1021,590,N/A,0.13,0.0
0217.jpg,D:\GP\EALPR Vechicles dataset\Vehicles\0217.jpg,False,,233,267,363,333,N/A,0.10,0.0
0218.jpg,D:\GP\EALPR Vechicles dataset\Vehicles\0218.jpg,False,,267,547,441,640,N/A,0.12,0.0
0219.jpg,D:\GP\EALPR Vechicles dataset\Vehicles\0219.jpg,False,,219,264,316,317,N/A,0.10,0.0
0220.jpg,D:\GP\EALPR Vechicles dataset\Vehicles\0220.jpg,False,,294,304,448,380,N/A,0.11,0.0
0221.jpg,D:\GP\EALPR Vechicles dataset\Vehicles\0221.jpg,False,,225,345,296,387,N/A,0.11,0.0
0222.jpg,D:\GP\EALPR Vechicles dataset\Vehicles\0222.jpg,False,,421,646,623,773,N/A,0.14,0.0
0223.jpg,D:\GP\EALPR Vechicles dataset\Vehicles\0223.jpg,False,,348,426,578,575,N/A,0.14,0.0
0224.jpg,D:\GP\EALPR Vechicles dataset\Vehicles\0224.jpg,False,,233,347,364,419,N/A,0.11,0.0
0225.jpg,D:\GP\EALPR Vechicles dataset\Vehicles\0225.jpg,False,,176,233,458,403,N/A,0.13,0.0
0226.jpg,D:\GP\EALPR Vechicles dataset\Vehicles\0226.jpg,False,,166,568,728,859,N/A,0.16,0.0
0227.jpg,D:\GP\EALPR Vechicles dataset\Vehicles\0227.jpg,False,,217,139,394,235,N/A,0.11,0.0
0228.jpg,D:\GP\EALPR Vechicles dataset\Vehicles\0228.jpg,False,,386,537,577,633,N/A,0.13,0.0
0229.jpg,D:\GP\EALPR Vechicles dataset\Vehicles\0229.jpg,False,,209,205,451,328,N/A,0.11,0.0
0230.jpg,D:\GP\EALPR Vechicles dataset\Vehicles\0230.jpg,False,,321,345,477,421,N/A,0.10,0.0
0231.jpg,D:\GP\EALPR Vechicles dataset\Vehicles\0231.jpg,False,,287,274,353,309,N/A,0.07,0.0
0232.jpg,D:\GP\EALPR Vechicles dataset\Vehicles\0232.jpg,False,,310,426,482,514,N/A,0.13,0.0
0233.jpg,D:\GP\EALPR Vechicles dataset\Vehicles\0233.jpg,False,,800,518,1562,993,N/A,0.19,0.0
0234.jpg,D:\GP\EALPR Vechicles dataset\Vehicles\0234.jpg,False,,323,373,454,445,N/A,0.12,0.0
0235.jpg,D:\GP\EALPR Vechicles dataset\Vehicles\0235.jpg,False,,304,349,407,402,N/A,0.11,0.0
0236.jpg,D:\GP\EALPR Vechicles dataset\Vehicles\0236.jpg,False,,124,364,191,414,N/A,0.11,0.0
0237.jpg,D:\GP\EALPR Vechicles dataset\Vehicles\0237.jpg,False,,362,413,542,506,N/A,0.11,0.0
0238.jpg,D:\GP\EALPR Vechicles dataset\Vehicles\0238.jpg,False,,415,948,709,1084,N/A,0.13,0.0
0239.jpg,D:\GP\EALPR Vechicles dataset\Vehicles\0239.jpg,False,,615,354,678,386,N/A,0.11,0.0
0240.jpg,D:\GP\EALPR Vechicles dataset\Vehicles\0240.jpg,False,,824,651,951,734,N/A,0.15,0.0
0241.jpg,D:\GP\EALPR Vechicles dataset\Vehicles\0241.jpg,False,,605,353,725,420,N/A,0.11,0.0
0242.jpg,D:\GP\EALPR Vechicles dataset\Vehicles\0242.jpg,False,,352,463,571,583,N/A,0.09,0.0
0243.jpg,D:\GP\EALPR Vechicles dataset\Vehicles\0243.jpg,False,,214,400,287,437,N/A,0.10,0.0
0244.jpg,D:\GP\EALPR Vechicles dataset\Vehicles\0244.jpg,False,,87,382,130,412,N/A,0.11,0.0
0245.jpg,D:\GP\EALPR Vechicles dataset\Vehicles\0245.jpg,False,,350,305,465,367,N/A,0.10,0.0
0246.jpg,D:\GP\EALPR Vechicles dataset\Vehicles\0246.jpg,False,,293,534,421,609,N/A,0.13,0.0
0247.jpg,D:\GP\EALPR Vechicles dataset\Vehicles\0247.jpg,False,,296,227,407,288,N/A,0.11,0.0
0248.jpg,D:\GP\EALPR Vechicles dataset\Vehicles\0248.jpg,False,,272,628,529,777,N/A,0.12,0.0
0249.jpg,D:\GP\EALPR Vechicles dataset\Vehicles\0249.jpg,False,,501,338,586,380,N/A,0.12,0.0
0250.jpg,D:\GP\EALPR Vechicles dataset\Vehicles\0250.jpg,False,,349,320,516,406,N/A,0.13,0.0
0251.jpg,D:\GP\EALPR Vechicles dataset\Vehicles\0251.jpg,False,,260,506,366,558,N/A,0.10,0.0
0252.jpg,D:\GP\EALPR Vechicles dataset\Vehicles\0252.jpg,False,,413,377,552,451,N/A,0.11,0.0
0253.jpg,D:\GP\EALPR Vechicles dataset\Vehicles\0253.jpg,False,,269,369,350,408,N/A,0.15,0.0
0254.jpg,D:\GP\EALPR Vechicles dataset\Vehicles\0254.jpg,False,,311,315,454,388,N/A,0.12,0.0
0255.jpg,D:\GP\EALPR Vechicles dataset\Vehicles\0255.jpg,False,,210,351,298,396,N/A,0.13,0.0
0256.jpg,D:\GP\EALPR Vechicles dataset\Vehicles\0256.jpg,False,,259,200,352,244,N/A,0.09,0.0
0257.jpg,D:\GP\EALPR Vechicles dataset\Vehicles\0257.jpg,False,,322,523,536,625,N/A,0.10,0.0
0258.jpg,D:\GP\EALPR Vechicles dataset\Vehicles\0258.jpg,False,,247,331,351,386,N/A,0.09,0.0
0259.jpg,D:\GP\EALPR Vechicles dataset\Vehicles\0259.jpg,False,,114,418,200,475,N/A,0.11,0.0
0260.jpg,D:\GP\EALPR Vechicles dataset\Vehicles\0260.jpg,False,,288,219,424,288,N/A,0.11,0.0
0261.jpg,D:\GP\EALPR Vechicles dataset\Vehicles\0261.jpg,False,,206,447,310,501,N/A,0.09,0.0
0262.jpg,D:\GP\EALPR Vechicles dataset\Vehicles\0262.jpg,False,,294,480,400,528,N/A,0.12,0.0
0263.jpg,D:\GP\EALPR Vechicles dataset\Vehicles\0263.jpg,False,,408,648,620,760,N/A,0.15,0.0
0264.jpg,D:\GP\EALPR Vechicles dataset\Vehicles\0264.jpg,False,,270,515,349,555,N/A,0.11,0.0
0265.jpg,D:\GP\EALPR Vechicles dataset\Vehicles\0265.jpg,False,,72,525,165,591,N/A,0.09,0.0
0266.jpg,D:\GP\EALPR Vechicles dataset\Vehicles\0266.jpg,False,,180,473,288,539,N/A,0.09,0.0
0267.jpg,D:\GP\EALPR Vechicles dataset\Vehicles\0267.jpg,False,,303,475,403,532,N/A,0.10,0.0
0268.jpg,D:\GP\EALPR Vechicles dataset\Vehicles\0268.jpg,False,,277,349,349,397,N/A,0.11,0.0
0269.jpg,D:\GP\EALPR Vechicles dataset\Vehicles\0269.jpg,False,,224,635,375,725,N/A,0.11,0.0
0270.jpg,D:\GP\EALPR Vechicles dataset\Vehicles\0270.jpg,False,,312,433,422,490,N/A,0.13,0.0
0271.jpg,D:\GP\EALPR Vechicles dataset\Vehicles\0271.jpg,False,,267,510,388,569,N/A,0.09,0.0
0272.jpg,D:\GP\EALPR Vechicles dataset\Vehicles\0272.jpg,False,,110,323,231,394,N/A,0.09,0.0
0273.jpg,D:\GP\EALPR Vechicles dataset\Vehicles\0273.jpg,False,,604,279,690,325,N/A,0.10,0.0
0274.jpg,D:\GP\EALPR Vechicles dataset\Vehicles\0274.jpg,False,,434,746,652,855,N/A,0.17,0.0
0275.jpg,D:\GP\EALPR Vechicles dataset\Vehicles\0275.jpg,False,,415,331,502,373,N/A,0.15,0.0
0276.jpg,D:\GP\EALPR Vechicles dataset\Vehicles\0276.jpg,False,,364,495,454,543,N/A,0.10,0.0
0277.jpg,D:\GP\EALPR Vechicles dataset\Vehicles\0277.jpg,False,,369,538,459,584,N/A,0.11,0.0
0278.jpg,D:\GP\EALPR Vechicles dataset\Vehicles\0278.jpg,False,,434,511,534,566,N/A,0.11,0.0
0279.jpg,D:\GP\EALPR Vechicles dataset\Vehicles\0279.jpg,False,,440,554,628,647,N/A,0.12,0.0
0280.jpg,D:\GP\EALPR Vechicles dataset\Vehicles\0280.jpg,False,,236,500,378,572,N/A,0.13,0.0
0281.jpg,D:\GP\EALPR Vechicles dataset\Vehicles\0281.jpg,False,,284,630,384,692,N/A,0.13,0.0
0282.jpg,D:\GP\EALPR Vechicles dataset\Vehicles\0282.jpg,False,,282,474,428,540,N/A,0.13,0.0
0283.jpg,D:\GP\EALPR Vechicles dataset\Vehicles\0283.jpg,False,,289,343,421,417,N/A,0.12,0.0
0284.jpg,D:\GP\EALPR Vechicles dataset\Vehicles\0284.jpg,False,,412,689,552,761,N/A,0.15,0.0
0285.jpg,D:\GP\EALPR Vechicles dataset\Vehicles\0285.jpg,False,,464,566,634,653,N/A,0.17,0.0
0286.jpg,D:\GP\EALPR Vechicles dataset\Vehicles\0286.jpg,False,,389,420,441,448,N/A,0.12,0.0
0287.jpg,D:\GP\EALPR Vechicles dataset\Vehicles\0287.jpg,False,,478,536,606,603,N/A,0.13,0.0
0288.jpg,D:\GP\EALPR Vechicles dataset\Vehicles\0288.jpg,False,,288,428,420,494,N/A,0.10,0.0
0289.jpg,D:\GP\EALPR Vechicles dataset\Vehicles\0289.jpg,False,,384,737,638,859,N/A,0.17,0.0
0290.jpg,D:\GP\EALPR Vechicles dataset\Vehicles\0290.jpg,False,,323,443,408,485,N/A,0.23,0.0
0291.jpg,D:\GP\EALPR Vechicles dataset\Vehicles\0291.jpg,False,,351,477,521,564,N/A,0.29,0.0
0292.jpg,D:\GP\EALPR Vechicles dataset\Vehicles\0292.jpg,False,,353,482,531,568,N/A,0.26,0.0
0293.jpg,D:\GP\EALPR Vechicles dataset\Vehicles\0293.jpg,False,,286,131,375,177,N/A,0.32,0.0
0294.jpg,D:\GP\EALPR Vechicles dataset\Vehicles\0294.jpg,False,,268,169,379,225,N/A,0.09,0.0
0295.jpg,D:\GP\EALPR Vechicles dataset\Vehicles\0295.jpg,False,,362,884,673,1035,N/A,0.15,0.0
0296.jpg,D:\GP\EALPR Vechicles dataset\Vehicles\0296.jpg,False,,267,234,445,319,N/A,0.09,0.0
0297.jpg,D:\GP\EALPR Vechicles dataset\Vehicles\0297.jpg,False,,294,221,470,311,N/A,0.11,0.0
0298.jpg,D:\GP\EALPR Vechicles dataset\Vehicles\0298.jpg,False,,178,212,267,255,N/A,0.14,0.0
0299.jpg,D:\GP\EALPR Vechicles dataset\Vehicles\0299.jpg,False,,341,366,430,416,N/A,0.18,0.0
0300.jpg,D:\GP\EALPR Vechicles dataset\Vehicles\0300.jpg,False,,336,467,496,548,N/A,0.18,0.0
0301.jpg,D:\GP\EALPR Vechicles dataset\Vehicles\0301.jpg,False,,263,299,334,335,N/A,0.12,0.0
0302.jpg,D:\GP\EALPR Vechicles dataset\Vehicles\0302.jpg,False,,355,225,524,316,N/A,0.11,0.0
0303.jpg,D:\GP\EALPR Vechicles dataset\Vehicles\0303.jpg,False,,395,721,551,799,N/A,0.19,0.0
0304.jpg,D:\GP\EALPR Vechicles dataset\Vehicles\0304.jpg,False,,273,460,387,520,N/A,0.13,0.0
0305.jpg,D:\GP\EALPR Vechicles dataset\Vehicles\0305.jpg,False,,272,451,395,516,N/A,0.11,0.0
0306.jpg,D:\GP\EALPR Vechicles dataset\Vehicles\0306.jpg,False,,153,221,205,250,N/A,0.09,0.0
0307.jpg,D:\GP\EALPR Vechicles dataset\Vehicles\0307.jpg,False,,393,554,504,612,N/A,0.20,0.0
0308.jpg,D:\GP\EALPR Vechicles dataset\Vehicles\0308.jpg,False,,234,299,392,368,N/A,0.09,0.0
0309.jpg,D:\GP\EALPR Vechicles dataset\Vehicles\0309.jpg,False,,342,384,434,433,N/A,0.10,0.0
0310.jpg,D:\GP\EALPR Vechicles dataset\Vehicles\0310.jpg,False,,307,214,465,295,N/A,0.13,0.0
0311.jpg,D:\GP\EALPR Vechicles dataset\Vehicles\0311.jpg,False,,341,367,449,428,N/A,0.12,0.0
0312.jpg,D:\GP\EALPR Vechicles dataset\Vehicles\0312.jpg,False,,314,517,505,614,N/A,0.18,0.0
0313.jpg,D:\GP\EALPR Vechicles dataset\Vehicles\0313.jpg,False,,313,471,433,533,N/A,0.14,0.0
0314.jpg,D:\GP\EALPR Vechicles dataset\Vehicles\0314.jpg,False,,332,845,540,944,N/A,0.13,0.0
0315.jpg,D:\GP\EALPR Vechicles dataset\Vehicles\0315.jpg,False,,369,933,584,1031,N/A,0.20,0.0
0316.jpg,D:\GP\EALPR Vechicles dataset\Vehicles\0316.jpg,False,,203,509,289,557,N/A,0.13,0.0
0317.jpg,D:\GP\EALPR Vechicles dataset\Vehicles\0317.jpg,False,,347,486,575,609,N/A,0.20,0.0
0318.jpg,D:\GP\EALPR Vechicles dataset\Vehicles\0318.jpg,False,,204,282,348,356,N/A,0.16,0.0
0319.jpg,D:\GP\EALPR Vechicles dataset\Vehicles\0319.jpg,False,,319,551,559,672,N/A,0.15,0.0
0320.jpg,D:\GP\EALPR Vechicles dataset\Vehicles\0320.jpg,False,,295,382,437,456,N/A,0.15,0.0
0321.jpg,D:\GP\EALPR Vechicles dataset\Vehicles\0321.jpg,False,,317,452,458,525,N/A,0.14,0.0
0322.jpg,D:\GP\EALPR Vechicles dataset\Vehicles\0322.jpg,False,,271,330,378,395,N/A,0.10,0.0
0323.jpg,D:\GP\EALPR Vechicles dataset\Vehicles\0323.jpg,False,,291,444,400,504,N/A,0.11,0.0
0324.jpg,D:\GP\EALPR Vechicles dataset\Vehicles\0324.jpg,False,,352,628,524,717,N/A,0.14,0.0
0325.jpg,D:\GP\EALPR Vechicles dataset\Vehicles\0325.jpg,False,,429,765,657,880,N/A,0.14,0.0
0326.jpg,D:\GP\EALPR Vechicles dataset\Vehicles\0326.jpg,False,,324,642,523,750,N/A,0.11,0.0
0327.jpg,D:\GP\EALPR Vechicles dataset\Vehicles\0327.jpg,False,,237,706,446,815,N/A,0.13,0.0
0328.jpg,D:\GP\EALPR Vechicles dataset\Vehicles\0328.jpg,False,,218,404,410,523,N/A,0.14,0.0
0329.jpg,D:\GP\EALPR Vechicles dataset\Vehicles\0329.jpg,False,,171,326,374,428,N/A,0.16,0.0
0330.jpg,D:\GP\EALPR Vechicles dataset\Vehicles\0330.jpg,False,,468,833,647,927,N/A,0.14,0.0
0331.jpg,D:\GP\EALPR Vechicles dataset\Vehicles\0331.jpg,False,,336,412,523,505,N/A,0.10,0.0
0332.jpg,D:\GP\EALPR Vechicles dataset\Vehicles\0332.jpg,False,,243,336,358,402,N/A,0.10,0.0
0333.jpg,D:\GP\EALPR Vechicles dataset\Vehicles\0333.jpg,False,,257,220,390,283,N/A,0.09,0.0
0334.jpg,D:\GP\EALPR Vechicles dataset\Vehicles\0334.jpg,False,,291,235,408,296,N/A,0.10,0.0
0335.jpg,D:\GP\EALPR Vechicles dataset\Vehicles\0335.jpg,False,,561,598,651,646,N/A,0.19,0.0
0336.jpg,D:\GP\EALPR Vechicles dataset\Vehicles\0336.jpg,False,,296,499,520,611,N/A,0.10,0.0
0337.jpg,D:\GP\EALPR Vechicles dataset\Vehicles\0337.jpg,False,,167,200,237,242,N/A,0.08,0.0
0338.jpg,D:\GP\EALPR Vechicles dataset\Vehicles\0338.jpg,False,,386,210,515,284,N/A,0.10,0.0
0339.jpg,D:\GP\EALPR Vechicles dataset\Vehicles\0339.jpg,False,,359,601,586,717,N/A,0.14,0.0
0340.jpg,D:\GP\EALPR Vechicles dataset\Vehicles\0340.jpg,False,,329,515,435,565,N/A,0.11,0.0
0341.jpg,D:\GP\EALPR Vechicles dataset\Vehicles\0341.jpg,False,,367,605,540,690,N/A,0.12,0.0
0342.jpg,D:\GP\EALPR Vechicles dataset\Vehicles\0342.jpg,False,,483,426,600,487,N/A,0.11,0.0
0343.jpg,D:\GP\EALPR Vechicles dataset\Vehicles\0343.jpg,False,,150,244,230,289,N/A,0.10,0.0
0344.jpg,D:\GP\EALPR Vechicles dataset\Vehicles\0344.jpg,False,,320,327,451,394,N/A,0.11,0.0
0345.jpg,D:\GP\EALPR Vechicles dataset\Vehicles\0345.jpg,False,,254,440,394,512,N/A,0.10,0.0
0346.jpg,D:\GP\EALPR Vechicles dataset\Vehicles\0346.jpg,False,,169,261,283,336,N/A,0.11,0.0
0347.jpg,D:\GP\EALPR Vechicles dataset\Vehicles\0347.jpg,False,,383,618,564,713,N/A,0.11,0.0
0348.jpg,D:\GP\EALPR Vechicles dataset\Vehicles\0348.jpg,False,,274,380,410,447,N/A,0.12,0.0
0349.jpg,D:\GP\EALPR Vechicles dataset\Vehicles\0349.jpg,False,,283,438,414,502,N/A,0.22,0.0
0350.jpg,D:\GP\EALPR Vechicles dataset\Vehicles\0350.jpg,False,,310,502,456,583,N/A,0.20,0.0
0351.jpg,D:\GP\EALPR Vechicles dataset\Vehicles\0351.jpg,False,,302,391,456,469,N/A,0.17,0.0
0352.jpg,D:\GP\EALPR Vechicles dataset\Vehicles\0352.jpg,False,,360,590,576,701,N/A,0.20,0.0
0353.jpg,D:\GP\EALPR Vechicles dataset\Vehicles\0353.jpg,False,,180,201,250,242,N/A,0.08,0.0
0354.jpg,D:\GP\EALPR Vechicles dataset\Vehicles\0354.jpg,False,,465,571,612,645,N/A,0.13,0.0
0355.jpg,D:\GP\EALPR Vechicles dataset\Vehicles\0355.jpg,False,,291,622,458,708,N/A,0.12,0.0
0356.jpg,D:\GP\EALPR Vechicles dataset\Vehicles\0356.jpg,False,,382,464,570,557,N/A,0.13,0.0
0357.jpg,D:\GP\EALPR Vechicles dataset\Vehicles\0357.jpg,False,,437,489,612,580,N/A,0.10,0.0
0358.jpg,D:\GP\EALPR Vechicles dataset\Vehicles\0358.jpg,False,,287,461,417,536,N/A,0.10,0.0
0359.jpg,D:\GP\EALPR Vechicles dataset\Vehicles\0359.jpg,False,,298,468,448,544,N/A,0.10,0.0
0360.jpg,D:\GP\EALPR Vechicles dataset\Vehicles\0360.jpg,False,,469,414,559,468,N/A,0.12,0.0
0361.jpg,D:\GP\EALPR Vechicles dataset\Vehicles\0361.jpg,False,,434,427,571,500,N/A,0.13,0.0
0362.jpg,D:\GP\EALPR Vechicles dataset\Vehicles\0362.jpg,False,,175,315,274,373,N/A,0.12,0.0
0363.jpg,D:\GP\EALPR Vechicles dataset\Vehicles\0363.jpg,False,,296,491,433,556,N/A,0.17,0.0
0364.jpg,D:\GP\EALPR Vechicles dataset\Vehicles\0364.jpg,False,,430,576,546,635,N/A,0.15,0.0
0365.jpg,D:\GP\EALPR Vechicles dataset\Vehicles\0365.jpg,False,,462,274,553,323,N/A,0.16,0.0
0366.jpg,D:\GP\EALPR Vechicles dataset\Vehicles\0366.jpg,False,,407,728,569,816,N/A,0.14,0.0
0367.jpg,D:\GP\EALPR Vechicles dataset\Vehicles\0367.jpg,False,,268,175,354,222,N/A,0.09,0.0
0368.jpg,D:\GP\EALPR Vechicles dataset\Vehicles\0368.jpg,False,,393,551,474,592,N/A,0.10,0.0
0369.jpg,D:\GP\EALPR Vechicles dataset\Vehicles\0369.jpg,False,,423,552,546,622,N/A,0.11,0.0
0370.jpg,D:\GP\EALPR Vechicles dataset\Vehicles\0370.jpg,False,,283,249,354,287,N/A,0.10,0.0
0371.jpg,D:\GP\EALPR Vechicles dataset\Vehicles\0371.jpg,False,,299,593,475,679,N/A,0.15,0.0
0372.jpg,D:\GP\EALPR Vechicles dataset\Vehicles\0372.jpg,False,,458,955,672,1054,N/A,0.22,0.0
0373.jpg,D:\GP\EALPR Vechicles dataset\Vehicles\0373.jpg,False,,400,927,651,1053,N/A,0.19,0.0
0374.jpg,D:\GP\EALPR Vechicles dataset\Vehicles\0374.jpg,False,,293,237,455,316,N/A,0.11,0.0
0375.jpg,D:\GP\EALPR Vechicles dataset\Vehicles\0375.jpg,False,,438,651,579,723,N/A,0.12,0.0
0376.jpg,D:\GP\EALPR Vechicles dataset\Vehicles\0376.jpg,False,,325,320,380,348,N/A,0.11,0.0
0377.jpg,D:\GP\EALPR Vechicles dataset\Vehicles\0377.jpg,False,,218,627,387,712,N/A,0.13,0.0
0378.jpg,D:\GP\EALPR Vechicles dataset\Vehicles\0378.jpg,False,,258,695,481,801,N/A,0.10,0.0
0379.jpg,D:\GP\EALPR Vechicles dataset\Vehicles\0379.jpg,False,,421,652,584,748,N/A,0.11,0.0
0380.jpg,D:\GP\EALPR Vechicles dataset\Vehicles\0380.jpg,False,,332,377,491,460,N/A,0.11,0.0
0381.jpg,D:\GP\EALPR Vechicles dataset\Vehicles\0381.jpg,False,,247,421,451,522,N/A,0.12,0.0
0382.jpg,D:\GP\EALPR Vechicles dataset\Vehicles\0382.jpg,False,,347,407,477,471,N/A,0.11,0.0
0383.jpg,D:\GP\EALPR Vechicles dataset\Vehicles\0383.jpg,False,,451,901,692,1023,N/A,0.12,0.0
0384.jpg,D:\GP\EALPR Vechicles dataset\Vehicles\0384.jpg,False,,560,351,673,418,N/A,0.14,0.0
0385.jpg,D:\GP\EALPR Vechicles dataset\Vehicles\0385.jpg,False,,332,386,443,443,N/A,0.10,0.0
0386.jpg,D:\GP\EALPR Vechicles dataset\Vehicles\0386.jpg,False,,380,347,495,413,N/A,0.12,0.0
0387.jpg,D:\GP\EALPR Vechicles dataset\Vehicles\0387.jpg,False,,324,400,471,474,N/A,0.11,0.0
0388.jpg,D:\GP\EALPR Vechicles dataset\Vehicles\0388.jpg,False,,321,340,458,408,N/A,0.14,0.0
0389.jpg,D:\GP\EALPR Vechicles dataset\Vehicles\0389.jpg,False,,221,317,289,363,N/A,0.14,0.0
0390.jpg,D:\GP\EALPR Vechicles dataset\Vehicles\0390.jpg,False,,358,496,524,579,N/A,0.12,0.0
0391.jpg,D:\GP\EALPR Vechicles dataset\Vehicles\0391.jpg,False,,407,408,509,459,N/A,0.11,0.0
0392.jpg,D:\GP\EALPR Vechicles dataset\Vehicles\0392.jpg,False,,339,452,503,534,N/A,0.11,0.0
0393.jpg,D:\GP\EALPR Vechicles dataset\Vehicles\0393.jpg,False,,362,418,490,484,N/A,0.11,0.0
0394.jpg,D:\GP\EALPR Vechicles dataset\Vehicles\0394.jpg,False,,312,146,526,259,N/A,0.10,0.0
0395.jpg,D:\GP\EALPR Vechicles dataset\Vehicles\0395.jpg,False,,413,628,685,770,N/A,0.13,0.0
0396.jpg,D:\GP\EALPR Vechicles dataset\Vehicles\0396.jpg,False,,237,504,393,603,N/A,0.11,0.0
0397.jpg,D:\GP\EALPR Vechicles dataset\Vehicles\0397.jpg,False,,250,156,359,211,N/A,0.10,0.0
0398.jpg,D:\GP\EALPR Vechicles dataset\Vehicles\0398.jpg,False,,329,337,523,438,N/A,0.14,0.0
0399.jpg,D:\GP\EALPR Vechicles dataset\Vehicles\0399.jpg,False,,282,318,421,381,N/A,0.11,0.0
0400.jpg,D:\GP\EALPR Vechicles dataset\Vehicles\0400.jpg,False,,408,526,591,617,N/A,0.12,0.0
0401.jpg,D:\GP\EALPR Vechicles dataset\Vehicles\0401.jpg,False,,246,387,379,445,N/A,0.12,0.0
0402.jpg,D:\GP\EALPR Vechicles dataset\Vehicles\0402.jpg,False,,281,240,360,281,N/A,0.10,0.0
0403.jpg,D:\GP\EALPR Vechicles dataset\Vehicles\0403.jpg,False,,292,524,378,572,N/A,0.11,0.0
0404.jpg,D:\GP\EALPR Vechicles dataset\Vehicles\0404.jpg,False,,415,369,585,459,N/A,0.10,0.0
0405.jpg,D:\GP\EALPR Vechicles dataset\Vehicles\0405.jpg,False,,121,203,188,240,N/A,0.08,0.0
0406.jpg,D:\GP\EALPR Vechicles dataset\Vehicles\0406.jpg,False,,324,292,460,364,N/A,0.12,0.0
0407.jpg,D:\GP\EALPR Vechicles dataset\Vehicles\0407.jpg,False,,327,344,514,440,N/A,0.10,0.0
0408.jpg,D:\GP\EALPR Vechicles dataset\Vehicles\0408.jpg,False,,413,516,603,612,N/A,0.13,0.0
0409.jpg,D:\GP\EALPR Vechicles dataset\Vehicles\0409.jpg,False,,313,318,424,371,N/A,0.11,0.0
0410.jpg,D:\GP\EALPR Vechicles dataset\Vehicles\0410.jpg,False,,314,447,448,510,N/A,0.10,0.0
0411.jpg,D:\GP\EALPR Vechicles dataset\Vehicles\0411.jpg,False,,364,681,544,775,N/A,0.11,0.0
0412.jpg,D:\GP\EALPR Vechicles dataset\Vehicles\0412.jpg,False,,379,468,563,559,N/A,0.12,0.0
0413.jpg,D:\GP\EALPR Vechicles dataset\Vehicles\0413.jpg,False,,265,566,630,720,N/A,0.11,0.0
0414.jpg,D:\GP\EALPR Vechicles dataset\Vehicles\0414.jpg,False,,350,294,436,336,N/A,0.12,0.0
0415.jpg,D:\GP\EALPR Vechicles dataset\Vehicles\0415.jpg,False,,302,252,459,327,N/A,0.08,0.0
0416.jpg,D:\GP\EALPR Vechicles dataset\Vehicles\0416.jpg,False,,219,342,361,407,N/A,0.10,0.0
0417.jpg,D:\GP\EALPR Vechicles dataset\Vehicles\0417.jpg,False,,296,328,472,418,N/A,0.12,0.0
0418.jpg,D:\GP\EALPR Vechicles dataset\Vehicles\0418.jpg,False,,237,365,481,493,N/A,0.11,0.0
0419.jpg,D:\GP\EALPR Vechicles dataset\Vehicles\0419.jpg,False,,276,358,399,420,N/A,0.12,0.0
0420.jpg,D:\GP\EALPR Vechicles dataset\Vehicles\0420.jpg,False,,334,561,508,644,N/A,0.10,0.0
0421.jpg,D:\GP\EALPR Vechicles dataset\Vehicles\0421.jpg,False,,341,403,501,484,N/A,0.12,0.0
0422.jpg,D:\GP\EALPR Vechicles dataset\Vehicles\0422.jpg,False,,428,363,704,519,N/A,0.11,0.0
0423.jpg,D:\GP\EALPR Vechicles dataset\Vehicles\0423.jpg,False,,394,850,525,913,N/A,0.13,0.0
0424.jpg,D:\GP\EALPR Vechicles dataset\Vehicles\0424.jpg,False,,360,308,471,366,N/A,0.11,0.0
0425.jpg,D:\GP\EALPR Vechicles dataset\Vehicles\0425.jpg,False,,318,496,470,574,N/A,0.11,0.0
0426.jpg,D:\GP\EALPR Vechicles dataset\Vehicles\0426.jpg,False,,349,509,522,593,N/A,0.11,0.0
0427.jpg,D:\GP\EALPR Vechicles dataset\Vehicles\0427.jpg,False,,378,559,478,612,N/A,0.12,0.0
0428.jpg,D:\GP\EALPR Vechicles dataset\Vehicles\0428.jpg,False,,458,318,545,369,N/A,0.10,0.0
0429.jpg,D:\GP\EALPR Vechicles dataset\Vehicles\0429.jpg,False,,511,399,610,450,N/A,0.12,0.0
0430.jpg,D:\GP\EALPR Vechicles dataset\Vehicles\0430.jpg,False,,316,435,438,498,N/A,0.12,0.0
0431.jpg,D:\GP\EALPR Vechicles dataset\Vehicles\0431.jpg,False,,263,215,395,281,N/A,0.13,0.0
0432.jpg,D:\GP\EALPR Vechicles dataset\Vehicles\0432.jpg,False,,505,408,591,457,N/A,0.10,0.0
0433.jpg,D:\GP\EALPR Vechicles dataset\Vehicles\0433.jpg,False,,301,420,406,474,N/A,0.12,0.0
0434.jpg,D:\GP\EALPR Vechicles dataset\Vehicles\0434.jpg,False,,274,375,376,426,N/A,0.11,0.0
0435.jpg,D:\GP\EALPR Vechicles dataset\Vehicles\0435.jpg,False,,366,485,533,569,N/A,0.12,0.0
0436.jpg,D:\GP\EALPR Vechicles dataset\Vehicles\0436.jpg,False,,468,440,594,505,N/A,0.11,0.0
0437.jpg,D:\GP\EALPR Vechicles dataset\Vehicles\0437.jpg,False,,263,408,409,482,N/A,0.10,0.0
0438.jpg,D:\GP\EALPR Vechicles dataset\Vehicles\0438.jpg,False,,429,574,586,655,N/A,0.12,0.0
0439.jpg,D:\GP\EALPR Vechicles dataset\Vehicles\0439.jpg,False,,261,325,379,385,N/A,0.10,0.0
0440.jpg,D:\GP\EALPR Vechicles dataset\Vehicles\0440.jpg,False,,371,397,496,460,N/A,0.12,0.0
0441.jpg,D:\GP\EALPR Vechicles dataset\Vehicles\0441.jpg,False,,352,604,600,718,N/A,0.12,0.0
0442.jpg,D:\GP\EALPR Vechicles dataset\Vehicles\0442.jpg,False,,128,239,192,273,N/A,0.11,0.0
0443.jpg,D:\GP\EALPR Vechicles dataset\Vehicles\0443.jpg,False,,284,453,453,543,N/A,0.10,0.0
0444.jpg,D:\GP\EALPR Vechicles dataset\Vehicles\0444.jpg,False,,542,365,758,494,N/A,0.12,0.0
0445.jpg,D:\GP\EALPR Vechicles dataset\Vehicles\0445.jpg,False,,236,472,312,528,N/A,0.14,0.0
0446.jpg,D:\GP\EALPR Vechicles dataset\Vehicles\0446.jpg,False,,340,528,496,609,N/A,0.14,0.0
0447.jpg,D:\GP\EALPR Vechicles dataset\Vehicles\0447.jpg,False,,296,603,443,681,N/A,0.12,0.0
0448.jpg,D:\GP\EALPR Vechicles dataset\Vehicles\0448.jpg,False,,428,656,569,736,N/A,0.11,0.0
0449.jpg,D:\GP\EALPR Vechicles dataset\Vehicles\0449.jpg,False,,348,541,480,609,N/A,0.11,0.0
0450.jpg,D:\GP\EALPR Vechicles dataset\Vehicles\0450.jpg,False,,279,346,468,440,N/A,0.09,0.0
0451.jpg,D:\GP\EALPR Vechicles dataset\Vehicles\0451.jpg,False,,365,349,508,421,N/A,0.12,0.0
0452.jpg,D:\GP\EALPR Vechicles dataset\Vehicles\0452.jpg,False,,266,310,676,511,N/A,0.11,0.0
0453.jpg,D:\GP\EALPR Vechicles dataset\Vehicles\0453.jpg,False,,198,673,311,749,N/A,0.12,0.0
0454.jpg,D:\GP\EALPR Vechicles dataset\Vehicles\0454.jpg,False,,247,462,342,512,N/A,0.10,0.0
0455.jpg,D:\GP\EALPR Vechicles dataset\Vehicles\0455.jpg,False,,178,276,250,316,N/A,0.10,0.0
0456.jpg,D:\GP\EALPR Vechicles dataset\Vehicles\0456.jpg,False,,293,533,433,605,N/A,0.11,0.0
0457.jpg,D:\GP\EALPR Vechicles dataset\Vehicles\0457.jpg,False,,309,507,408,557,N/A,0.12,0.0
0458.jpg,D:\GP\EALPR Vechicles dataset\Vehicles\0458.jpg,False,,385,302,501,365,N/A,0.11,0.0
0459.jpg,D:\GP\EALPR Vechicles dataset\Vehicles\0459.jpg,False,,318,249,405,294,N/A,0.11,0.0
0460.jpg,D:\GP\EALPR Vechicles dataset\Vehicles\0460.jpg,False,,322,424,434,481,N/A,0.11,0.0
0461.jpg,D:\GP\EALPR Vechicles dataset\Vehicles\0461.jpg,False,,272,555,419,641,N/A,0.14,0.0
0462.jpg,D:\GP\EALPR Vechicles dataset\Vehicles\0462.jpg,False,,497,565,599,615,N/A,0.10,0.0
0463.jpg,D:\GP\EALPR Vechicles dataset\Vehicles\0463.jpg,False,,433,499,555,564,N/A,0.11,0.0
0464.jpg,D:\GP\EALPR Vechicles dataset\Vehicles\0464.jpg,False,,399,692,597,797,N/A,0.10,0.0
0465.jpg,D:\GP\EALPR Vechicles dataset\Vehicles\0465.jpg,False,,447,956,549,1011,N/A,0.13,0.0
0466.jpg,D:\GP\EALPR Vechicles dataset\Vehicles\0466.jpg,False,,487,594,573,635,N/A,0.11,0.0
0467.jpg,D:\GP\EALPR Vechicles dataset\Vehicles\0467.jpg,False,,399,788,601,880,N/A,0.11,0.0
0468.jpg,D:\GP\EALPR Vechicles dataset\Vehicles\0468.jpg,False,,244,176,406,260,N/A,0.09,0.0
0469.jpg,D:\GP\EALPR Vechicles dataset\Vehicles\0469.jpg,False,,308,236,434,293,N/A,0.08,0.0
0470.jpg,D:\GP\EALPR Vechicles dataset\Vehicles\0470.jpg,False,,395,822,660,960,N/A,0.14,0.0
0471.jpg,D:\GP\EALPR Vechicles dataset\Vehicles\0471.jpg,False,,305,552,446,627,N/A,0.14,0.0
0472.jpg,D:\GP\EALPR Vechicles dataset\Vehicles\0472.jpg,False,,361,548,613,707,N/A,0.13,0.0
0473.jpg,D:\GP\EALPR Vechicles dataset\Vehicles\0473.jpg,False,,469,475,582,537,N/A,0.12,0.0
0474.jpg,D:\GP\EALPR Vechicles dataset\Vehicles\0474.jpg,False,,419,661,555,737,N/A,0.11,0.0
0475.jpg,D:\GP\EALPR Vechicles dataset\Vehicles\0475.jpg,False,,389,531,566,630,N/A,0.13,0.0
0476.jpg,D:\GP\EALPR Vechicles dataset\Vehicles\0476.jpg,False,,148,357,432,516,N/A,0.12,0.0
0477.jpg,D:\GP\EALPR Vechicles dataset\Vehicles\0477.jpg,False,,416,619,611,721,N/A,0.12,0.0
0478.jpg,D:\GP\EALPR Vechicles dataset\Vehicles\0478.jpg,False,,360,562,608,689,N/A,0.12,0.0
0479.jpg,D:\GP\EALPR Vechicles dataset\Vehicles\0479.jpg,False,,468,657,658,753,N/A,0.12,0.0
0480.jpg,D:\GP\EALPR Vechicles dataset\Vehicles\0480.jpg,False,,433,807,680,932,N/A,0.11,0.0
0481.jpg,D:\GP\EALPR Vechicles dataset\Vehicles\0481.jpg,False,,312,419,524,514,N/A,0.12,0.0
0482.jpg,D:\GP\EALPR Vechicles dataset\Vehicles\0482.jpg,False,,286,642,464,726,N/A,0.12,0.0
0483.jpg,D:\GP\EALPR Vechicles dataset\Vehicles\0483.jpg,False,,266,203,378,260,N/A,0.11,0.0
0484.jpg,D:\GP\EALPR Vechicles dataset\Vehicles\0484.jpg,False,,276,604,401,666,N/A,0.13,0.0
0485.jpg,D:\GP\EALPR Vechicles dataset\Vehicles\0485.jpg,False,,418,492,602,588,N/A,0.15,0.0
0486.jpg,D:\GP\EALPR Vechicles dataset\Vehicles\0486.jpg,False,,270,383,387,442,N/A,0.11,0.0
0487.jpg,D:\GP\EALPR Vechicles dataset\Vehicles\0487.jpg,False,,416,349,617,451,N/A,0.11,0.0
0488.jpg,D:\GP\EALPR Vechicles dataset\Vehicles\0488.jpg,False,,435,326,520,375,N/A,0.10,0.0
0489.jpg,D:\GP\EALPR Vechicles dataset\Vehicles\0489.jpg,False,,247,207,412,291,N/A,0.09,0.0
0490.jpg,D:\GP\EALPR Vechicles dataset\Vehicles\0490.jpg,False,,302,524,435,593,N/A,0.10,0.0
0491.jpg,D:\GP\EALPR Vechicles dataset\Vehicles\0491.jpg,False,,435,424,659,548,N/A,0.10,0.0
0492.jpg,D:\GP\EALPR Vechicles dataset\Vehicles\0492.jpg,False,,382,339,501,400,N/A,0.10,0.0
0493.jpg,D:\GP\EALPR Vechicles dataset\Vehicles\0493.jpg,False,,459,580,596,649,N/A,0.12,0.0
0494.jpg,D:\GP\EALPR Vechicles dataset\Vehicles\0494.jpg,False,,229,407,343,466,N/A,0.10,0.0
0495.jpg,D:\GP\EALPR Vechicles dataset\Vehicles\0495.jpg,False,,250,157,347,203,N/A,0.09,0.0
0496.jpg,D:\GP\EALPR Vechicles dataset\Vehicles\0496.jpg,False,,354,669,536,756,N/A,0.10,0.0
0497.jpg,D:\GP\EALPR Vechicles dataset\Vehicles\0497.jpg,False,,269,259,380,317,N/A,0.12,0.0
0498.jpg,D:\GP\EALPR Vechicles dataset\Vehicles\0498.jpg,False,,511,598,622,658,N/A,0.12,0.0
0499.jpg,D:\GP\EALPR Vechicles dataset\Vehicles\0499.jpg,False,,411,417,559,499,N/A,0.12,0.0
0500.jpg,D:\GP\EALPR Vechicles dataset\Vehicles\0500.jpg,False,,428,467,609,564,N/A,0.12,0.0
0501.jpg,D:\GP\EALPR Vechicles dataset\Vehicles\0501.jpg,False,,342,496,574,619,N/A,0.12,0.0
0502.jpg,D:\GP\EALPR Vechicles dataset\Vehicles\0502.jpg,False,,364,338,485,398,N/A,0.15,0.0
0503.jpg,D:\GP\EALPR Vechicles dataset\Vehicles\0503.jpg,False,,392,619,603,725,N/A,0.14,0.0
0504.jpg,D:\GP\EALPR Vechicles dataset\Vehicles\0504.jpg,False,,361,359,484,426,N/A,0.09,0.0
0505.jpg,D:\GP\EALPR Vechicles dataset\Vehicles\0505.jpg,False,,342,301,457,357,N/A,0.09,0.0
0506.jpg,D:\GP\EALPR Vechicles dataset\Vehicles\0506.jpg,False,,363,279,473,332,N/A,0.10,0.0
0507.jpg,D:\GP\EALPR Vechicles dataset\Vehicles\0507.jpg,False,,297,199,383,243,N/A,0.09,0.0
0508.jpg,D:\GP\EALPR Vechicles dataset\Vehicles\0508.jpg,False,,408,476,626,584,N/A,0.13,0.0
0509.jpg,D:\GP\EALPR Vechicles dataset\Vehicles\0509.jpg,False,,434,770,658,881,N/A,0.13,0.0
0510.jpg,D:\GP\EALPR Vechicles dataset\Vehicles\0510.jpg,False,,260,251,365,301,N/A,0.10,0.0
0511.jpg,D:\GP\EALPR Vechicles dataset\Vehicles\0511.jpg,False,,364,504,504,578,N/A,0.10,0.0
0512.jpg,D:\GP\EALPR Vechicles dataset\Vehicles\0512.jpg,False,,448,678,672,772,N/A,0.13,0.0
0513.jpg,D:\GP\EALPR Vechicles dataset\Vehicles\0513.jpg,False,,333,814,544,924,N/A,0.12,0.0
0514.jpg,D:\GP\EALPR Vechicles dataset\Vehicles\0514.jpg,False,,318,390,478,471,N/A,0.11,0.0
0515.jpg,D:\GP\EALPR Vechicles dataset\Vehicles\0515.jpg,False,,276,589,407,673,N/A,0.12,0.0
0516.jpg,D:\GP\EALPR Vechicles dataset\Vehicles\0516.jpg,False,,166,276,253,323,N/A,0.10,0.0
0517.jpg,D:\GP\EALPR Vechicles dataset\Vehicles\0517.jpg,False,,267,170,402,239,N/A,0.10,0.0
0518.jpg,D:\GP\EALPR Vechicles dataset\Vehicles\0518.jpg,False,,267,460,647,650,N/A,0.11,0.0
0519.jpg,D:\GP\EALPR Vechicles dataset\Vehicles\0519.jpg,False,,450,797,660,900,N/A,0.14,0.0
0520.jpg,D:\GP\EALPR Vechicles dataset\Vehicles\0520.jpg,False,,312,493,512,599,N/A,0.11,0.0
0521.jpg,D:\GP\EALPR Vechicles dataset\Vehicles\0521.jpg,False,,323,606,517,703,N/A,0.11,0.0
0522.jpg,D:\GP\EALPR Vechicles dataset\Vehicles\0522.jpg,False,,332,204,463,270,N/A,0.10,0.0
0523.jpg,D:\GP\EALPR Vechicles dataset\Vehicles\0523.jpg,False,,245,197,414,279,N/A,0.10,0.0
0524.jpg,D:\GP\EALPR Vechicles dataset\Vehicles\0524.jpg,False,,283,269,396,325,N/A,0.09,0.0
0525.jpg,D:\GP\EALPR Vechicles dataset\Vehicles\0525.jpg,False,,267,180,342,221,N/A,0.08,0.0
0526.jpg,D:\GP\EALPR Vechicles dataset\Vehicles\0526.jpg,False,,455,661,594,732,N/A,0.11,0.0
0527.jpg,D:\GP\EALPR Vechicles dataset\Vehicles\0527.jpg,False,,247,343,381,424,N/A,0.11,0.0
0528.jpg,D:\GP\EALPR Vechicles dataset\Vehicles\0528.jpg,False,,441,532,566,593,N/A,0.15,0.0
0529.jpg,D:\GP\EALPR Vechicles dataset\Vehicles\0529.jpg,False,,320,342,434,402,N/A,0.10,0.0
0530.jpg,D:\GP\EALPR Vechicles dataset\Vehicles\0530.jpg,False,,313,469,513,575,N/A,0.11,0.0
0531.jpg,D:\GP\EALPR Vechicles dataset\Vehicles\0531.jpg,False,,369,459,574,564,N/A,0.16,0.0
0532.jpg,D:\GP\EALPR Vechicles dataset\Vehicles\0532.jpg,False,,308,154,400,199,N/A,0.14,0.0
0533.jpg,D:\GP\EALPR Vechicles dataset\Vehicles\0533.jpg,False,,356,720,544,816,N/A,0.12,0.0
0534.jpg,D:\GP\EALPR Vechicles dataset\Vehicles\0534.jpg,False,,301,321,446,392,N/A,0.11,0.0
0535.jpg,D:\GP\EALPR Vechicles dataset\Vehicles\0535.jpg,False,,257,294,346,336,N/A,0.09,0.0
0536.jpg,D:\GP\EALPR Vechicles dataset\Vehicles\0536.jpg,False,,269,223,391,285,N/A,0.09,0.0
0537.jpg,D:\GP\EALPR Vechicles dataset\Vehicles\0537.jpg,False,,355,469,500,542,N/A,0.12,0.0
0538.jpg,D:\GP\EALPR Vechicles dataset\Vehicles\0538.jpg,False,,252,246,425,335,N/A,0.10,0.0
0539.jpg,D:\GP\EALPR Vechicles dataset\Vehicles\0539.jpg,False,,500,756,596,807,N/A,0.13,0.0
0540.jpg,D:\GP\EALPR Vechicles dataset\Vehicles\0540.jpg,False,,311,869,542,991,N/A,0.11,0.0
0541.jpg,D:\GP\EALPR Vechicles dataset\Vehicles\0541.jpg,False,,273,461,481,579,N/A,0.09,0.0
0542.jpg,D:\GP\EALPR Vechicles dataset\Vehicles\0542.jpg,False,,123,450,277,533,N/A,0.12,0.0
0543.jpg,D:\GP\EALPR Vechicles dataset\Vehicles\0543.jpg,False,,306,193,380,230,N/A,0.10,0.0
0544.jpg,D:\GP\EALPR Vechicles dataset\Vehicles\0544.jpg,False,,443,700,629,797,N/A,0.13,0.0
0545.jpg,D:\GP\EALPR Vechicles dataset\Vehicles\0545.jpg,False,,325,477,408,519,N/A,0.13,0.0
0546.jpg,D:\GP\EALPR Vechicles dataset\Vehicles\0546.jpg,False,,426,568,645,678,N/A,0.13,0.0
0547.jpg,D:\GP\EALPR Vechicles dataset\Vehicles\0547.jpg,False,,462,909,678,1014,N/A,0.12,0.0
0548.jpg,D:\GP\EALPR Vechicles dataset\Vehicles\0548.jpg,False,,427,645,561,714,N/A,0.12,0.0
0549.jpg,D:\GP\EALPR Vechicles dataset\Vehicles\0549.jpg,False,,324,400,470,474,N/A,0.11,0.0
0550.jpg,D:\GP\EALPR Vechicles dataset\Vehicles\0550.jpg,False,,347,445,502,527,N/A,0.12,0.0
0551.jpg,D:\GP\EALPR Vechicles dataset\Vehicles\0551.jpg,False,,364,474,509,550,N/A,0.11,0.0
0552.jpg,D:\GP\EALPR Vechicles dataset\Vehicles\0552.jpg,False,,374,572,595,669,N/A,0.10,0.0
0553.jpg,D:\GP\EALPR Vechicles dataset\Vehicles\0553.jpg,False,,410,425,562,508,N/A,0.09,0.0
0554.jpg,D:\GP\EALPR Vechicles dataset\Vehicles\0554.jpg,False,,385,601,539,681,N/A,0.12,0.0
0555.jpg,D:\GP\EALPR Vechicles dataset\Vehicles\0555.jpg,False,,271,223,407,290,N/A,0.11,0.0
0556.jpg,D:\GP\EALPR Vechicles dataset\Vehicles\0556.jpg,False,,304,543,485,636,N/A,0.12,0.0
0557.jpg,D:\GP\EALPR Vechicles dataset\Vehicles\0557.jpg,False,,398,737,600,835,N/A,0.11,0.0
0558.jpg,D:\GP\EALPR Vechicles dataset\Vehicles\0558.jpg,False,,510,451,651,524,N/A,0.14,0.0
0559.jpg,D:\GP\EALPR Vechicles dataset\Vehicles\0559.jpg,False,,193,579,334,654,N/A,0.11,0.0
0560.jpg,D:\GP\EALPR Vechicles dataset\Vehicles\0560.jpg,False,,363,579,531,664,N/A,0.14,0.0
0561.jpg,D:\GP\EALPR Vechicles dataset\Vehicles\0561.jpg,False,,419,752,566,831,N/A,0.12,0.0
0562.jpg,D:\GP\EALPR Vechicles dataset\Vehicles\0562.jpg,False,,636,1030,879,1162,N/A,0.17,0.0
0563.JPG,D:\GP\EALPR Vechicles dataset\Vehicles\0563.JPG,False,,213,192,718,463,N/A,0.11,0.0
0564.JPG,D:\GP\EALPR Vechicles dataset\Vehicles\0564.JPG,False,,182,515,298,578,N/A,0.08,0.0
0565.jpg,D:\GP\EALPR Vechicles dataset\Vehicles\0565.jpg,False,,104,751,272,847,N/A,0.12,0.0
0566.JPG,D:\GP\EALPR Vechicles dataset\Vehicles\0566.JPG,False,,199,1228,791,1525,N/A,0.33,0.0
0567.JPG,D:\GP\EALPR Vechicles dataset\Vehicles\0567.JPG,False,,408,550,568,627,N/A,0.12,0.0
0568.JPG,D:\GP\EALPR Vechicles dataset\Vehicles\0568.JPG,False,,437,387,578,460,N/A,0.11,0.0
0569.JPG,D:\GP\EALPR Vechicles dataset\Vehicles\0569.JPG,False,,289,629,520,723,N/A,0.11,0.0
0570.jpg,D:\GP\EALPR Vechicles dataset\Vehicles\0570.jpg,False,,400,512,542,582,N/A,0.12,0.0
0571.JPG,D:\GP\EALPR Vechicles dataset\Vehicles\0571.JPG,False,,302,327,751,522,N/A,0.10,0.0
0572.JPG,D:\GP\EALPR Vechicles dataset\Vehicles\0572.JPG,False,,251,708,488,796,N/A,0.10,0.0
0573.JPG,D:\GP\EALPR Vechicles dataset\Vehicles\0573.JPG,False,,612,569,1078,779,N/A,0.11,0.0
0574.jpg,D:\GP\EALPR Vechicles dataset\Vehicles\0574.jpg,False,,217,263,306,310,N/A,0.11,0.0
0575.JPG,D:\GP\EALPR Vechicles dataset\Vehicles\0575.JPG,False,,281,384,447,469,N/A,0.10,0.0
0576.JPG,D:\GP\EALPR Vechicles dataset\Vehicles\0576.JPG,False,,308,631,446,701,N/A,0.10,0.0
0577.JPG,D:\GP\EALPR Vechicles dataset\Vehicles\0577.JPG,False,,301,680,467,753,N/A,0.09,0.0
0578.JPG,D:\GP\EALPR Vechicles dataset\Vehicles\0578.JPG,False,,300,517,557,649,N/A,0.09,0.0
0579.JPG,D:\GP\EALPR Vechicles dataset\Vehicles\0579.JPG,False,,638,400,757,471,N/A,0.07,0.0
0580.jpg,D:\GP\EALPR Vechicles dataset\Vehicles\0580.jpg,False,,570,701,742,797,N/A,0.13,0.0
0581.JPG,D:\GP\EALPR Vechicles dataset\Vehicles\0581.JPG,False,,147,363,248,412,N/A,0.10,0.0
0582.jpg,D:\GP\EALPR Vechicles dataset\Vehicles\0582.jpg,False,,352,877,545,977,N/A,0.12,0.0
0583.JPG,D:\GP\EALPR Vechicles dataset\Vehicles\0583.JPG,False,,96,347,227,436,N/A,0.10,0.0
0584.JPG,D:\GP\EALPR Vechicles dataset\Vehicles\0584.JPG,False,,244,627,636,829,N/A,0.11,0.0
0585.JPG,D:\GP\EALPR Vechicles dataset\Vehicles\0585.JPG,False,,423,507,558,572,N/A,0.10,0.0
0586.jpg,D:\GP\EALPR Vechicles dataset\Vehicles\0586.jpg,False,,384,757,525,826,N/A,0.15,0.0
0587.JPG,D:\GP\EALPR Vechicles dataset\Vehicles\0587.JPG,False,,417,349,551,415,N/A,0.10,0.0
0588.jpg,D:\GP\EALPR Vechicles dataset\Vehicles\0588.jpg,False,,394,713,552,789,N/A,0.18,0.0
0589.JPG,D:\GP\EALPR Vechicles dataset\Vehicles\0589.JPG,False,,331,409,543,510,N/A,0.09,0.0
0590.JPG,D:\GP\EALPR Vechicles dataset\Vehicles\0590.JPG,False,,271,393,385,437,N/A,0.11,0.0
0591.JPG,D:\GP\EALPR Vechicles dataset\Vehicles\0591.JPG,False,,124,259,182,290,N/A,0.09,0.0
0592.JPG,D:\GP\EALPR Vechicles dataset\Vehicles\0592.JPG,False,,301,719,497,819,N/A,0.10,0.0
0593.jpg,D:\GP\EALPR Vechicles dataset\Vehicles\0593.jpg,False,,414,566,647,680,N/A,0.14,0.0
0594.JPG,D:\GP\EALPR Vechicles dataset\Vehicles\0594.JPG,False,,375,598,526,644,N/A,0.09,0.0
0595.JPG,D:\GP\EALPR Vechicles dataset\Vehicles\0595.JPG,False,,206,262,267,292,N/A,0.10,0.0
0596.JPG,D:\GP\EALPR Vechicles dataset\Vehicles\0596.JPG,False,,401,489,495,531,N/A,0.10,0.0
0597.JPG,D:\GP\EALPR Vechicles dataset\Vehicles\0597.JPG,False,,287,543,441,613,N/A,0.10,0.0
0598.JPG,D:\GP\EALPR Vechicles dataset\Vehicles\0598.JPG,False,,177,511,346,595,N/A,0.09,0.0
0599.JPG,D:\GP\EALPR Vechicles dataset\Vehicles\0599.JPG,False,,250,329,364,386,N/A,0.09,0.0
0600.JPG,D:\GP\EALPR Vechicles dataset\Vehicles\0600.JPG,False,,183,298,312,359,N/A,0.11,0.0
0601.JPG,D:\GP\EALPR Vechicles dataset\Vehicles\0601.JPG,False,,196,315,310,376,N/A,0.12,0.0
0602.JPG,D:\GP\EALPR Vechicles dataset\Vehicles\0602.JPG,False,,58,286,114,313,N/A,0.07,0.0
0603.jpg,D:\GP\EALPR Vechicles dataset\Vehicles\0603.jpg,False,,378,745,612,853,N/A,0.14,0.0
0604.jpg,D:\GP\EALPR Vechicles dataset\Vehicles\0604.jpg,False,,411,325,681,464,N/A,0.09,0.0
0605.JPG,D:\GP\EALPR Vechicles dataset\Vehicles\0605.JPG,False,,403,788,565,866,N/A,0.14,0.0
0606.JPG,D:\GP\EALPR Vechicles dataset\Vehicles\0606.JPG,False,,222,395,338,456,N/A,0.11,0.0
0607.JPG,D:\GP\EALPR Vechicles dataset\Vehicles\0607.JPG,False,,304,389,359,418,N/A,0.10,0.0
0608.JPG,D:\GP\EALPR Vechicles dataset\Vehicles\0608.JPG,False,,62,456,252,550,N/A,0.11,0.0
0609.JPG,D:\GP\EALPR Vechicles dataset\Vehicles\0609.JPG,False,,409,626,576,702,N/A,0.12,0.0
0610.jpg,D:\GP\EALPR Vechicles dataset\Vehicles\0610.jpg,False,,462,775,668,876,N/A,0.14,0.0
0611.JPG,D:\GP\EALPR Vechicles dataset\Vehicles\0611.JPG,False,,159,269,221,299,N/A,0.09,0.0
0612.jpg,D:\GP\EALPR Vechicles dataset\Vehicles\0612.jpg,False,,434,474,657,581,N/A,0.12,0.0
0613.JPG,D:\GP\EALPR Vechicles dataset\Vehicles\0613.JPG,False,,108,458,212,523,N/A,0.11,0.0
0614.JPG,D:\GP\EALPR Vechicles dataset\Vehicles\0614.JPG,False,,371,271,479,338,N/A,0.10,0.0
0615.JPG,D:\GP\EALPR Vechicles dataset\Vehicles\0615.JPG,False,,195,333,294,400,N/A,0.07,0.0
0616.JPG,D:\GP\EALPR Vechicles dataset\Vehicles\0616.JPG,False,,1263,395,1450,490,N/A,0.12,0.0
0617.JPG,D:\GP\EALPR Vechicles dataset\Vehicles\0617.JPG,False,,1076,1490,1285,1618,N/A,0.17,0.0
0618.JPG,D:\GP\EALPR Vechicles dataset\Vehicles\0618.JPG,False,,1186,1470,1273,1539,N/A,0.22,0.0
0619.jpg,D:\GP\EALPR Vechicles dataset\Vehicles\0619.jpg,False,,462,775,668,876,N/A,0.20,0.0
0620.JPG,D:\GP\EALPR Vechicles dataset\Vehicles\0620.JPG,False,,293,288,386,361,N/A,0.10,0.0
0621.jpg,D:\GP\EALPR Vechicles dataset\Vehicles\0621.jpg,False,,406,386,529,452,N/A,0.14,0.0
0622.JPG,D:\GP\EALPR Vechicles dataset\Vehicles\0622.JPG,False,,338,571,502,674,N/A,0.11,0.0
0623.JPG,D:\GP\EALPR Vechicles dataset\Vehicles\0623.JPG,False,,311,497,454,568,N/A,0.10,0.0
0624.JPG,D:\GP\EALPR Vechicles dataset\Vehicles\0624.JPG,False,,429,418,546,484,N/A,0.08,0.0
0625.JPG,D:\GP\EALPR Vechicles dataset\Vehicles\0625.JPG,False,,461,604,574,660,N/A,0.11,0.0
0626.JPG,D:\GP\EALPR Vechicles dataset\Vehicles\0626.JPG,False,,13,626,145,695,N/A,0.11,0.0
0627.JPG,D:\GP\EALPR Vechicles dataset\Vehicles\0627.JPG,False,,307,423,423,494,N/A,0.11,0.0
0628.JPG,D:\GP\EALPR Vechicles dataset\Vehicles\0628.JPG,False,,330,829,638,956,N/A,0.11,0.0
0629.jpg,D:\GP\EALPR Vechicles dataset\Vehicles\0629.jpg,False,,541,559,728,650,N/A,0.14,0.0
0630.JPG,D:\GP\EALPR Vechicles dataset\Vehicles\0630.JPG,False,,289,440,438,521,N/A,0.10,0.0
0631.JPG,D:\GP\EALPR Vechicles dataset\Vehicles\0631.JPG,False,,299,453,431,510,N/A,0.15,0.0
0632.jpg,D:\GP\EALPR Vechicles dataset\Vehicles\0632.jpg,False,,866,387,1024,488,N/A,0.09,0.0
0633.jpg,D:\GP\EALPR Vechicles dataset\Vehicles\0633.jpg,False,,327,774,540,888,N/A,0.12,0.0
0634.jpg,D:\GP\EALPR Vechicles dataset\Vehicles\0634.jpg,False,,396,475,485,524,N/A,0.10,0.0
0635.jpg,D:\GP\EALPR Vechicles dataset\Vehicles\0635.jpg,False,,130,106,198,138,N/A,0.09,0.0
0636.jpg,D:\GP\EALPR Vechicles dataset\Vehicles\0636.jpg,False,,362,643,518,712,N/A,0.11,0.0
0637.jpg,D:\GP\EALPR Vechicles dataset\Vehicles\0637.jpg,False,,282,608,445,686,N/A,0.13,0.0
0638.jpg,D:\GP\EALPR Vechicles dataset\Vehicles\0638.jpg,False,,358,676,479,741,N/A,0.13,0.0
0639.jpg,D:\GP\EALPR Vechicles dataset\Vehicles\0639.jpg,False,,106,420,174,458,N/A,0.12,0.0
0640.jpg,D:\GP\EALPR Vechicles dataset\Vehicles\0640.jpg,False,,296,327,388,375,N/A,0.14,0.0
0641.jpg,D:\GP\EALPR Vechicles dataset\Vehicles\0641.jpg,False,,221,351,529,506,N/A,0.13,0.0
0642.jpg,D:\GP\EALPR Vechicles dataset\Vehicles\0642.jpg,False,,306,675,473,759,N/A,0.10,0.0
0643.jpg,D:\GP\EALPR Vechicles dataset\Vehicles\0643.jpg,False,,315,357,403,403,N/A,0.08,0.0
0644.jpg,D:\GP\EALPR Vechicles dataset\Vehicles\0644.jpg,False,,389,400,625,521,N/A,0.08,0.0
0645.jpg,D:\GP\EALPR Vechicles dataset\Vehicles\0645.jpg,False,,399,575,622,671,N/A,0.10,0.0
0646.jpg,D:\GP\EALPR Vechicles dataset\Vehicles\0646.jpg,False,,259,686,436,753,N/A,0.10,0.0
0647.jpg,D:\GP\EALPR Vechicles dataset\Vehicles\0647.jpg,False,,448,651,662,765,N/A,0.13,0.0
0648.jpg,D:\GP\EALPR Vechicles dataset\Vehicles\0648.jpg,False,,380,626,521,719,N/A,0.08,0.0
0649.jpg,D:\GP\EALPR Vechicles dataset\Vehicles\0649.jpg,False,,255,646,392,700,N/A,0.10,0.0
0650.jpg,D:\GP\EALPR Vechicles dataset\Vehicles\0650.jpg,False,,10,348,324,496,N/A,0.12,0.0
0651.jpg,D:\GP\EALPR Vechicles dataset\Vehicles\0651.jpg,False,,412,448,466,476,N/A,0.12,0.0
0652.jpg,D:\GP\EALPR Vechicles dataset\Vehicles\0652.jpg,False,,346,395,542,497,N/A,0.15,0.0
0653.jpg,D:\GP\EALPR Vechicles dataset\Vehicles\0653.jpg,False,,284,466,415,534,N/A,0.14,0.0
0654.jpg,D:\GP\EALPR Vechicles dataset\Vehicles\0654.jpg,False,,370,329,476,383,N/A,0.14,0.0
0655.jpg,D:\GP\EALPR Vechicles dataset\Vehicles\0655.jpg,False,,365,483,553,581,N/A,0.11,0.0
0656.jpg,D:\GP\EALPR Vechicles dataset\Vehicles\0656.jpg,False,,367,555,488,616,N/A,0.11,0.0
0657.jpg,D:\GP\EALPR Vechicles dataset\Vehicles\0657.jpg,False,,330,418,508,507,N/A,0.09,0.0
0658.jpg,D:\GP\EALPR Vechicles dataset\Vehicles\0658.jpg,False,,351,669,588,787,N/A,0.12,0.0
0659.jpg,D:\GP\EALPR Vechicles dataset\Vehicles\0659.jpg,False,,406,672,553,740,N/A,0.11,0.0
0660.jpg,D:\GP\EALPR Vechicles dataset\Vehicles\0660.jpg,False,,306,440,419,498,N/A,0.11,0.0
0661.jpg,D:\GP\EALPR Vechicles dataset\Vehicles\0661.jpg,False,,272,618,496,735,N/A,0.11,0.0
0662.jpg,D:\GP\EALPR Vechicles dataset\Vehicles\0662.jpg,False,,340,614,485,689,N/A,0.09,0.0
0663.jpg,D:\GP\EALPR Vechicles dataset\Vehicles\0663.jpg,False,,343,606,516,682,N/A,0.10,0.0
0664.jpg,D:\GP\EALPR Vechicles dataset\Vehicles\0664.jpg,False,,409,692,638,808,N/A,0.13,0.0
0665.jpg,D:\GP\EALPR Vechicles dataset\Vehicles\0665.jpg,False,,362,485,534,581,N/A,0.13,0.0
0666.jpg,D:\GP\EALPR Vechicles dataset\Vehicles\0666.jpg,False,,437,353,594,450,N/A,0.10,0.0
0667.jpg,D:\GP\EALPR Vechicles dataset\Vehicles\0667.jpg,False,,388,516,576,609,N/A,0.15,0.0
0668.jpg,D:\GP\EALPR Vechicles dataset\Vehicles\0668.jpg,False,,439,652,580,724,N/A,0.13,0.0
0669.jpg,D:\GP\EALPR Vechicles dataset\Vehicles\0669.jpg,False,,301,747,486,822,N/A,0.12,0.0
0670.jpg,D:\GP\EALPR Vechicles dataset\Vehicles\0670.jpg,False,,294,422,463,509,N/A,0.10,0.0
0671.jpg,D:\GP\EALPR Vechicles dataset\Vehicles\0671.jpg,False,,381,612,626,738,N/A,0.19,0.0
0672.jpg,D:\GP\EALPR Vechicles dataset\Vehicles\0672.jpg,False,,368,533,599,649,N/A,0.24,0.0
0673.jpg,D:\GP\EALPR Vechicles dataset\Vehicles\0673.jpg,False,,177,560,261,607,N/A,0.22,0.0
0674.jpg,D:\GP\EALPR Vechicles dataset\Vehicles\0674.jpg,False,,262,377,435,465,N/A,0.18,0.0
0675.jpg,D:\GP\EALPR Vechicles dataset\Vehicles\0675.jpg,False,,213,455,363,534,N/A,0.13,0.0
0676.jpg,D:\GP\EALPR Vechicles dataset\Vehicles\0676.jpg,False,,508,535,621,595,N/A,0.15,0.0
0677.jpg,D:\GP\EALPR Vechicles dataset\Vehicles\0677.jpg,False,,278,420,457,516,N/A,0.14,0.0
0678.jpg,D:\GP\EALPR Vechicles dataset\Vehicles\0678.jpg,False,,370,516,564,612,N/A,0.18,0.0
0679.jpg,D:\GP\EALPR Vechicles dataset\Vehicles\0679.jpg,False,,560,466,775,576,N/A,0.16,0.0
0680.jpg,D:\GP\EALPR Vechicles dataset\Vehicles\0680.jpg,False,,375,533,596,638,N/A,0.13,0.0
0681.jpg,D:\GP\EALPR Vechicles dataset\Vehicles\0681.jpg,False,,324,432,413,481,N/A,0.14,0.0
0682.jpg,D:\GP\EALPR Vechicles dataset\Vehicles\0682.jpg,False,,781,554,973,650,N/A,0.18,0.0
0683.jpg,D:\GP\EALPR Vechicles dataset\Vehicles\0683.jpg,False,,491,339,699,444,N/A,0.12,0.0
0684.jpg,D:\GP\EALPR Vechicles dataset\Vehicles\0684.jpg,False,,317,389,416,435,N/A,0.19,0.0
0685.jpg,D:\GP\EALPR Vechicles dataset\Vehicles\0685.jpg,False,,363,511,481,571,N/A,0.23,0.0
0686.jpg,D:\GP\EALPR Vechicles dataset\Vehicles\0686.jpg,False,,136,385,342,490,N/A,0.11,0.0
0687.jpg,D:\GP\EALPR Vechicles dataset\Vehicles\0687.jpg,False,,348,684,591,807,N/A,0.18,0.0
0688.jpg,D:\GP\EALPR Vechicles dataset\Vehicles\0688.jpg,False,,572,675,736,768,N/A,0.25,0.0
0689.jpg,D:\GP\EALPR Vechicles dataset\Vehicles\0689.jpg,False,,150,193,872,576,N/A,0.19,0.0
0690.jpg,D:\GP\EALPR Vechicles dataset\Vehicles\0690.jpg,False,,462,343,649,449,N/A,0.23,0.0
0691.jpg,D:\GP\EALPR Vechicles dataset\Vehicles\0691.jpg,False,,339,155,547,267,N/A,0.11,0.0
0692.jpg,D:\GP\EALPR Vechicles dataset\Vehicles\0692.jpg,False,,471,413,588,497,N/A,0.43,0.0
0693.jpg,D:\GP\EALPR Vechicles dataset\Vehicles\0693.jpg,False,,317,692,452,772,N/A,0.42,0.0
0694.jpg,D:\GP\EALPR Vechicles dataset\Vehicles\0694.jpg,False,,528,464,669,539,N/A,0.24,0.0
0695.jpg,D:\GP\EALPR Vechicles dataset\Vehicles\0695.jpg,False,,567,390,665,454,N/A,0.19,0.0
0696.jpg,D:\GP\EALPR Vechicles dataset\Vehicles\0696.jpg,False,,195,266,362,348,N/A,0.18,0.0
0697.jpg,D:\GP\EALPR Vechicles dataset\Vehicles\0697.jpg,False,,341,161,621,308,N/A,0.25,0.0
0698.jpg,D:\GP\EALPR Vechicles dataset\Vehicles\0698.jpg,False,,445,712,636,817,N/A,0.19,0.0
0699.jpg,D:\GP\EALPR Vechicles dataset\Vehicles\0699.jpg,False,,277,251,399,313,N/A,0.15,0.0
0700.jpg,D:\GP\EALPR Vechicles dataset\Vehicles\0700.jpg,False,,349,673,600,803,N/A,0.16,0.0
0701.jpg,D:\GP\EALPR Vechicles dataset\Vehicles\0701.jpg,False,,383,363,557,454,N/A,0.17,0.0
0702.jpg,D:\GP\EALPR Vechicles dataset\Vehicles\0702.jpg,False,,301,291,459,375,N/A,0.14,0.0
0703.jpg,D:\GP\EALPR Vechicles dataset\Vehicles\0703.jpg,False,,349,257,427,299,N/A,0.11,0.0
0704.jpg,D:\GP\EALPR Vechicles dataset\Vehicles\0704.jpg,False,,290,288,435,364,N/A,0.13,0.0
0705.jpg,D:\GP\EALPR Vechicles dataset\Vehicles\0705.jpg,False,,433,355,575,426,N/A,0.10,0.0
0706.jpg,D:\GP\EALPR Vechicles dataset\Vehicles\0706.jpg,False,,249,269,422,361,N/A,0.14,0.0
0707.jpg,D:\GP\EALPR Vechicles dataset\Vehicles\0707.jpg,False,,430,374,588,455,N/A,0.13,0.0
0708.jpg,D:\GP\EALPR Vechicles dataset\Vehicles\0708.jpg,False,,231,169,429,280,N/A,0.13,0.0
0709.jpg,D:\GP\EALPR Vechicles dataset\Vehicles\0709.jpg,False,,165,474,309,559,N/A,0.17,0.0
0710.jpg,D:\GP\EALPR Vechicles dataset\Vehicles\0710.jpg,False,,177,125,488,290,N/A,0.11,0.0
0711.jpg,D:\GP\EALPR Vechicles dataset\Vehicles\0711.jpg,False,,355,717,610,850,N/A,0.13,0.0
0712.jpg,D:\GP\EALPR Vechicles dataset\Vehicles\0712.jpg,False,,358,258,510,346,N/A,0.14,0.0
0713.jpg,D:\GP\EALPR Vechicles dataset\Vehicles\0713.jpg,False,,276,379,371,430,N/A,0.13,0.0
0714.jpg,D:\GP\EALPR Vechicles dataset\Vehicles\0714.jpg,False,,367,274,501,346,N/A,0.11,0.0
0715.jpg,D:\GP\EALPR Vechicles dataset\Vehicles\0715.jpg,False,,284,504,385,562,N/A,0.12,0.0
0716.jpg,D:\GP\EALPR Vechicles dataset\Vehicles\0716.jpg,False,,179,170,389,275,N/A,0.11,0.0
0717.jpg,D:\GP\EALPR Vechicles dataset\Vehicles\0717.jpg,False,,560,811,771,933,N/A,0.12,0.0
0718.jpg,D:\GP\EALPR Vechicles dataset\Vehicles\0718.jpg,False,,356,170,505,253,N/A,0.19,0.0
0719.jpg,D:\GP\EALPR Vechicles dataset\Vehicles\0719.jpg,False,,87,439,174,502,N/A,0.13,0.0
0720.jpg,D:\GP\EALPR Vechicles dataset\Vehicles\0720.jpg,False,,173,488,448,631,N/A,0.12,0.0
0721.jpg,D:\GP\EALPR Vechicles dataset\Vehicles\0721.jpg,False,,333,763,567,861,N/A,0.11,0.0
0722.jpg,D:\GP\EALPR Vechicles dataset\Vehicles\0722.jpg,False,,334,257,516,352,N/A,0.11,0.0
0723.jpg,D:\GP\EALPR Vechicles dataset\Vehicles\0723.jpg,False,,317,371,459,442,N/A,0.11,0.0
0724.jpg,D:\GP\EALPR Vechicles dataset\Vehicles\0724.jpg,False,,291,304,422,371,N/A,0.12,0.0
0725.jpg,D:\GP\EALPR Vechicles dataset\Vehicles\0725.jpg,False,,302,293,412,350,N/A,0.11,0.0
0726.jpg,D:\GP\EALPR Vechicles dataset\Vehicles\0726.jpg,False,,280,167,442,250,N/A,0.08,0.0
0727.jpg,D:\GP\EALPR Vechicles dataset\Vehicles\0727.jpg,False,,170,324,311,403,N/A,0.10,0.0
0728.jpg,D:\GP\EALPR Vechicles dataset\Vehicles\0728.jpg,False,,165,403,253,462,N/A,0.13,0.0
0729.jpg,D:\GP\EALPR Vechicles dataset\Vehicles\0729.jpg,False,,232,749,427,847,N/A,0.11,0.0
0730.jpg,D:\GP\EALPR Vechicles dataset\Vehicles\0730.jpg,False,,528,632,672,712,N/A,0.11,0.0
0731.jpg,D:\GP\EALPR Vechicles dataset\Vehicles\0731.jpg,False,,302,542,472,613,N/A,0.11,0.0
0732.jpg,D:\GP\EALPR Vechicles dataset\Vehicles\0732.jpg,False,,273,314,397,377,N/A,0.12,0.0
0733.jpg,D:\GP\EALPR Vechicles dataset\Vehicles\0733.jpg,False,,330,470,465,539,N/A,0.12,0.0
0734.jpg,D:\GP\EALPR Vechicles dataset\Vehicles\0734.jpg,False,,304,630,492,721,N/A,0.12,0.0
0735.jpg,D:\GP\EALPR Vechicles dataset\Vehicles\0735.jpg,False,,267,429,346,470,N/A,0.11,0.0
0736.jpg,D:\GP\EALPR Vechicles dataset\Vehicles\0736.jpg,False,,432,355,575,427,N/A,0.09,0.0
0737.jpg,D:\GP\EALPR Vechicles dataset\Vehicles\0737.jpg,False,,379,465,600,582,N/A,0.13,0.0
0738.jpg,D:\GP\EALPR Vechicles dataset\Vehicles\0738.jpg,False,,433,815,684,938,N/A,0.13,0.0
0739.jpg,D:\GP\EALPR Vechicles dataset\Vehicles\0739.jpg,False,,442,726,682,845,N/A,0.15,0.0
0740.jpg,D:\GP\EALPR Vechicles dataset\Vehicles\0740.jpg,False,,410,746,567,829,N/A,0.15,0.0
0741.jpg,D:\GP\EALPR Vechicles dataset\Vehicles\0741.jpg,False,,492,658,739,797,N/A,0.17,0.0
0742.jpg,D:\GP\EALPR Vechicles dataset\Vehicles\0742.jpg,False,,213,250,289,291,N/A,0.13,0.0
0743.jpg,D:\GP\EALPR Vechicles dataset\Vehicles\0743.jpg,False,,424,346,618,447,N/A,0.13,0.0
0744.jpg,D:\GP\EALPR Vechicles dataset\Vehicles\0744.jpg,False,,461,476,726,616,N/A,0.13,0.0
0745.jpg,D:\GP\EALPR Vechicles dataset\Vehicles\0745.jpg,False,,302,424,391,475,N/A,0.13,0.0
0746.jpg,D:\GP\EALPR Vechicles dataset\Vehicles\0746.jpg,False,,510,527,694,621,N/A,0.15,0.0
0747.jpg,D:\GP\EALPR Vechicles dataset\Vehicles\0747.jpg,False,,323,300,450,367,N/A,0.15,0.0
0748.jpg,D:\GP\EALPR Vechicles dataset\Vehicles\0748.jpg,False,,252,269,372,330,N/A,0.12,0.0
0749.jpg,D:\GP\EALPR Vechicles dataset\Vehicles\0749.jpg,False,,377,316,495,393,N/A,0.11,0.0
0750.jpg,D:\GP\EALPR Vechicles dataset\Vehicles\0750.jpg,False,,454,489,619,581,N/A,0.14,0.0
0751.jpg,D:\GP\EALPR Vechicles dataset\Vehicles\0751.jpg,False,,421,609,655,726,N/A,0.22,0.0
0752.jpg,D:\GP\EALPR Vechicles dataset\Vehicles\0752.jpg,False,,267,455,391,522,N/A,0.20,0.0
0753.jpg,D:\GP\EALPR Vechicles dataset\Vehicles\0753.jpg,False,,431,452,539,510,N/A,0.14,0.0
0754.jpg,D:\GP\EALPR Vechicles dataset\Vehicles\0754.jpg,False,,432,611,621,697,N/A,0.13,0.0
0755.jpg,D:\GP\EALPR Vechicles dataset\Vehicles\0755.jpg,False,,553,653,805,792,N/A,0.17,0.0
0756.jpg,D:\GP\EALPR Vechicles dataset\Vehicles\0756.jpg,False,,253,451,406,543,N/A,0.12,0.0
0757.jpg,D:\GP\EALPR Vechicles dataset\Vehicles\0757.jpg,False,,205,541,559,688,N/A,0.12,0.0
0758.jpg,D:\GP\EALPR Vechicles dataset\Vehicles\0758.jpg,False,,281,277,388,334,N/A,0.13,0.0
0759.jpg,D:\GP\EALPR Vechicles dataset\Vehicles\0759.jpg,False,,596,605,739,699,N/A,0.14,0.0
0760.jpg,D:\GP\EALPR Vechicles dataset\Vehicles\0760.jpg,False,,213,662,365,751,N/A,0.15,0.0
0761.jpg,D:\GP\EALPR Vechicles dataset\Vehicles\0761.jpg,False,,139,422,283,504,N/A,0.11,0.0
0762.jpg,D:\GP\EALPR Vechicles dataset\Vehicles\0762.jpg,False,,125,293,223,350,N/A,0.10,0.0
0763.jpg,D:\GP\EALPR Vechicles dataset\Vehicles\0763.jpg,False,,643,266,767,353,N/A,0.09,0.0
0764.jpg,D:\GP\EALPR Vechicles dataset\Vehicles\0764.jpg,False,,162,306,299,389,N/A,0.10,0.0
0765.jpg,D:\GP\EALPR Vechicles dataset\Vehicles\0765.jpg,False,,475,255,537,288,N/A,0.07,0.0
0766.jpg,D:\GP\EALPR Vechicles dataset\Vehicles\0766.jpg,False,,362,568,501,634,N/A,0.15,0.0
0767.jpg,D:\GP\EALPR Vechicles dataset\Vehicles\0767.jpg,False,,447,796,588,870,N/A,0.12,0.0
0768.jpg,D:\GP\EALPR Vechicles dataset\Vehicles\0768.jpg,False,,289,487,391,537,N/A,0.11,0.0
0769.jpg,D:\GP\EALPR Vechicles dataset\Vehicles\0769.jpg,False,,363,606,529,676,N/A,0.10,0.0
0770.jpg,D:\GP\EALPR Vechicles dataset\Vehicles\0770.jpg,False,,222,434,338,499,N/A,0.15,0.0
0771.jpg,D:\GP\EALPR Vechicles dataset\Vehicles\0771.jpg,False,,330,472,465,540,N/A,0.12,0.0
0772.jpg,D:\GP\EALPR Vechicles dataset\Vehicles\0772.jpg,False,,240,406,357,467,N/A,0.12,0.0
0773.jpg,D:\GP\EALPR Vechicles dataset\Vehicles\0773.jpg,False,,284,505,385,562,N/A,0.13,0.0
0774.jpg,D:\GP\EALPR Vechicles dataset\Vehicles\0774.jpg,False,,302,366,435,434,N/A,0.16,0.0
0775.jpg,D:\GP\EALPR Vechicles dataset\Vehicles\0775.jpg,False,,260,391,343,435,N/A,0.14,0.0
0776.jpg,D:\GP\EALPR Vechicles dataset\Vehicles\0776.jpg,False,,399,295,506,352,N/A,0.12,0.0
0777.jpg,D:\GP\EALPR Vechicles dataset\Vehicles\0777.jpg,False,,301,542,472,613,N/A,0.12,0.0
0778.jpg,D:\GP\EALPR Vechicles dataset\Vehicles\0778.jpg,False,,254,505,369,563,N/A,0.13,0.0
0779.jpg,D:\GP\EALPR Vechicles dataset\Vehicles\0779.jpg,False,,283,330,426,403,N/A,0.17,0.0
0780.jpg,D:\GP\EALPR Vechicles dataset\Vehicles\0780.jpg,False,,261,467,412,539,N/A,0.12,0.0
0781.jpg,D:\GP\EALPR Vechicles dataset\Vehicles\0781.jpg,False,,170,324,311,403,N/A,0.13,0.0
0782.jpg,D:\GP\EALPR Vechicles dataset\Vehicles\0782.jpg,False,,207,812,520,972,N/A,0.13,0.0
0783.jpg,D:\GP\EALPR Vechicles dataset\Vehicles\0783.jpg,False,,266,330,354,377,N/A,0.13,0.0
0784.jpg,D:\GP\EALPR Vechicles dataset\Vehicles\0784.jpg,False,,302,293,412,350,N/A,0.12,0.0
0785.jpg,D:\GP\EALPR Vechicles dataset\Vehicles\0785.jpg,False,,412,639,556,714,N/A,0.14,0.0
0786.jpg,D:\GP\EALPR Vechicles dataset\Vehicles\0786.jpg,False,,435,225,527,278,N/A,0.11,0.0
0787.jpg,D:\GP\EALPR Vechicles dataset\Vehicles\0787.jpg,False,,386,281,555,369,N/A,0.12,0.0
0788.jpg,D:\GP\EALPR Vechicles dataset\Vehicles\0788.jpg,False,,310,417,465,486,N/A,0.11,0.0
0789.jpg,D:\GP\EALPR Vechicles dataset\Vehicles\0789.jpg,False,,250,397,370,463,N/A,0.12,0.0
0790.jpg,D:\GP\EALPR Vechicles dataset\Vehicles\0790.jpg,False,,241,392,379,452,N/A,0.10,0.0
0791.jpg,D:\GP\EALPR Vechicles dataset\Vehicles\0791.jpg,False,,158,354,251,404,N/A,0.12,0.0
0792.jpg,D:\GP\EALPR Vechicles dataset\Vehicles\0792.jpg,False,,235,360,433,458,N/A,0.10,0.0
0793.jpg,D:\GP\EALPR Vechicles dataset\Vehicles\0793.jpg,False,,226,218,361,283,N/A,0.10,0.0
0794.jpg,D:\GP\EALPR Vechicles dataset\Vehicles\0794.jpg,False,,207,358,306,410,N/A,0.10,0.0
0795.jpg,D:\GP\EALPR Vechicles dataset\Vehicles\0795.jpg,False,,239,347,346,404,N/A,0.10,0.0
0796.jpg,D:\GP\EALPR Vechicles dataset\Vehicles\0796.jpg,False,,523,843,697,936,N/A,0.13,0.0
0797.jpg,D:\GP\EALPR Vechicles dataset\Vehicles\0797.jpg,False,,217,197,326,253,N/A,0.10,0.0
0798.jpg,D:\GP\EALPR Vechicles dataset\Vehicles\0798.jpg,False,,280,274,386,329,N/A,0.11,0.0
0799.jpg,D:\GP\EALPR Vechicles dataset\Vehicles\0799.jpg,False,,787,359,906,437,N/A,0.09,0.0
0800.jpg,D:\GP\EALPR Vechicles dataset\Vehicles\0800.jpg,False,,246,285,349,344,N/A,0.11,0.0
0801.jpg,D:\GP\EALPR Vechicles dataset\Vehicles\0801.jpg,False,,326,149,437,205,N/A,0.09,0.0
0802.jpg,D:\GP\EALPR Vechicles dataset\Vehicles\0802.jpg,False,,142,432,196,466,N/A,0.12,0.0
0803.jpg,D:\GP\EALPR Vechicles dataset\Vehicles\0803.jpg,False,,467,547,595,614,N/A,0.14,0.0
0804.jpg,D:\GP\EALPR Vechicles dataset\Vehicles\0804.jpg,False,,331,765,478,842,N/A,0.15,0.0
0805.jpg,D:\GP\EALPR Vechicles dataset\Vehicles\0805.jpg,False,,294,380,442,452,N/A,0.08,0.0
0806.jpg,D:\GP\EALPR Vechicles dataset\Vehicles\0806.jpg,False,,180,185,276,235,N/A,0.10,0.0
0807.jpg,D:\GP\EALPR Vechicles dataset\Vehicles\0807.jpg,False,,273,251,396,313,N/A,0.11,0.0
0808.jpg,D:\GP\EALPR Vechicles dataset\Vehicles\0808.jpg,False,,831,351,873,376,N/A,0.08,0.0
0809.jpg,D:\GP\EALPR Vechicles dataset\Vehicles\0809.jpg,False,,337,366,411,403,N/A,0.11,0.0
0810.jpg,D:\GP\EALPR Vechicles dataset\Vehicles\0810.jpg,False,,400,603,596,701,N/A,0.12,0.0
0811.jpg,D:\GP\EALPR Vechicles dataset\Vehicles\0811.jpg,False,,589,651,717,713,N/A,0.13,0.0
0812.jpg,D:\GP\EALPR Vechicles dataset\Vehicles\0812.jpg,False,,345,599,460,664,N/A,0.12,0.0
0813.jpg,D:\GP\EALPR Vechicles dataset\Vehicles\0813.jpg,False,,232,411,370,486,N/A,0.11,0.0
0814.jpg,D:\GP\EALPR Vechicles dataset\Vehicles\0814.jpg,False,,8,258,138,339,N/A,0.10,0.0
0815.jpg,D:\GP\EALPR Vechicles dataset\Vehicles\0815.jpg,False,,445,261,627,353,N/A,0.08,0.0
0816.jpg,D:\GP\EALPR Vechicles dataset\Vehicles\0816.jpg,False,,383,429,528,502,N/A,0.13,0.0
0817.jpg,D:\GP\EALPR Vechicles dataset\Vehicles\0817.jpg,False,,394,391,535,464,N/A,0.11,0.0
0818.jpg,D:\GP\EALPR Vechicles dataset\Vehicles\0818.jpg,False,,373,275,451,321,N/A,0.11,0.0
0819.jpg,D:\GP\EALPR Vechicles dataset\Vehicles\0819.jpg,False,,268,472,363,519,N/A,0.13,0.0
0820.jpg,D:\GP\EALPR Vechicles dataset\Vehicles\0820.jpg,False,,424,183,534,241,N/A,0.08,0.0
0821.jpg,D:\GP\EALPR Vechicles dataset\Vehicles\0821.jpg,False,,433,403,644,512,N/A,0.12,0.0
0822.jpg,D:\GP\EALPR Vechicles dataset\Vehicles\0822.jpg,False,,245,317,393,394,N/A,0.11,0.0
0823.jpg,D:\GP\EALPR Vechicles dataset\Vehicles\0823.jpg,False,,290,288,435,364,N/A,0.11,0.0
0824.jpg,D:\GP\EALPR Vechicles dataset\Vehicles\0824.jpg,False,,300,291,459,375,N/A,0.11,0.0
0825.jpg,D:\GP\EALPR Vechicles dataset\Vehicles\0825.jpg,False,,266,450,380,509,N/A,0.11,0.0
0826.jpg,D:\GP\EALPR Vechicles dataset\Vehicles\0826.jpg,False,,278,204,340,238,N/A,0.11,0.0
0827.jpg,D:\GP\EALPR Vechicles dataset\Vehicles\0827.jpg,False,,383,363,557,454,N/A,0.11,0.0
0828.jpg,D:\GP\EALPR Vechicles dataset\Vehicles\0828.jpg,False,,150,251,219,290,N/A,0.11,0.0
0829.jpg,D:\GP\EALPR Vechicles dataset\Vehicles\0829.jpg,False,,442,891,663,999,N/A,0.11,0.0
0830.jpg,D:\GP\EALPR Vechicles dataset\Vehicles\0830.jpg,False,,397,216,497,272,N/A,0.12,0.0
0831.jpg,D:\GP\EALPR Vechicles dataset\Vehicles\0831.jpg,False,,231,169,430,280,N/A,0.12,0.0
0832.jpg,D:\GP\EALPR Vechicles dataset\Vehicles\0832.jpg,False,,162,306,299,389,N/A,0.10,0.0
0833.jpg,D:\GP\EALPR Vechicles dataset\Vehicles\0833.jpg,False,,440,397,667,517,N/A,0.12,0.0
0834.jpg,D:\GP\EALPR Vechicles dataset\Vehicles\0834.jpg,False,,181,403,403,516,N/A,0.11,0.0
0835.jpg,D:\GP\EALPR Vechicles dataset\Vehicles\0835.jpg,False,,357,576,504,650,N/A,0.10,0.0
0836.jpg,D:\GP\EALPR Vechicles dataset\Vehicles\0836.jpg,False,,727,241,886,340,N/A,0.09,0.0
0837.jpg,D:\GP\EALPR Vechicles dataset\Vehicles\0837.jpg,False,,567,454,693,520,N/A,0.12,0.0
0838.jpg,D:\GP\EALPR Vechicles dataset\Vehicles\0838.jpg,False,,487,533,678,634,N/A,0.11,0.0
0839.jpg,D:\GP\EALPR Vechicles dataset\Vehicles\0839.jpg,False,,330,582,503,667,N/A,0.10,0.0
0840.jpg,D:\GP\EALPR Vechicles dataset\Vehicles\0840.jpg,False,,378,486,570,591,N/A,0.11,0.0
0841.jpg,D:\GP\EALPR Vechicles dataset\Vehicles\0841.jpg,False,,329,494,905,764,N/A,0.11,0.0
0842.jpg,D:\GP\EALPR Vechicles dataset\Vehicles\0842.jpg,False,,378,540,544,626,N/A,0.16,0.0
0843.jpg,D:\GP\EALPR Vechicles dataset\Vehicles\0843.jpg,False,,280,602,429,672,N/A,0.09,0.0
0844.jpg,D:\GP\EALPR Vechicles dataset\Vehicles\0844.jpg,False,,327,487,448,551,N/A,0.11,0.0
0845.jpg,D:\GP\EALPR Vechicles dataset\Vehicles\0845.jpg,False,,267,385,534,529,N/A,0.11,0.0
0846.jpg,D:\GP\EALPR Vechicles dataset\Vehicles\0846.jpg,False,,447,612,645,716,N/A,0.12,0.0
0847.jpg,D:\GP\EALPR Vechicles dataset\Vehicles\0847.jpg,False,,420,872,663,977,N/A,0.12,0.0
0848.jpg,D:\GP\EALPR Vechicles dataset\Vehicles\0848.jpg,False,,387,494,586,600,N/A,0.12,0.0
0849.jpg,D:\GP\EALPR Vechicles dataset\Vehicles\0849.jpg,False,,321,413,453,479,N/A,0.11,0.0
0850.jpg,D:\GP\EALPR Vechicles dataset\Vehicles\0850.jpg,False,,218,487,366,565,N/A,0.10,0.0
0851.jpg,D:\GP\EALPR Vechicles dataset\Vehicles\0851.jpg,False,,369,517,656,670,N/A,0.11,0.0
0852.jpg,D:\GP\EALPR Vechicles dataset\Vehicles\0852.jpg,False,,480,554,743,693,N/A,0.13,0.0
0853.jpg,D:\GP\EALPR Vechicles dataset\Vehicles\0853.jpg,False,,292,203,404,262,N/A,0.12,0.0
0854.jpg,D:\GP\EALPR Vechicles dataset\Vehicles\0854.jpg,False,,436,339,671,454,N/A,0.11,0.0
0855.jpg,D:\GP\EALPR Vechicles dataset\Vehicles\0855.jpg,False,,532,931,735,1040,N/A,0.13,0.0
0856.jpg,D:\GP\EALPR Vechicles dataset\Vehicles\0856.jpg,False,,364,681,635,808,N/A,0.14,0.0
0857.jpg,D:\GP\EALPR Vechicles dataset\Vehicles\0857.jpg,False,,373,477,636,610,N/A,0.13,0.0
0858.jpg,D:\GP\EALPR Vechicles dataset\Vehicles\0858.jpg,False,,416,836,622,945,N/A,0.14,0.0
0859.jpg,D:\GP\EALPR Vechicles dataset\Vehicles\0859.jpg,False,,492,453,681,547,N/A,0.15,0.0
0860.jpg,D:\GP\EALPR Vechicles dataset\Vehicles\0860.jpg,False,,486,271,720,401,N/A,0.11,0.0
0861.jpg,D:\GP\EALPR Vechicles dataset\Vehicles\0861.jpg,False,,447,566,683,682,N/A,0.13,0.0
0862.jpg,D:\GP\EALPR Vechicles dataset\Vehicles\0862.jpg,False,,383,352,590,457,N/A,0.12,0.0
0863.jpg,D:\GP\EALPR Vechicles dataset\Vehicles\0863.jpg,False,,351,466,513,547,N/A,0.14,0.0
0864.jpg,D:\GP\EALPR Vechicles dataset\Vehicles\0864.jpg,False,,241,236,345,290,N/A,0.10,0.0
0865.jpg,D:\GP\EALPR Vechicles dataset\Vehicles\0865.jpg,False,,308,597,459,677,N/A,0.12,0.0
0866.jpg,D:\GP\EALPR Vechicles dataset\Vehicles\0866.jpg,False,,201,712,440,856,N/A,0.12,0.0
0867.jpg,D:\GP\EALPR Vechicles dataset\Vehicles\0867.jpg,False,,421,296,558,366,N/A,0.08,0.0
0868.jpg,D:\GP\EALPR Vechicles dataset\Vehicles\0868.jpg,False,,397,372,634,496,N/A,0.11,0.0
0869.jpg,D:\GP\EALPR Vechicles dataset\Vehicles\0869.jpg,False,,334,257,517,352,N/A,0.12,0.0
0870.jpg,D:\GP\EALPR Vechicles dataset\Vehicles\0870.jpg,False,,230,197,333,251,N/A,0.11,0.0
0871.jpg,D:\GP\EALPR Vechicles dataset\Vehicles\0871.jpg,False,,366,362,638,499,N/A,0.09,0.0
0872.jpg,D:\GP\EALPR Vechicles dataset\Vehicles\0872.jpg,False,,169,865,343,998,N/A,0.13,0.0
0873.jpg,D:\GP\EALPR Vechicles dataset\Vehicles\0873.jpg,False,,379,301,576,413,N/A,0.09,0.0
0874.jpg,D:\GP\EALPR Vechicles dataset\Vehicles\0874.jpg,False,,287,635,437,706,N/A,0.13,0.0
0875.jpg,D:\GP\EALPR Vechicles dataset\Vehicles\0875.jpg,False,,433,506,641,615,N/A,0.13,0.0
0876.jpg,D:\GP\EALPR Vechicles dataset\Vehicles\0876.jpg,False,,433,333,674,459,N/A,0.11,0.0
0877.jpg,D:\GP\EALPR Vechicles dataset\Vehicles\0877.jpg,False,,423,688,617,787,N/A,0.13,0.0
0878.jpg,D:\GP\EALPR Vechicles dataset\Vehicles\0878.jpg,False,,301,319,410,376,N/A,0.11,0.0
0879.jpg,D:\GP\EALPR Vechicles dataset\Vehicles\0879.jpg,False,,401,545,653,669,N/A,0.11,0.0
0880.jpg,D:\GP\EALPR Vechicles dataset\Vehicles\0880.jpg,False,,388,631,653,762,N/A,0.12,0.0
0881.jpg,D:\GP\EALPR Vechicles dataset\Vehicles\0881.jpg,False,,448,504,642,605,N/A,0.14,0.0
0882.jpg,D:\GP\EALPR Vechicles dataset\Vehicles\0882.jpg,False,,344,328,455,384,N/A,0.11,0.0
0883.jpg,D:\GP\EALPR Vechicles dataset\Vehicles\0883.jpg,False,,489,451,558,490,N/A,0.12,0.0
0884.jpg,D:\GP\EALPR Vechicles dataset\Vehicles\0884.jpg,False,,476,449,669,548,N/A,0.13,0.0
0885.jpg,D:\GP\EALPR Vechicles dataset\Vehicles\0885.jpg,False,,352,610,501,696,N/A,0.14,0.0
0886.jpg,D:\GP\EALPR Vechicles dataset\Vehicles\0886.jpg,False,,644,579,818,670,N/A,0.17,0.0
0887.jpg,D:\GP\EALPR Vechicles dataset\Vehicles\0887.jpg,False,,576,474,770,569,N/A,0.12,0.0
0888.jpg,D:\GP\EALPR Vechicles dataset\Vehicles\0888.jpg,False,,380,486,561,579,N/A,0.13,0.0
0889.jpg,D:\GP\EALPR Vechicles dataset\Vehicles\0889.jpg,False,,513,590,746,711,N/A,0.11,0.0
0890.jpg,D:\GP\EALPR Vechicles dataset\Vehicles\0890.jpg,False,,366,498,638,639,N/A,0.13,0.0
0891.jpg,D:\GP\EALPR Vechicles dataset\Vehicles\0891.jpg,False,,454,299,597,373,N/A,0.11,0.0
0892.jpg,D:\GP\EALPR Vechicles dataset\Vehicles\0892.jpg,False,,240,252,342,303,N/A,0.10,0.0
0893.jpg,D:\GP\EALPR Vechicles dataset\Vehicles\0893.jpg,False,,259,554,432,648,N/A,0.11,0.0
0894.jpg,D:\GP\EALPR Vechicles dataset\Vehicles\0894.jpg,False,,521,421,710,523,N/A,0.08,0.0
0895.jpg,D:\GP\EALPR Vechicles dataset\Vehicles\0895.jpg,False,,402,319,551,400,N/A,0.12,0.0
0896.jpg,D:\GP\EALPR Vechicles dataset\Vehicles\0896.jpg,False,,367,685,598,805,N/A,0.14,0.0
0897.jpg,D:\GP\EALPR Vechicles dataset\Vehicles\0897.jpg,False,,351,428,443,479,N/A,0.10,0.0
0898.jpg,D:\GP\EALPR Vechicles dataset\Vehicles\0898.jpg,False,,355,416,597,542,N/A,0.12,0.0
0899.jpg,D:\GP\EALPR Vechicles dataset\Vehicles\0899.jpg,False,,402,337,692,485,N/A,0.08,0.0
0900.jpg,D:\GP\EALPR Vechicles dataset\Vehicles\0900.jpg,False,,458,440,696,566,N/A,0.11,0.0
0901.jpg,D:\GP\EALPR Vechicles dataset\Vehicles\0901.jpg,False,,274,613,480,724,N/A,0.13,0.0
0902.jpg,D:\GP\EALPR Vechicles dataset\Vehicles\0902.jpg,False,,407,142,569,228,N/A,0.08,0.0
0903.jpg,D:\GP\EALPR Vechicles dataset\Vehicles\0903.jpg,False,,409,746,663,856,N/A,0.12,0.0
0904.jpg,D:\GP\EALPR Vechicles dataset\Vehicles\0904.jpg,False,,364,335,618,471,N/A,0.09,0.0
0905.jpg,D:\GP\EALPR Vechicles dataset\Vehicles\0905.jpg,False,,364,662,591,773,N/A,0.12,0.0
0906.jpg,D:\GP\EALPR Vechicles dataset\Vehicles\0906.jpg,False,,440,186,599,263,N/A,0.10,0.0
0907.jpg,D:\GP\EALPR Vechicles dataset\Vehicles\0907.jpg,False,,499,581,740,708,N/A,0.12,0.0
0908.jpg,D:\GP\EALPR Vechicles dataset\Vehicles\0908.jpg,False,,228,446,366,520,N/A,0.11,0.0
0909.jpg,D:\GP\EALPR Vechicles dataset\Vehicles\0909.jpg,False,,400,426,596,526,N/A,0.12,0.0
0910.jpg,D:\GP\EALPR Vechicles dataset\Vehicles\0910.jpg,False,,482,521,640,594,N/A,0.08,0.0
0911.jpg,D:\GP\EALPR Vechicles dataset\Vehicles\0911.jpg,False,,424,588,672,710,N/A,0.15,0.0
0912.jpg,D:\GP\EALPR Vechicles dataset\Vehicles\0912.jpg,False,,340,522,504,626,N/A,0.15,0.0
0913.jpg,D:\GP\EALPR Vechicles dataset\Vehicles\0913.jpg,False,,174,716,336,841,N/A,0.15,0.0
0914.jpg,D:\GP\EALPR Vechicles dataset\Vehicles\0914.jpg,False,,407,739,660,862,N/A,0.13,0.0
0915.jpg,D:\GP\EALPR Vechicles dataset\Vehicles\0915.jpg,False,,205,421,328,517,N/A,0.13,0.0
0916.jpg,D:\GP\EALPR Vechicles dataset\Vehicles\0916.jpg,False,,171,492,326,584,N/A,0.14,0.0
0917.jpg,D:\GP\EALPR Vechicles dataset\Vehicles\0917.jpg,False,,383,181,698,346,N/A,0.12,0.0
0918.jpg,D:\GP\EALPR Vechicles dataset\Vehicles\0918.jpg,False,,327,359,522,462,N/A,0.11,0.0
0919.jpg,D:\GP\EALPR Vechicles dataset\Vehicles\0919.jpg,False,,416,656,639,768,N/A,0.16,0.0
0920.jpg,D:\GP\EALPR Vechicles dataset\Vehicles\0920.jpg,False,,364,534,730,716,N/A,0.14,0.0
0921.jpg,D:\GP\EALPR Vechicles dataset\Vehicles\0921.jpg,False,,479,435,656,527,N/A,0.13,0.0
0922.jpg,D:\GP\EALPR Vechicles dataset\Vehicles\0922.jpg,False,,424,314,564,383,N/A,0.15,0.0
0923.jpg,D:\GP\EALPR Vechicles dataset\Vehicles\0923.jpg,False,,801,457,863,497,N/A,0.10,0.0
0924.jpg,D:\GP\EALPR Vechicles dataset\Vehicles\0924.jpg,False,,282,313,462,405,N/A,0.11,0.0
0925.jpg,D:\GP\EALPR Vechicles dataset\Vehicles\0925.jpg,False,,219,264,316,317,N/A,0.11,0.0
0926.jpg,D:\GP\EALPR Vechicles dataset\Vehicles\0926.jpg,False,,233,267,363,333,N/A,0.10,0.0
0927.jpg,D:\GP\EALPR Vechicles dataset\Vehicles\0927.jpg,False,,239,344,426,439,N/A,0.11,0.0
0928.jpg,D:\GP\EALPR Vechicles dataset\Vehicles\0928.jpg,False,,313,267,446,334,N/A,0.11,0.0
0929.jpg,D:\GP\EALPR Vechicles dataset\Vehicles\0929.jpg,False,,299,293,547,419,N/A,0.09,0.0
0930.jpg,D:\GP\EALPR Vechicles dataset\Vehicles\0930.jpg,False,,293,526,563,686,N/A,0.12,0.0
0931.jpg,D:\GP\EALPR Vechicles dataset\Vehicles\0931.jpg,False,,474,663,633,746,N/A,0.14,0.0
0932.jpg,D:\GP\EALPR Vechicles dataset\Vehicles\0932.jpg,False,,409,550,602,651,N/A,0.13,0.0
0933.jpg,D:\GP\EALPR Vechicles dataset\Vehicles\0933.jpg,False,,409,432,608,540,N/A,0.09,0.0
0934.jpg,D:\GP\EALPR Vechicles dataset\Vehicles\0934.jpg,False,,400,680,648,808,N/A,0.13,0.0
0935.jpg,D:\GP\EALPR Vechicles dataset\Vehicles\0935.jpg,False,,348,319,594,455,N/A,0.13,0.0
0936.jpg,D:\GP\EALPR Vechicles dataset\Vehicles\0936.jpg,False,,217,140,395,235,N/A,0.10,0.0
0937.jpg,D:\GP\EALPR Vechicles dataset\Vehicles\0937.jpg,False,,266,583,462,686,N/A,0.14,0.0
0938.jpg,D:\GP\EALPR Vechicles dataset\Vehicles\0938.jpg,False,,293,304,447,380,N/A,0.11,0.0
0939.jpg,D:\GP\EALPR Vechicles dataset\Vehicles\0939.jpg,False,,354,249,557,354,N/A,0.09,0.0
0940.jpg,D:\GP\EALPR Vechicles dataset\Vehicles\0940.jpg,False,,233,347,364,419,N/A,0.10,0.0
0941.jpg,D:\GP\EALPR Vechicles dataset\Vehicles\0941.jpg,False,,209,205,451,328,N/A,0.10,0.0
0942.jpg,D:\GP\EALPR Vechicles dataset\Vehicles\0942.jpg,False,,321,345,477,421,N/A,0.10,0.0
0943.jpg,D:\GP\EALPR Vechicles dataset\Vehicles\0943.jpg,False,,324,183,646,365,N/A,0.13,0.0
0944.jpg,D:\GP\EALPR Vechicles dataset\Vehicles\0944.jpg,False,,555,494,678,555,N/A,0.11,0.0
0945.jpg,D:\GP\EALPR Vechicles dataset\Vehicles\0945.jpg,False,,461,367,681,483,N/A,0.12,0.0
0946.jpg,D:\GP\EALPR Vechicles dataset\Vehicles\0946.jpg,False,,269,339,406,413,N/A,0.10,0.0
0947.jpg,D:\GP\EALPR Vechicles dataset\Vehicles\0947.jpg,False,,508,479,730,588,N/A,0.13,0.0
0948.jpg,D:\GP\EALPR Vechicles dataset\Vehicles\0948.jpg,False,,267,348,534,506,N/A,0.10,0.0
0949.jpg,D:\GP\EALPR Vechicles dataset\Vehicles\0949.jpg,False,,437,291,557,357,N/A,0.09,0.0
0950.jpg,D:\GP\EALPR Vechicles dataset\Vehicles\0950.jpg,False,,478,339,639,419,N/A,0.08,0.0
0951.jpg,D:\GP\EALPR Vechicles dataset\Vehicles\0951.jpg,False,,358,377,478,439,N/A,0.11,0.0
0952.jpg,D:\GP\EALPR Vechicles dataset\Vehicles\0952.jpg,False,,540,446,767,585,N/A,0.12,0.0
0953.jpg,D:\GP\EALPR Vechicles dataset\Vehicles\0953.jpg,False,,330,363,471,440,N/A,0.09,0.0
0954.jpg,D:\GP\EALPR Vechicles dataset\Vehicles\0954.jpg,False,,524,244,646,308,N/A,0.11,0.0
0955.jpg,D:\GP\EALPR Vechicles dataset\Vehicles\0955.jpg,False,,488,214,738,343,N/A,0.13,0.0
0956.jpg,D:\GP\EALPR Vechicles dataset\Vehicles\0956.jpg,False,,428,596,593,681,N/A,0.12,0.0
0957.jpg,D:\GP\EALPR Vechicles dataset\Vehicles\0957.jpg,False,,692,371,914,486,N/A,0.14,0.0
0958.jpg,D:\GP\EALPR Vechicles dataset\Vehicles\0958.jpg,False,,148,126,551,368,N/A,0.11,0.0
0959.jpg,D:\GP\EALPR Vechicles dataset\Vehicles\0959.jpg,False,,478,378,678,480,N/A,0.15,0.0
0960.jpg,D:\GP\EALPR Vechicles dataset\Vehicles\0960.jpg,False,,313,351,578,489,N/A,0.11,0.0
0961.jpg,D:\GP\EALPR Vechicles dataset\Vehicles\0961.jpg,False,,544,386,755,494,N/A,0.09,0.0
0962.jpg,D:\GP\EALPR Vechicles dataset\Vehicles\0962.jpg,False,,386,408,577,503,N/A,0.09,0.0
0963.jpg,D:\GP\EALPR Vechicles dataset\Vehicles\0963.jpg,False,,411,362,561,438,N/A,0.10,0.0
0964.jpg,D:\GP\EALPR Vechicles dataset\Vehicles\0964.jpg,False,,472,526,695,642,N/A,0.12,0.0
0965.jpg,D:\GP\EALPR Vechicles dataset\Vehicles\0965.jpg,False,,390,337,680,486,N/A,0.08,0.0
0966.jpg,D:\GP\EALPR Vechicles dataset\Vehicles\0966.jpg,False,,491,670,634,747,N/A,0.13,0.0
0967.jpg,D:\GP\EALPR Vechicles dataset\Vehicles\0967.jpg,False,,348,426,564,535,N/A,0.10,0.0
0968.jpg,D:\GP\EALPR Vechicles dataset\Vehicles\0968.jpg,False,,99,413,896,848,N/A,0.13,0.0
0969.jpg,D:\GP\EALPR Vechicles dataset\Vehicles\0969.jpg,False,,413,513,641,629,N/A,0.10,0.0
0970.jpg,D:\GP\EALPR Vechicles dataset\Vehicles\0970.jpg,False,,428,806,676,917,N/A,0.13,0.0
0971.jpg,D:\GP\EALPR Vechicles dataset\Vehicles\0971.jpg,False,,392,626,668,766,N/A,0.13,0.0
0972.jpg,D:\GP\EALPR Vechicles dataset\Vehicles\0972.jpg,False,,350,636,570,743,N/A,0.11,0.0
0973.jpg,D:\GP\EALPR Vechicles dataset\Vehicles\0973.jpg,False,,60,748,201,850,N/A,0.12,0.0
0974.jpg,D:\GP\EALPR Vechicles dataset\Vehicles\0974.jpg,False,,437,724,636,812,N/A,0.13,0.0
0975.jpg,D:\GP\EALPR Vechicles dataset\Vehicles\0975.jpg,False,,396,423,573,515,N/A,0.10,0.0
0976.jpg,D:\GP\EALPR Vechicles dataset\Vehicles\0976.jpg,False,,458,378,572,438,N/A,0.10,0.0
0977.jpg,D:\GP\EALPR Vechicles dataset\Vehicles\0977.jpg,False,,426,595,661,709,N/A,0.11,0.0
0978.jpg,D:\GP\EALPR Vechicles dataset\Vehicles\0978.jpg,False,,471,375,681,482,N/A,0.13,0.0
0979.jpg,D:\GP\EALPR Vechicles dataset\Vehicles\0979.jpg,False,,237,661,388,741,N/A,0.10,0.0
0980.jpg,D:\GP\EALPR Vechicles dataset\Vehicles\0980.jpg,False,,347,475,494,552,N/A,0.10,0.0
0981.jpg,D:\GP\EALPR Vechicles dataset\Vehicles\0981.jpg,False,,475,433,759,572,N/A,0.13,0.0
0982.jpg,D:\GP\EALPR Vechicles dataset\Vehicles\0982.jpg,False,,347,427,521,520,N/A,0.11,0.0
0983.jpg,D:\GP\EALPR Vechicles dataset\Vehicles\0983.jpg,False,,452,300,622,389,N/A,0.10,0.0
0984.jpg,D:\GP\EALPR Vechicles dataset\Vehicles\0984.jpg,False,,541,246,657,308,N/A,0.08,0.0
0985.jpg,D:\GP\EALPR Vechicles dataset\Vehicles\0985.jpg,False,,428,379,575,455,N/A,0.08,0.0
0986.jpg,D:\GP\EALPR Vechicles dataset\Vehicles\0986.jpg,False,,439,607,559,681,N/A,0.11,0.0
0987.jpg,D:\GP\EALPR Vechicles dataset\Vehicles\0987.jpg,False,,528,439,743,553,N/A,0.16,0.0
0988.jpg,D:\GP\EALPR Vechicles dataset\Vehicles\0988.jpg,False,,353,293,500,369,N/A,0.11,0.0
0989.jpg,D:\GP\EALPR Vechicles dataset\Vehicles\0989.jpg,False,,593,510,664,551,N/A,0.13,0.0
0990.jpg,D:\GP\EALPR Vechicles dataset\Vehicles\0990.jpg,False,,470,292,624,379,N/A,0.12,0.0
0991.jpg,D:\GP\EALPR Vechicles dataset\Vehicles\0991.jpg,False,,239,364,332,439,N/A,0.10,0.0
0992.jpg,D:\GP\EALPR Vechicles dataset\Vehicles\0992.jpg,False,,427,381,577,459,N/A,0.13,0.0
0993.jpg,D:\GP\EALPR Vechicles dataset\Vehicles\0993.jpg,False,,384,368,695,539,N/A,0.14,0.0
0994.jpg,D:\GP\EALPR Vechicles dataset\Vehicles\0994.jpg,False,,432,325,648,431,N/A,0.14,0.0
0995.jpg,D:\GP\EALPR Vechicles dataset\Vehicles\0995.jpg,False,,366,485,587,607,N/A,0.16,0.0
0996.jpg,D:\GP\EALPR Vechicles dataset\Vehicles\0996.jpg,False,,384,408,660,540,N/A,0.11,0.0
0997.jpg,D:\GP\EALPR Vechicles dataset\Vehicles\0997.jpg,False,,418,416,752,595,N/A,0.11,0.0
0998.jpg,D:\GP\EALPR Vechicles dataset\Vehicles\0998.jpg,False,,660,632,887,755,N/A,0.13,0.0
0999.jpg,D:\GP\EALPR Vechicles dataset\Vehicles\0999.jpg,False,,415,637,636,751,N/A,0.14,0.0
1000.jpg,D:\GP\EALPR Vechicles dataset\Vehicles\1000.jpg,False,,235,618,367,679,N/A,0.11,0.0
1001.jpg,D:\GP\EALPR Vechicles dataset\Vehicles\1001.jpg,False,,387,659,625,780,N/A,0.12,0.0
1002.jpg,D:\GP\EALPR Vechicles dataset\Vehicles\1002.jpg,False,,371,629,515,698,N/A,0.11,0.0
1003.jpg,D:\GP\EALPR Vechicles dataset\Vehicles\1003.jpg,False,,605,353,725,420,N/A,0.13,0.0
1004.jpg,D:\GP\EALPR Vechicles dataset\Vehicles\1004.jpg,False,,408,304,501,371,N/A,0.13,0.0
1005.jpg,D:\GP\EALPR Vechicles dataset\Vehicles\1005.jpg,False,,475,379,636,468,N/A,0.11,0.0
1006.jpg,D:\GP\EALPR Vechicles dataset\Vehicles\1006.jpg,False,,359,587,477,654,N/A,0.10,0.0
1007.jpg,D:\GP\EALPR Vechicles dataset\Vehicles\1007.jpg,False,,358,497,505,579,N/A,0.12,0.0
1008.jpg,D:\GP\EALPR Vechicles dataset\Vehicles\1008.jpg,False,,369,363,491,426,N/A,0.08,0.0
1009.jpg,D:\GP\EALPR Vechicles dataset\Vehicles\1009.jpg,False,,477,682,700,803,N/A,0.12,0.0
1010.jpg,D:\GP\EALPR Vechicles dataset\Vehicles\1010.jpg,False,,466,473,696,593,N/A,0.11,0.0
1011.jpg,D:\GP\EALPR Vechicles dataset\Vehicles\1011.jpg,False,,401,338,642,463,N/A,0.08,0.0
1012.jpg,D:\GP\EALPR Vechicles dataset\Vehicles\1012.jpg,False,,326,287,673,466,N/A,0.14,0.0
1013.jpg,D:\GP\EALPR Vechicles dataset\Vehicles\1013.jpg,False,,309,406,501,512,N/A,0.08,0.0
1014.jpg,D:\GP\EALPR Vechicles dataset\Vehicles\1014.jpg,False,,551,633,737,756,N/A,0.11,0.0
1015.jpg,D:\GP\EALPR Vechicles dataset\Vehicles\1015.jpg,False,,311,426,482,514,N/A,0.11,0.0
1016.jpg,D:\GP\EALPR Vechicles dataset\Vehicles\1016.jpg,False,,215,400,288,437,N/A,0.10,0.0
1017.jpg,D:\GP\EALPR Vechicles dataset\Vehicles\1017.jpg,False,,700,438,866,533,N/A,0.12,0.0
1018.jpg,D:\GP\EALPR Vechicles dataset\Vehicles\1018.jpg,False,,92,535,216,632,N/A,0.11,0.0
1019.jpg,D:\GP\EALPR Vechicles dataset\Vehicles\1019.jpg,False,,296,227,407,288,N/A,0.10,0.0
1020.jpg,D:\GP\EALPR Vechicles dataset\Vehicles\1020.jpg,False,,447,623,694,752,N/A,0.11,0.0
1021.jpg,D:\GP\EALPR Vechicles dataset\Vehicles\1021.jpg,False,,394,237,586,331,N/A,0.10,0.0
1022.jpg,D:\GP\EALPR Vechicles dataset\Vehicles\1022.jpg,False,,350,305,465,367,N/A,0.10,0.0
1023.jpg,D:\GP\EALPR Vechicles dataset\Vehicles\1023.jpg,False,,434,300,696,424,N/A,0.12,0.0
1024.jpg,D:\GP\EALPR Vechicles dataset\Vehicles\1024.jpg,False,,417,326,797,515,N/A,0.11,0.0
1025.jpg,D:\GP\EALPR Vechicles dataset\Vehicles\1025.jpg,False,,440,217,602,301,N/A,0.07,0.0
1026.jpg,D:\GP\EALPR Vechicles dataset\Vehicles\1026.jpg,False,,790,360,927,429,N/A,0.12,0.0
1027.jpg,D:\GP\EALPR Vechicles dataset\Vehicles\1027.jpg,False,,488,638,682,734,N/A,0.11,0.0
1028.jpg,D:\GP\EALPR Vechicles dataset\Vehicles\1028.jpg,False,,547,774,771,917,N/A,0.13,0.0
1029.jpg,D:\GP\EALPR Vechicles dataset\Vehicles\1029.jpg,False,,501,783,728,892,N/A,0.12,0.0
1030.jpg,D:\GP\EALPR Vechicles dataset\Vehicles\1030.jpg,False,,342,373,464,434,N/A,0.13,0.0
1031.jpg,D:\GP\EALPR Vechicles dataset\Vehicles\1031.jpg,False,,623,495,793,582,N/A,0.11,0.0
1032.jpg,D:\GP\EALPR Vechicles dataset\Vehicles\1032.jpg,False,,389,303,850,496,N/A,0.08,0.0
1033.jpg,D:\GP\EALPR Vechicles dataset\Vehicles\1033.jpg,False,,364,473,645,611,N/A,0.10,0.0
1034.jpg,D:\GP\EALPR Vechicles dataset\Vehicles\1034.jpg,False,,424,263,566,342,N/A,0.08,0.0
1035.jpg,D:\GP\EALPR Vechicles dataset\Vehicles\1035.jpg,False,,349,320,516,405,N/A,0.10,0.0
1036.jpg,D:\GP\EALPR Vechicles dataset\Vehicles\1036.jpg,False,,167,353,241,390,N/A,0.08,0.0
1037.jpg,D:\GP\EALPR Vechicles dataset\Vehicles\1037.jpg,False,,471,522,860,729,N/A,0.14,0.0
1038.jpg,D:\GP\EALPR Vechicles dataset\Vehicles\1038.jpg,False,,260,400,366,451,N/A,0.12,0.0
1039.jpg,D:\GP\EALPR Vechicles dataset\Vehicles\1039.jpg,False,,420,192,572,270,N/A,0.10,0.0
1040.jpg,D:\GP\EALPR Vechicles dataset\Vehicles\1040.jpg,False,,460,812,671,897,N/A,0.13,0.0
1041.jpg,D:\GP\EALPR Vechicles dataset\Vehicles\1041.jpg,False,,465,697,669,797,N/A,0.13,0.0
1042.jpg,D:\GP\EALPR Vechicles dataset\Vehicles\1042.jpg,False,,426,354,578,433,N/A,0.10,0.0
1043.jpg,D:\GP\EALPR Vechicles dataset\Vehicles\1043.jpg,False,,413,377,552,451,N/A,0.11,0.0
1044.jpg,D:\GP\EALPR Vechicles dataset\Vehicles\1044.jpg,False,,451,554,584,631,N/A,0.12,0.0
1045.jpg,D:\GP\EALPR Vechicles dataset\Vehicles\1045.jpg,False,,423,431,615,523,N/A,0.13,0.0
1046.jpg,D:\GP\EALPR Vechicles dataset\Vehicles\1046.jpg,False,,261,268,453,365,N/A,0.08,0.0
1047.jpg,D:\GP\EALPR Vechicles dataset\Vehicles\1047.jpg,False,,292,630,660,812,N/A,0.13,0.0
1048.jpg,D:\GP\EALPR Vechicles dataset\Vehicles\1048.jpg,False,,338,330,753,551,N/A,0.11,0.0
1049.jpg,D:\GP\EALPR Vechicles dataset\Vehicles\1049.jpg,False,,661,333,869,436,N/A,0.13,0.0
1050.jpg,D:\GP\EALPR Vechicles dataset\Vehicles\1050.jpg,False,,211,527,375,629,N/A,0.12,0.0
1051.jpg,D:\GP\EALPR Vechicles dataset\Vehicles\1051.jpg,False,,350,535,466,592,N/A,0.10,0.0
1052.jpg,D:\GP\EALPR Vechicles dataset\Vehicles\1052.jpg,False,,871,509,1045,605,N/A,0.12,0.0
1053.jpg,D:\GP\EALPR Vechicles dataset\Vehicles\1053.jpg,False,,440,331,667,450,N/A,0.11,0.0
1054.jpg,D:\GP\EALPR Vechicles dataset\Vehicles\1054.jpg,False,,372,340,594,454,N/A,0.13,0.0
1055.jpg,D:\GP\EALPR Vechicles dataset\Vehicles\1055.jpg,False,,259,201,351,244,N/A,0.09,0.0
1056.jpg,D:\GP\EALPR Vechicles dataset\Vehicles\1056.jpg,False,,428,389,660,511,N/A,0.12,0.0
1057.jpg,D:\GP\EALPR Vechicles dataset\Vehicles\1057.jpg,False,,663,539,817,622,N/A,0.11,0.0
1058.jpg,D:\GP\EALPR Vechicles dataset\Vehicles\1058.jpg,False,,247,331,351,386,N/A,0.09,0.0
1059.jpg,D:\GP\EALPR Vechicles dataset\Vehicles\1059.jpg,False,,338,594,486,668,N/A,0.10,0.0
1060.jpg,D:\GP\EALPR Vechicles dataset\Vehicles\1060.jpg,False,,114,418,200,476,N/A,0.13,0.0
1061.jpg,D:\GP\EALPR Vechicles dataset\Vehicles\1061.jpg,False,,262,774,396,847,N/A,0.10,0.0
1062.jpg,D:\GP\EALPR Vechicles dataset\Vehicles\1062.jpg,False,,341,655,552,762,N/A,0.11,0.0
1063.jpg,D:\GP\EALPR Vechicles dataset\Vehicles\1063.jpg,False,,289,219,424,287,N/A,0.12,0.0
1064.jpg,D:\GP\EALPR Vechicles dataset\Vehicles\1064.jpg,False,,437,597,668,710,N/A,0.12,0.0
1065.jpg,D:\GP\EALPR Vechicles dataset\Vehicles\1065.jpg,False,,380,598,698,707,N/A,0.12,0.0
1066.jpg,D:\GP\EALPR Vechicles dataset\Vehicles\1066.jpg,False,,483,453,694,548,N/A,0.12,0.0
1067.jpg,D:\GP\EALPR Vechicles dataset\Vehicles\1067.jpg,False,,417,655,546,719,N/A,0.14,0.0
1068.jpg,D:\GP\EALPR Vechicles dataset\Vehicles\1068.jpg,False,,424,739,620,831,N/A,0.12,0.0
1069.jpg,D:\GP\EALPR Vechicles dataset\Vehicles\1069.jpg,False,,383,693,522,759,N/A,0.10,0.0
1070.jpg,D:\GP\EALPR Vechicles dataset\Vehicles\1070.jpg,False,,419,556,604,651,N/A,0.12,0.0
1071.jpg,D:\GP\EALPR Vechicles dataset\Vehicles\1071.jpg,False,,310,530,437,593,N/A,0.13,0.0
1072.jpg,D:\GP\EALPR Vechicles dataset\Vehicles\1072.jpg,False,,115,559,198,601,N/A,0.11,0.0
1073.jpg,D:\GP\EALPR Vechicles dataset\Vehicles\1073.jpg,False,,314,641,530,754,N/A,0.11,0.0
1074.jpg,D:\GP\EALPR Vechicles dataset\Vehicles\1074.jpg,False,,323,454,633,590,N/A,0.13,0.0
1075.jpg,D:\GP\EALPR Vechicles dataset\Vehicles\1075.jpg,False,,406,460,627,564,N/A,0.11,0.0
1076.jpg,D:\GP\EALPR Vechicles dataset\Vehicles\1076.jpg,False,,453,609,523,646,N/A,0.12,0.0
1077.jpg,D:\GP\EALPR Vechicles dataset\Vehicles\1077.jpg,False,,347,578,547,679,N/A,0.13,0.0
1078.jpg,D:\GP\EALPR Vechicles dataset\Vehicles\1078.jpg,False,,488,291,648,369,N/A,0.12,0.0
1079.jpg,D:\GP\EALPR Vechicles dataset\Vehicles\1079.jpg,False,,412,366,672,476,N/A,0.10,0.0
1080.jpg,D:\GP\EALPR Vechicles dataset\Vehicles\1080.jpg,False,,442,567,518,607,N/A,0.11,0.0
1081.jpg,D:\GP\EALPR Vechicles dataset\Vehicles\1081.jpg,False,,201,139,753,427,N/A,0.08,0.0
1082.jpg,D:\GP\EALPR Vechicles dataset\Vehicles\1082.jpg,False,,296,396,623,561,N/A,0.13,0.0
1083.jpg,D:\GP\EALPR Vechicles dataset\Vehicles\1083.jpg,False,,217,437,500,565,N/A,0.12,0.0
1084.jpg,D:\GP\EALPR Vechicles dataset\Vehicles\1084.jpg,False,,330,352,630,503,N/A,0.11,0.0
1085.jpg,D:\GP\EALPR Vechicles dataset\Vehicles\1085.jpg,False,,276,729,449,819,N/A,0.19,0.0
1086.jpg,D:\GP\EALPR Vechicles dataset\Vehicles\1086.jpg,False,,433,284,582,379,N/A,0.13,0.0
1087.jpg,D:\GP\EALPR Vechicles dataset\Vehicles\1087.jpg,False,,271,465,423,549,N/A,0.14,0.0
1088.jpg,D:\GP\EALPR Vechicles dataset\Vehicles\1088.jpg,False,,444,418,598,486,N/A,0.07,0.0
1089.jpg,D:\GP\EALPR Vechicles dataset\Vehicles\1089.jpg,False,,436,487,566,555,N/A,0.10,0.0
1090.jpg,D:\GP\EALPR Vechicles dataset\Vehicles\1090.jpg,False,,402,435,643,552,N/A,0.13,0.0
1091.jpg,D:\GP\EALPR Vechicles dataset\Vehicles\1091.jpg,False,,460,482,695,600,N/A,0.09,0.0
1092.jpg,D:\GP\EALPR Vechicles dataset\Vehicles\1092.jpg,False,,320,508,607,652,N/A,0.14,0.0
1093.jpg,D:\GP\EALPR Vechicles dataset\Vehicles\1093.jpg,False,,368,540,527,621,N/A,0.12,0.0
1094.jpg,D:\GP\EALPR Vechicles dataset\Vehicles\1094.jpg,False,,517,585,729,696,N/A,0.11,0.0
1095.jpg,D:\GP\EALPR Vechicles dataset\Vehicles\1095.jpg,False,,381,326,435,356,N/A,0.09,0.0
1096.jpg,D:\GP\EALPR Vechicles dataset\Vehicles\1096.jpg,False,,372,559,506,626,N/A,0.10,0.0
1097.jpg,D:\GP\EALPR Vechicles dataset\Vehicles\1097.jpg,False,,326,247,669,429,N/A,0.11,0.0
1098.jpg,D:\GP\EALPR Vechicles dataset\Vehicles\1098.jpg,False,,413,429,522,485,N/A,0.12,0.0
1099.jpg,D:\GP\EALPR Vechicles dataset\Vehicles\1099.jpg,False,,503,276,576,318,N/A,0.07,0.0
1100.jpg,D:\GP\EALPR Vechicles dataset\Vehicles\1100.jpg,False,,451,285,657,390,N/A,0.10,0.0
1101.jpg,D:\GP\EALPR Vechicles dataset\Vehicles\1101.jpg,False,,461,730,620,819,N/A,0.12,0.0
1102.jpg,D:\GP\EALPR Vechicles dataset\Vehicles\1102.jpg,False,,284,268,430,345,N/A,0.12,0.0
1103.jpg,D:\GP\EALPR Vechicles dataset\Vehicles\1103.jpg,False,,346,497,436,544,N/A,0.13,0.0
1104.jpg,D:\GP\EALPR Vechicles dataset\Vehicles\1104.jpg,False,,464,423,612,500,N/A,0.12,0.0
1105.jpg,D:\GP\EALPR Vechicles dataset\Vehicles\1105.jpg,False,,392,512,536,598,N/A,0.10,0.0
1106.jpg,D:\GP\EALPR Vechicles dataset\Vehicles\1106.jpg,False,,381,439,501,525,N/A,0.12,0.0
1107.jpg,D:\GP\EALPR Vechicles dataset\Vehicles\1107.jpg,False,,648,381,771,448,N/A,0.12,0.0
1108.jpg,D:\GP\EALPR Vechicles dataset\Vehicles\1108.jpg,False,,367,622,515,702,N/A,0.11,0.0
1109.jpg,D:\GP\EALPR Vechicles dataset\Vehicles\1109.jpg,False,,352,574,483,644,N/A,0.12,0.0
1110.jpg,D:\GP\EALPR Vechicles dataset\Vehicles\1110.jpg,False,,424,620,639,729,N/A,0.11,0.0
1111.jpg,D:\GP\EALPR Vechicles dataset\Vehicles\1111.jpg,False,,352,441,516,533,N/A,0.10,0.0
1112.jpg,D:\GP\EALPR Vechicles dataset\Vehicles\1112.jpg,False,,415,586,561,661,N/A,0.10,0.0
1113.jpg,D:\GP\EALPR Vechicles dataset\Vehicles\1113.jpg,False,,227,576,465,698,N/A,0.10,0.0
1114.jpg,D:\GP\EALPR Vechicles dataset\Vehicles\1114.jpg,False,,364,385,525,472,N/A,0.11,0.0
1115.jpg,D:\GP\EALPR Vechicles dataset\Vehicles\1115.jpg,False,,489,480,653,568,N/A,0.14,0.0
1116.jpg,D:\GP\EALPR Vechicles dataset\Vehicles\1116.jpg,False,,459,766,693,881,N/A,0.17,0.0
1117.jpg,D:\GP\EALPR Vechicles dataset\Vehicles\1117.jpg,False,,382,756,606,842,N/A,0.11,0.0
1118.jpg,D:\GP\EALPR Vechicles dataset\Vehicles\1118.jpg,False,,357,321,576,443,N/A,0.10,0.0
1119.jpg,D:\GP\EALPR Vechicles dataset\Vehicles\1119.jpg,False,,438,373,675,491,N/A,0.12,0.0
1120.jpg,D:\GP\EALPR Vechicles dataset\Vehicles\1120.jpg,False,,407,394,629,496,N/A,0.09,0.0
1121.jpg,D:\GP\EALPR Vechicles dataset\Vehicles\1121.jpg,False,,592,365,808,480,N/A,0.11,0.0
1122.jpg,D:\GP\EALPR Vechicles dataset\Vehicles\1122.jpg,False,,155,471,306,560,N/A,0.12,0.0
1123.jpg,D:\GP\EALPR Vechicles dataset\Vehicles\1123.jpg,False,,338,226,596,361,N/A,0.13,0.0
1124.jpg,D:\GP\EALPR Vechicles dataset\Vehicles\1124.jpg,False,,429,363,757,537,N/A,0.11,0.0
1125.jpg,D:\GP\EALPR Vechicles dataset\Vehicles\1125.jpg,False,,388,321,719,496,N/A,0.12,0.0
1126.jpg,D:\GP\EALPR Vechicles dataset\Vehicles\1126.jpg,False,,376,378,537,460,N/A,0.12,0.0
1127.jpg,D:\GP\EALPR Vechicles dataset\Vehicles\1127.jpg,False,,329,325,458,396,N/A,0.11,0.0
1128.jpg,D:\GP\EALPR Vechicles dataset\Vehicles\1128.jpg,False,,380,361,584,470,N/A,0.10,0.0
1129.jpg,D:\GP\EALPR Vechicles dataset\Vehicles\1129.jpg,False,,431,544,785,720,N/A,0.14,0.0
1130.jpg,D:\GP\EALPR Vechicles dataset\Vehicles\1130.jpg,False,,440,405,635,509,N/A,0.14,0.0
1131.jpg,D:\GP\EALPR Vechicles dataset\Vehicles\1131.jpg,False,,449,448,590,521,N/A,0.14,0.0
1132.jpg,D:\GP\EALPR Vechicles dataset\Vehicles\1132.jpg,False,,272,311,349,352,N/A,0.11,0.0
1133.jpg,D:\GP\EALPR Vechicles dataset\Vehicles\1133.jpg,False,,608,656,724,741,N/A,0.12,0.0
1134.jpg,D:\GP\EALPR Vechicles dataset\Vehicles\1134.jpg,False,,374,474,533,554,N/A,0.11,0.0
1135.jpg,D:\GP\EALPR Vechicles dataset\Vehicles\1135.jpg,False,,353,412,503,492,N/A,0.12,0.0
1136.jpg,D:\GP\EALPR Vechicles dataset\Vehicles\1136.jpg,False,,368,598,499,660,N/A,0.08,0.0
1137.jpg,D:\GP\EALPR Vechicles dataset\Vehicles\1137.jpg,False,,509,435,687,524,N/A,0.12,0.0
1138.jpg,D:\GP\EALPR Vechicles dataset\Vehicles\1138.jpg,False,,405,583,519,640,N/A,0.10,0.0
1139.jpg,D:\GP\EALPR Vechicles dataset\Vehicles\1139.jpg,False,,447,386,633,478,N/A,0.13,0.0
1140.jpg,D:\GP\EALPR Vechicles dataset\Vehicles\1140.jpg,False,,296,353,450,432,N/A,0.10,0.0
1141.jpg,D:\GP\EALPR Vechicles dataset\Vehicles\1141.jpg,False,,413,417,617,521,N/A,0.16,0.0
1142.jpg,D:\GP\EALPR Vechicles dataset\Vehicles\1142.jpg,False,,308,405,501,510,N/A,0.10,0.0
1143.jpg,D:\GP\EALPR Vechicles dataset\Vehicles\1143.jpg,False,,432,339,789,534,N/A,0.14,0.0
1144.jpg,D:\GP\EALPR Vechicles dataset\Vehicles\1144.jpg,False,,434,605,676,729,N/A,0.12,0.0
1145.jpg,D:\GP\EALPR Vechicles dataset\Vehicles\1145.jpg,False,,416,338,668,462,N/A,0.10,0.0
1146.jpg,D:\GP\EALPR Vechicles dataset\Vehicles\1146.jpg,False,,528,223,807,401,N/A,0.13,0.0
1147.jpg,D:\GP\EALPR Vechicles dataset\Vehicles\1147.jpg,False,,336,468,518,565,N/A,0.11,0.0
1148.jpg,D:\GP\EALPR Vechicles dataset\Vehicles\1148.jpg,False,,490,703,668,790,N/A,0.14,0.0
1149.jpg,D:\GP\EALPR Vechicles dataset\Vehicles\1149.jpg,False,,521,204,649,271,N/A,0.10,0.0
1150.jpg,D:\GP\EALPR Vechicles dataset\Vehicles\1150.jpg,False,,448,369,648,469,N/A,0.12,0.0
1151.jpg,D:\GP\EALPR Vechicles dataset\Vehicles\1151.jpg,False,,178,393,796,722,N/A,0.14,0.0
1152.jpg,D:\GP\EALPR Vechicles dataset\Vehicles\1152.jpg,False,,350,643,706,809,N/A,0.14,0.0
1153.jpg,D:\GP\EALPR Vechicles dataset\Vehicles\1153.jpg,False,,355,318,770,525,N/A,0.12,0.0
1154.jpg,D:\GP\EALPR Vechicles dataset\Vehicles\1154.jpg,False,,398,291,558,369,N/A,0.09,0.0
1155.jpg,D:\GP\EALPR Vechicles dataset\Vehicles\1155.jpg,False,,443,750,669,863,N/A,0.13,0.0
1156.jpg,D:\GP\EALPR Vechicles dataset\Vehicles\1156.jpg,False,,463,485,672,597,N/A,0.10,0.0
1157.jpg,D:\GP\EALPR Vechicles dataset\Vehicles\1157.jpg,False,,482,582,763,727,N/A,0.10,0.0
1158.jpg,D:\GP\EALPR Vechicles dataset\Vehicles\1158.jpg,False,,490,746,673,840,N/A,0.15,0.0
1159.jpg,D:\GP\EALPR Vechicles dataset\Vehicles\1159.jpg,False,,305,556,879,876,N/A,0.12,0.0
1160.jpg,D:\GP\EALPR Vechicles dataset\Vehicles\1160.jpg,False,,333,425,557,543,N/A,0.13,0.0
1161.jpg,D:\GP\EALPR Vechicles dataset\Vehicles\1161.jpg,False,,378,454,500,514,N/A,0.11,0.0
1162.jpg,D:\GP\EALPR Vechicles dataset\Vehicles\1162.jpg,False,,399,314,485,363,N/A,0.10,0.0
1163.jpg,D:\GP\EALPR Vechicles dataset\Vehicles\1163.jpg,False,,645,755,796,836,N/A,0.13,0.0
1164.jpg,D:\GP\EALPR Vechicles dataset\Vehicles\1164.jpg,False,,226,591,360,674,N/A,0.12,0.0
1165.jpg,D:\GP\EALPR Vechicles dataset\Vehicles\1165.jpg,False,,621,503,771,586,N/A,0.13,0.0
1166.jpg,D:\GP\EALPR Vechicles dataset\Vehicles\1166.jpg,False,,306,301,547,428,N/A,0.12,0.0
1167.jpg,D:\GP\EALPR Vechicles dataset\Vehicles\1167.jpg,False,,399,589,566,667,N/A,0.12,0.0
1168.jpg,D:\GP\EALPR Vechicles dataset\Vehicles\1168.jpg,False,,238,390,393,471,N/A,0.13,0.0
1169.jpg,D:\GP\EALPR Vechicles dataset\Vehicles\1169.jpg,False,,366,485,531,566,N/A,0.12,0.0
1170.jpg,D:\GP\EALPR Vechicles dataset\Vehicles\1170.jpg,False,,337,626,517,717,N/A,0.10,0.0
1171.jpg,D:\GP\EALPR Vechicles dataset\Vehicles\1171.jpg,False,,386,345,493,396,N/A,0.11,0.0
1172.jpg,D:\GP\EALPR Vechicles dataset\Vehicles\1172.jpg,False,,482,658,754,791,N/A,0.12,0.0
1173.jpg,D:\GP\EALPR Vechicles dataset\Vehicles\1173.jpg,False,,382,238,656,377,N/A,0.14,0.0
1174.jpg,D:\GP\EALPR Vechicles dataset\Vehicles\1174.jpg,False,,378,605,495,662,N/A,0.11,0.0
1175.jpg,D:\GP\EALPR Vechicles dataset\Vehicles\1175.jpg,False,,429,675,659,783,N/A,0.15,0.0
1176.jpg,D:\GP\EALPR Vechicles dataset\Vehicles\1176.jpg,False,,501,931,702,1030,N/A,0.14,0.0
1177.jpg,D:\GP\EALPR Vechicles dataset\Vehicles\1177.jpg,False,,294,605,413,668,N/A,0.10,0.0
1178.jpg,D:\GP\EALPR Vechicles dataset\Vehicles\1178.jpg,False,,342,400,625,542,N/A,0.12,0.0
1179.jpg,D:\GP\EALPR Vechicles dataset\Vehicles\1179.jpg,False,,475,294,707,414,N/A,0.12,0.0
1180.jpg,D:\GP\EALPR Vechicles dataset\Vehicles\1180.jpg,False,,457,680,683,796,N/A,0.16,0.0
1181.jpg,D:\GP\EALPR Vechicles dataset\Vehicles\1181.jpg,False,,395,559,667,682,N/A,0.12,0.0
1182.jpg,D:\GP\EALPR Vechicles dataset\Vehicles\1182.jpg,False,,541,506,654,571,N/A,0.11,0.0
1183.jpg,D:\GP\EALPR Vechicles dataset\Vehicles\1183.jpg,False,,340,465,507,553,N/A,0.10,0.0
1184.jpg,D:\GP\EALPR Vechicles dataset\Vehicles\1184.jpg,False,,385,560,551,634,N/A,0.10,0.0
1185.jpg,D:\GP\EALPR Vechicles dataset\Vehicles\1185.jpg,False,,381,331,632,466,N/A,0.11,0.0
1186.jpg,D:\GP\EALPR Vechicles dataset\Vehicles\1186.jpg,False,,342,456,462,518,N/A,0.12,0.0
1187.jpg,D:\GP\EALPR Vechicles dataset\Vehicles\1187.jpg,False,,453,530,525,567,N/A,0.11,0.0
1188.jpg,D:\GP\EALPR Vechicles dataset\Vehicles\1188.jpg,False,,294,624,486,729,N/A,0.11,0.0
1189.jpg,D:\GP\EALPR Vechicles dataset\Vehicles\1189.jpg,False,,325,637,481,711,N/A,0.11,0.0
1190.jpg,D:\GP\EALPR Vechicles dataset\Vehicles\1190.jpg,False,,360,860,592,959,N/A,0.11,0.0
1191.jpg,D:\GP\EALPR Vechicles dataset\Vehicles\1191.jpg,False,,692,644,782,698,N/A,0.15,0.0
1192.jpg,D:\GP\EALPR Vechicles dataset\Vehicles\1192.jpg,False,,285,671,521,780,N/A,0.12,0.0
1193.jpg,D:\GP\EALPR Vechicles dataset\Vehicles\1193.jpg,False,,317,717,555,828,N/A,0.11,0.0
1194.jpg,D:\GP\EALPR Vechicles dataset\Vehicles\1194.jpg,False,,534,348,778,481,N/A,0.10,0.0
1195.jpg,D:\GP\EALPR Vechicles dataset\Vehicles\1195.jpg,False,,694,347,974,486,N/A,0.11,0.0
1196.jpg,D:\GP\EALPR Vechicles dataset\Vehicles\1196.jpg,False,,332,461,510,558,N/A,0.11,0.0
1197.jpg,D:\GP\EALPR Vechicles dataset\Vehicles\1197.jpg,False,,340,405,586,539,N/A,0.12,0.0
1198.jpg,D:\GP\EALPR Vechicles dataset\Vehicles\1198.jpg,False,,372,581,547,667,N/A,0.14,0.0
1199.jpg,D:\GP\EALPR Vechicles dataset\Vehicles\1199.jpg,False,,419,494,654,613,N/A,0.13,0.0
1200.jpg,D:\GP\EALPR Vechicles dataset\Vehicles\1200.jpg,False,,153,163,953,645,N/A,0.10,0.0
1201.jpg,D:\GP\EALPR Vechicles dataset\Vehicles\1201.jpg,False,,317,454,492,568,N/A,0.12,0.0
1202.jpg,D:\GP\EALPR Vechicles dataset\Vehicles\1202.jpg,False,,427,441,669,565,N/A,0.12,0.0
1203.jpg,D:\GP\EALPR Vechicles dataset\Vehicles\1203.jpg,False,,384,898,720,1064,N/A,0.12,0.0
1204.jpg,D:\GP\EALPR Vechicles dataset\Vehicles\1204.jpg,False,,278,793,467,906,N/A,0.12,0.0
1205.jpg,D:\GP\EALPR Vechicles dataset\Vehicles\1205.jpg,False,,244,452,400,536,N/A,0.13,0.0
1206.jpg,D:\GP\EALPR Vechicles dataset\Vehicles\1206.jpg,False,,512,594,689,683,N/A,0.13,0.0
1207.jpg,D:\GP\EALPR Vechicles dataset\Vehicles\1207.jpg,False,,177,647,334,755,N/A,0.11,0.0
1208.jpg,D:\GP\EALPR Vechicles dataset\Vehicles\1208.jpg,False,,820,723,953,799,N/A,0.13,0.0
1209.jpg,D:\GP\EALPR Vechicles dataset\Vehicles\1209.jpg,False,,413,230,550,298,N/A,0.12,0.0
1210.jpg,D:\GP\EALPR Vechicles dataset\Vehicles\1210.jpg,False,,369,401,478,463,N/A,0.11,0.0
1211.jpg,D:\GP\EALPR Vechicles dataset\Vehicles\1211.jpg,False,,215,666,332,730,N/A,0.10,0.0
1212.jpg,D:\GP\EALPR Vechicles dataset\Vehicles\1212.jpg,False,,456,339,655,443,N/A,0.12,0.0
1213.jpg,D:\GP\EALPR Vechicles dataset\Vehicles\1213.jpg,False,,384,637,536,711,N/A,0.12,0.0
1214.jpg,D:\GP\EALPR Vechicles dataset\Vehicles\1214.jpg,False,,265,212,363,264,N/A,0.09,0.0
1215.jpg,D:\GP\EALPR Vechicles dataset\Vehicles\1215.jpg,False,,386,361,630,487,N/A,0.13,0.0
1216.jpg,D:\GP\EALPR Vechicles dataset\Vehicles\1216.jpg,False,,435,562,547,621,N/A,0.10,0.0
1217.jpg,D:\GP\EALPR Vechicles dataset\Vehicles\1217.jpg,False,,543,292,627,337,N/A,0.09,0.0
1218.jpg,D:\GP\EALPR Vechicles dataset\Vehicles\1218.jpg,False,,366,480,540,573,N/A,0.12,0.0
1219.jpg,D:\GP\EALPR Vechicles dataset\Vehicles\1219.jpg,False,,343,428,515,519,N/A,0.10,0.0
1220.jpg,D:\GP\EALPR Vechicles dataset\Vehicles\1220.jpg,False,,442,579,534,637,N/A,0.12,0.0
1221.jpg,D:\GP\EALPR Vechicles dataset\Vehicles\1221.jpg,False,,406,446,486,491,N/A,0.10,0.0
1222.jpg,D:\GP\EALPR Vechicles dataset\Vehicles\1222.jpg,False,,296,505,417,566,N/A,0.11,0.0
1223.jpg,D:\GP\EALPR Vechicles dataset\Vehicles\1223.jpg,False,,486,448,598,504,N/A,0.11,0.0
1224.jpg,D:\GP\EALPR Vechicles dataset\Vehicles\1224.jpg,False,,438,246,524,313,N/A,0.08,0.0
1225.jpg,D:\GP\EALPR Vechicles dataset\Vehicles\1225.jpg,False,,266,260,846,540,N/A,0.09,0.0
1226.jpg,D:\GP\EALPR Vechicles dataset\Vehicles\1226.jpg,False,,331,637,482,711,N/A,0.13,0.0
1227.jpg,D:\GP\EALPR Vechicles dataset\Vehicles\1227.jpg,False,,310,182,767,417,N/A,0.13,0.0
1228.jpg,D:\GP\EALPR Vechicles dataset\Vehicles\1228.jpg,False,,388,463,673,601,N/A,0.10,0.0
1229.jpg,D:\GP\EALPR Vechicles dataset\Vehicles\1229.jpg,False,,378,480,538,565,N/A,0.13,0.0
1230.jpg,D:\GP\EALPR Vechicles dataset\Vehicles\1230.jpg,False,,374,642,496,716,N/A,0.11,0.0
1231.jpg,D:\GP\EALPR Vechicles dataset\Vehicles\1231.jpg,False,,276,430,491,557,N/A,0.11,0.0
1232.jpg,D:\GP\EALPR Vechicles dataset\Vehicles\1232.jpg,False,,208,134,859,472,N/A,0.11,0.0
1233.jpg,D:\GP\EALPR Vechicles dataset\Vehicles\1233.jpg,False,,317,463,581,607,N/A,0.09,0.0
1234.jpg,D:\GP\EALPR Vechicles dataset\Vehicles\1234.jpg,False,,276,558,438,645,N/A,0.12,0.0
1235.jpg,D:\GP\EALPR Vechicles dataset\Vehicles\1235.jpg,False,,434,626,542,681,N/A,0.10,0.0
1236.jpg,D:\GP\EALPR Vechicles dataset\Vehicles\1236.jpg,False,,365,480,583,595,N/A,0.12,0.0
1237.jpg,D:\GP\EALPR Vechicles dataset\Vehicles\1237.jpg,False,,316,274,432,337,N/A,0.10,0.0
1238.jpg,D:\GP\EALPR Vechicles dataset\Vehicles\1238.jpg,False,,348,357,464,419,N/A,0.12,0.0
1239.jpg,D:\GP\EALPR Vechicles dataset\Vehicles\1239.jpg,False,,358,366,493,439,N/A,0.11,0.0
1240.jpg,D:\GP\EALPR Vechicles dataset\Vehicles\1240.jpg,False,,379,431,510,500,N/A,0.12,0.0
1241.jpg,D:\GP\EALPR Vechicles dataset\Vehicles\1241.jpg,False,,396,487,528,557,N/A,0.13,0.0
1242.jpg,D:\GP\EALPR Vechicles dataset\Vehicles\1242.jpg,False,,373,525,505,596,N/A,0.10,0.0
1243.jpg,D:\GP\EALPR Vechicles dataset\Vehicles\1243.jpg,False,,543,432,706,516,N/A,0.12,0.0
1244.jpg,D:\GP\EALPR Vechicles dataset\Vehicles\1244.jpg,False,,361,611,473,674,N/A,0.13,0.0
1245.jpg,D:\GP\EALPR Vechicles dataset\Vehicles\1245.jpg,False,,547,521,654,586,N/A,0.15,0.0
1246.jpg,D:\GP\EALPR Vechicles dataset\Vehicles\1246.jpg,False,,392,532,499,593,N/A,0.10,0.0
1247.jpg,D:\GP\EALPR Vechicles dataset\Vehicles\1247.jpg,False,,347,448,451,506,N/A,0.12,0.0
1248.jpg,D:\GP\EALPR Vechicles dataset\Vehicles\1248.jpg,False,,374,907,521,983,N/A,0.10,0.0
1249.jpg,D:\GP\EALPR Vechicles dataset\Vehicles\1249.jpg,False,,303,579,468,674,N/A,0.12,0.0
1250.jpg,D:\GP\EALPR Vechicles dataset\Vehicles\1250.jpg,False,,426,313,518,366,N/A,0.14,0.0
1251.jpg,D:\GP\EALPR Vechicles dataset\Vehicles\1251.jpg,False,,285,446,492,581,N/A,0.12,0.0
1252.jpg,D:\GP\EALPR Vechicles dataset\Vehicles\1252.jpg,False,,367,417,487,482,N/A,0.12,0.0
1253.jpg,D:\GP\EALPR Vechicles dataset\Vehicles\1253.jpg,False,,342,493,479,565,N/A,0.10,0.0
1254.jpg,D:\GP\EALPR Vechicles dataset\Vehicles\1254.jpg,False,,350,691,469,753,N/A,0.10,0.0
1255.jpg,D:\GP\EALPR Vechicles dataset\Vehicles\1255.jpg,False,,327,484,460,550,N/A,0.12,0.0
1256.jpg,D:\GP\EALPR Vechicles dataset\Vehicles\1256.jpg,False,,407,433,550,499,N/A,0.10,0.0
1257.jpg,D:\GP\EALPR Vechicles dataset\Vehicles\1257.jpg,False,,575,424,684,477,N/A,0.14,0.0
1258.jpg,D:\GP\EALPR Vechicles dataset\Vehicles\1258.jpg,False,,454,274,582,338,N/A,0.10,0.0
1259.jpg,D:\GP\EALPR Vechicles dataset\Vehicles\1259.jpg,False,,455,344,561,396,N/A,0.08,0.0
1260.jpg,D:\GP\EALPR Vechicles dataset\Vehicles\1260.jpg,False,,124,198,842,577,N/A,0.10,0.0
1261.jpg,D:\GP\EALPR Vechicles dataset\Vehicles\1261.jpg,False,,470,473,647,561,N/A,0.12,0.0
1262.jpg,D:\GP\EALPR Vechicles dataset\Vehicles\1262.jpg,False,,338,550,457,616,N/A,0.12,0.0
1263.jpg,D:\GP\EALPR Vechicles dataset\Vehicles\1263.jpg,False,,480,501,626,568,N/A,0.10,0.0
1264.jpg,D:\GP\EALPR Vechicles dataset\Vehicles\1264.jpg,False,,819,635,886,669,N/A,0.14,0.0
1265.jpg,D:\GP\EALPR Vechicles dataset\Vehicles\1265.jpg,False,,462,324,542,368,N/A,0.09,0.0
1266.jpg,D:\GP\EALPR Vechicles dataset\Vehicles\1266.jpg,False,,322,603,472,683,N/A,0.12,0.0
1267.jpg,D:\GP\EALPR Vechicles dataset\Vehicles\1267.jpg,False,,247,363,438,473,N/A,0.08,0.0
1268.jpg,D:\GP\EALPR Vechicles dataset\Vehicles\1268.jpg,False,,219,295,437,419,N/A,0.12,0.0
1269.jpg,D:\GP\EALPR Vechicles dataset\Vehicles\1269.jpg,False,,369,319,590,434,N/A,0.11,0.0
1270.jpg,D:\GP\EALPR Vechicles dataset\Vehicles\1270.jpg,False,,248,343,414,455,N/A,0.09,0.0
1271.jpg,D:\GP\EALPR Vechicles dataset\Vehicles\1271.jpg,False,,234,240,408,335,N/A,0.10,0.0
1272.jpg,D:\GP\EALPR Vechicles dataset\Vehicles\1272.jpg,False,,224,416,392,529,N/A,0.10,0.0
1273.jpg,D:\GP\EALPR Vechicles dataset\Vehicles\1273.jpg,False,,389,316,544,397,N/A,0.12,0.0
1274.jpg,D:\GP\EALPR Vechicles dataset\Vehicles\1274.jpg,False,,549,271,695,346,N/A,0.10,0.0
1275.jpg,D:\GP\EALPR Vechicles dataset\Vehicles\1275.jpg,False,,552,441,754,556,N/A,0.16,0.0
1276.jpg,D:\GP\EALPR Vechicles dataset\Vehicles\1276.jpg,False,,576,344,756,464,N/A,0.12,0.0
1277.jpg,D:\GP\EALPR Vechicles dataset\Vehicles\1277.jpg,False,,350,415,528,498,N/A,0.11,0.0
1278.jpg,D:\GP\EALPR Vechicles dataset\Vehicles\1278.jpg,False,,346,664,506,754,N/A,0.14,0.0
1279.jpg,D:\GP\EALPR Vechicles dataset\Vehicles\1279.jpg,False,,386,325,570,428,N/A,0.11,0.0
1280.jpg,D:\GP\EALPR Vechicles dataset\Vehicles\1280.jpg,False,,284,487,433,581,N/A,0.11,0.0
1281.jpg,D:\GP\EALPR Vechicles dataset\Vehicles\1281.jpg,False,,354,557,491,634,N/A,0.12,0.0
1282.jpg,D:\GP\EALPR Vechicles dataset\Vehicles\1282.jpg,False,,408,313,612,417,N/A,0.09,0.0
1283.jpg,D:\GP\EALPR Vechicles dataset\Vehicles\1283.jpg,False,,192,452,323,532,N/A,0.12,0.0
1284.jpg,D:\GP\EALPR Vechicles dataset\Vehicles\1284.jpg,False,,353,359,458,413,N/A,0.13,0.0
1285.jpg,D:\GP\EALPR Vechicles dataset\Vehicles\1285.jpg,False,,400,607,575,693,N/A,0.10,0.0
1286.jpg,D:\GP\EALPR Vechicles dataset\Vehicles\1286.jpg,False,,392,795,611,890,N/A,0.12,0.0
1287.jpg,D:\GP\EALPR Vechicles dataset\Vehicles\1287.jpg,False,,230,808,349,878,N/A,0.11,0.0
1288.jpg,D:\GP\EALPR Vechicles dataset\Vehicles\1288.jpg,False,,469,253,609,325,N/A,0.10,0.0
1289.jpg,D:\GP\EALPR Vechicles dataset\Vehicles\1289.jpg,False,,258,149,420,217,N/A,0.09,0.0
1290.jpg,D:\GP\EALPR Vechicles dataset\Vehicles\1290.jpg,False,,290,141,380,189,N/A,0.09,0.0
1291.jpg,D:\GP\EALPR Vechicles dataset\Vehicles\1291.jpg,False,,380,447,475,498,N/A,0.11,0.0
1292.jpg,D:\GP\EALPR Vechicles dataset\Vehicles\1292.jpg,False,,268,249,367,302,N/A,0.12,0.0
1293.jpg,D:\GP\EALPR Vechicles dataset\Vehicles\1293.jpg,False,,366,385,483,448,N/A,0.08,0.0
1294.jpg,D:\GP\EALPR Vechicles dataset\Vehicles\1294.jpg,False,,380,0,715,195,N/A,0.11,0.0
1295.jpg,D:\GP\EALPR Vechicles dataset\Vehicles\1295.jpg,False,,802,402,937,500,N/A,0.12,0.0
1296.jpg,D:\GP\EALPR Vechicles dataset\Vehicles\1296.jpg,False,,435,310,640,415,N/A,0.10,0.0
1297.jpg,D:\GP\EALPR Vechicles dataset\Vehicles\1297.jpg,False,,425,557,712,711,N/A,0.14,0.0
1298.jpg,D:\GP\EALPR Vechicles dataset\Vehicles\1298.jpg,False,,743,404,863,460,N/A,0.13,0.0
1299.jpg,D:\GP\EALPR Vechicles dataset\Vehicles\1299.jpg,False,,611,364,785,462,N/A,0.11,0.0
1300.jpg,D:\GP\EALPR Vechicles dataset\Vehicles\1300.jpg,False,,452,460,662,575,N/A,0.10,0.0
1301.jpg,D:\GP\EALPR Vechicles dataset\Vehicles\1301.jpg,False,,284,525,479,626,N/A,0.10,0.0
1302.jpg,D:\GP\EALPR Vechicles dataset\Vehicles\1302.jpg,False,,287,242,551,387,N/A,0.10,0.0
1303.jpg,D:\GP\EALPR Vechicles dataset\Vehicles\1303.jpg,False,,426,467,519,523,N/A,0.09,0.0
1304.jpg,D:\GP\EALPR Vechicles dataset\Vehicles\1304.jpg,False,,397,434,461,471,N/A,0.08,0.0
1305.jpg,D:\GP\EALPR Vechicles dataset\Vehicles\1305.jpg,False,,607,707,859,836,N/A,0.14,0.0
1306.jpg,D:\GP\EALPR Vechicles dataset\Vehicles\1306.jpg,False,,411,763,595,850,N/A,0.11,0.0
1307.jpg,D:\GP\EALPR Vechicles dataset\Vehicles\1307.jpg,False,,378,388,479,443,N/A,0.07,0.0
1308.jpg,D:\GP\EALPR Vechicles dataset\Vehicles\1308.jpg,False,,301,624,558,749,N/A,0.11,0.0
1309.jpg,D:\GP\EALPR Vechicles dataset\Vehicles\1309.jpg,False,,232,562,320,609,N/A,0.10,0.0
1310.jpg,D:\GP\EALPR Vechicles dataset\Vehicles\1310.jpg,False,,411,435,663,564,N/A,0.11,0.0
1311.jpg,D:\GP\EALPR Vechicles dataset\Vehicles\1311.jpg,False,,316,255,457,336,N/A,0.10,0.0
1312.jpg,D:\GP\EALPR Vechicles dataset\Vehicles\1312.jpg,False,,656,435,914,563,N/A,0.10,0.0
1313.jpg,D:\GP\EALPR Vechicles dataset\Vehicles\1313.jpg,False,,210,305,384,391,N/A,0.11,0.0
1314.jpg,D:\GP\EALPR Vechicles dataset\Vehicles\1314.jpg,False,,394,453,576,552,N/A,0.10,0.0
1315.jpg,D:\GP\EALPR Vechicles dataset\Vehicles\1315.jpg,False,,414,412,526,485,N/A,0.09,0.0
1316.jpg,D:\GP\EALPR Vechicles dataset\Vehicles\1316.jpg,False,,439,477,548,533,N/A,0.14,0.0
1317.jpg,D:\GP\EALPR Vechicles dataset\Vehicles\1317.jpg,False,,311,645,459,722,N/A,0.15,0.0
1318.jpg,D:\GP\EALPR Vechicles dataset\Vehicles\1318.jpg,False,,343,391,582,511,N/A,0.14,0.0
1319.jpg,D:\GP\EALPR Vechicles dataset\Vehicles\1319.jpg,False,,400,841,650,965,N/A,0.19,0.0
1320.jpg,D:\GP\EALPR Vechicles dataset\Vehicles\1320.jpg,False,,223,911,481,1024,N/A,0.10,0.0
1321.jpg,D:\GP\EALPR Vechicles dataset\Vehicles\1321.jpg,False,,109,323,231,394,N/A,0.10,0.0
1322.jpg,D:\GP\EALPR Vechicles dataset\Vehicles\1322.jpg,False,,384,497,536,576,N/A,0.12,0.0
1323.jpg,D:\GP\EALPR Vechicles dataset\Vehicles\1323.jpg,False,,230,522,341,579,N/A,0.10,0.0
1324.jpg,D:\GP\EALPR Vechicles dataset\Vehicles\1324.jpg,False,,461,709,609,785,N/A,0.12,0.0
1325.jpg,D:\GP\EALPR Vechicles dataset\Vehicles\1325.jpg,False,,448,317,662,426,N/A,0.09,0.0
1326.jpg,D:\GP\EALPR Vechicles dataset\Vehicles\1326.jpg,False,,203,317,617,550,N/A,0.10,0.0
1327.jpg,D:\GP\EALPR Vechicles dataset\Vehicles\1327.jpg,False,,329,664,492,748,N/A,0.10,0.0
1328.jpg,D:\GP\EALPR Vechicles dataset\Vehicles\1328.jpg,False,,369,272,450,316,N/A,0.09,0.0
1329.jpg,D:\GP\EALPR Vechicles dataset\Vehicles\1329.jpg,False,,404,717,617,817,N/A,0.12,0.0
1330.jpg,D:\GP\EALPR Vechicles dataset\Vehicles\1330.jpg,False,,386,369,488,422,N/A,0.13,0.0
1331.jpg,D:\GP\EALPR Vechicles dataset\Vehicles\1331.jpg,False,,385,536,480,590,N/A,0.10,0.0
1332.jpg,D:\GP\EALPR Vechicles dataset\Vehicles\1332.jpg,False,,368,406,709,573,N/A,0.09,0.0
1333.jpg,D:\GP\EALPR Vechicles dataset\Vehicles\1333.jpg,False,,331,472,500,562,N/A,0.10,0.0
1334.jpg,D:\GP\EALPR Vechicles dataset\Vehicles\1334.jpg,False,,329,415,533,520,N/A,0.12,0.0
1335.jpg,D:\GP\EALPR Vechicles dataset\Vehicles\1335.jpg,False,,342,482,471,550,N/A,0.14,0.0
1336.jpg,D:\GP\EALPR Vechicles dataset\Vehicles\1336.jpg,False,,321,492,476,565,N/A,0.10,0.0
1337.jpg,D:\GP\EALPR Vechicles dataset\Vehicles\1337.jpg,False,,456,341,587,409,N/A,0.12,0.0
1338.jpg,D:\GP\EALPR Vechicles dataset\Vehicles\1338.jpg,False,,244,405,375,467,N/A,0.11,0.0
1339.jpg,D:\GP\EALPR Vechicles dataset\Vehicles\1339.jpg,False,,540,522,757,638,N/A,0.08,0.0
1340.jpg,D:\GP\EALPR Vechicles dataset\Vehicles\1340.jpg,False,,309,577,694,770,N/A,0.10,0.0
1341.jpg,D:\GP\EALPR Vechicles dataset\Vehicles\1341.jpg,False,,406,417,639,530,N/A,0.09,0.0
1342.jpg,D:\GP\EALPR Vechicles dataset\Vehicles\1342.jpg,False,,372,694,507,760,N/A,0.09,0.0
1343.jpg,D:\GP\EALPR Vechicles dataset\Vehicles\1343.jpg,False,,411,666,639,773,N/A,0.10,0.0
1344.jpg,D:\GP\EALPR Vechicles dataset\Vehicles\1344.jpg,False,,315,445,455,518,N/A,0.10,0.0
1345.jpg,D:\GP\EALPR Vechicles dataset\Vehicles\1345.jpg,False,,563,340,662,389,N/A,0.13,0.0
1346.jpg,D:\GP\EALPR Vechicles dataset\Vehicles\1346.jpg,False,,364,479,526,559,N/A,0.10,0.0
1347.jpg,D:\GP\EALPR Vechicles dataset\Vehicles\1347.jpg,False,,230,636,312,686,N/A,0.10,0.0
1348.jpg,D:\GP\EALPR Vechicles dataset\Vehicles\1348.jpg,False,,446,431,758,568,N/A,0.10,0.0
1349.jpg,D:\GP\EALPR Vechicles dataset\Vehicles\1349.jpg,False,,486,298,647,383,N/A,0.11,0.0
1350.jpg,D:\GP\EALPR Vechicles dataset\Vehicles\1350.jpg,False,,377,613,538,699,N/A,0.11,0.0
1351.jpg,D:\GP\EALPR Vechicles dataset\Vehicles\1351.jpg,False,,703,853,856,931,N/A,0.13,0.0
1352.jpg,D:\GP\EALPR Vechicles dataset\Vehicles\1352.jpg,False,,424,486,487,520,N/A,0.11,0.0
1353.jpg,D:\GP\EALPR Vechicles dataset\Vehicles\1353.jpg,False,,277,400,743,541,N/A,0.17,0.0
1354.jpg,D:\GP\EALPR Vechicles dataset\Vehicles\1354.jpg,False,,490,518,655,606,N/A,0.14,0.0
1355.jpg,D:\GP\EALPR Vechicles dataset\Vehicles\1355.jpg,False,,466,538,597,597,N/A,0.13,0.0
1356.jpg,D:\GP\EALPR Vechicles dataset\Vehicles\1356.jpg,False,,299,616,462,713,N/A,0.13,0.0
1357.jpg,D:\GP\EALPR Vechicles dataset\Vehicles\1357.jpg,False,,315,561,494,654,N/A,0.10,0.0
1358.jpg,D:\GP\EALPR Vechicles dataset\Vehicles\1358.jpg,False,,212,550,423,640,N/A,0.11,0.0
1359.jpg,D:\GP\EALPR Vechicles dataset\Vehicles\1359.jpg,False,,450,441,576,510,N/A,0.14,0.0
1360.jpg,D:\GP\EALPR Vechicles dataset\Vehicles\1360.jpg,False,,361,553,536,636,N/A,0.13,0.0
1361.jpg,D:\GP\EALPR Vechicles dataset\Vehicles\1361.jpg,False,,209,398,522,555,N/A,0.12,0.0
1362.jpg,D:\GP\EALPR Vechicles dataset\Vehicles\1362.jpg,False,,470,528,696,643,N/A,0.13,0.0
1363.jpg,D:\GP\EALPR Vechicles dataset\Vehicles\1363.jpg,False,,418,543,620,656,N/A,0.11,0.0
1364.jpg,D:\GP\EALPR Vechicles dataset\Vehicles\1364.jpg,False,,592,503,662,547,N/A,0.12,0.0
1365.jpg,D:\GP\EALPR Vechicles dataset\Vehicles\1365.jpg,False,,450,595,570,659,N/A,0.10,0.0
1366.jpg,D:\GP\EALPR Vechicles dataset\Vehicles\1366.jpg,False,,368,696,615,824,N/A,0.12,0.0
1367.jpg,D:\GP\EALPR Vechicles dataset\Vehicles\1367.jpg,False,,321,406,443,468,N/A,0.10,0.0
1368.jpg,D:\GP\EALPR Vechicles dataset\Vehicles\1368.jpg,False,,452,302,697,429,N/A,0.10,0.0
1369.jpg,D:\GP\EALPR Vechicles dataset\Vehicles\1369.jpg,False,,409,309,596,392,N/A,0.07,0.0
1370.jpg,D:\GP\EALPR Vechicles dataset\Vehicles\1370.jpg,False,,311,369,687,575,N/A,0.10,0.0
1371.jpg,D:\GP\EALPR Vechicles dataset\Vehicles\1371.jpg,False,,451,354,680,468,N/A,0.13,0.0
1372.jpg,D:\GP\EALPR Vechicles dataset\Vehicles\1372.jpg,False,,493,441,641,513,N/A,0.11,0.0
1373.jpg,D:\GP\EALPR Vechicles dataset\Vehicles\1373.jpg,False,,413,633,654,773,N/A,0.12,0.0
1374.jpg,D:\GP\EALPR Vechicles dataset\Vehicles\1374.jpg,False,,195,545,618,753,N/A,0.11,0.0
1375.jpg,D:\GP\EALPR Vechicles dataset\Vehicles\1375.jpg,False,,425,306,708,449,N/A,0.11,0.0
1376.jpg,D:\GP\EALPR Vechicles dataset\Vehicles\1376.jpg,False,,422,463,660,585,N/A,0.13,0.0
1377.jpg,D:\GP\EALPR Vechicles dataset\Vehicles\1377.jpg,False,,734,254,882,335,N/A,0.09,0.0
1378.jpg,D:\GP\EALPR Vechicles dataset\Vehicles\1378.jpg,False,,442,409,561,471,N/A,0.11,0.0
1379.jpg,D:\GP\EALPR Vechicles dataset\Vehicles\1379.jpg,False,,402,389,502,438,N/A,0.11,0.0
1380.jpg,D:\GP\EALPR Vechicles dataset\Vehicles\1380.jpg,False,,385,429,568,523,N/A,0.11,0.0
1381.jpg,D:\GP\EALPR Vechicles dataset\Vehicles\1381.jpg,False,,453,517,647,623,N/A,0.13,0.0
1382.jpg,D:\GP\EALPR Vechicles dataset\Vehicles\1382.jpg,False,,273,486,559,651,N/A,0.10,0.0
1383.jpg,D:\GP\EALPR Vechicles dataset\Vehicles\1383.jpg,False,,331,557,527,663,N/A,0.12,0.0
1384.jpg,D:\GP\EALPR Vechicles dataset\Vehicles\1384.jpg,False,,261,353,490,473,N/A,0.10,0.0
1385.jpg,D:\GP\EALPR Vechicles dataset\Vehicles\1385.jpg,False,,277,843,403,914,N/A,0.10,0.0
1386.jpg,D:\GP\EALPR Vechicles dataset\Vehicles\1386.jpg,False,,435,418,543,480,N/A,0.10,0.0
1387.jpg,D:\GP\EALPR Vechicles dataset\Vehicles\1387.jpg,False,,444,808,611,892,N/A,0.12,0.0
1388.jpg,D:\GP\EALPR Vechicles dataset\Vehicles\1388.jpg,False,,498,882,646,947,N/A,0.11,0.0
1389.jpg,D:\GP\EALPR Vechicles dataset\Vehicles\1389.jpg,False,,421,548,665,674,N/A,0.16,0.0
1390.jpg,D:\GP\EALPR Vechicles dataset\Vehicles\1390.jpg,False,,418,534,625,640,N/A,0.11,0.0
1391.jpg,D:\GP\EALPR Vechicles dataset\Vehicles\1391.jpg,False,,251,348,412,430,N/A,0.11,0.0
1392.jpg,D:\GP\EALPR Vechicles dataset\Vehicles\1392.jpg,False,,218,567,341,629,N/A,0.12,0.0
1393.jpg,D:\GP\EALPR Vechicles dataset\Vehicles\1393.jpg,False,,505,620,658,702,N/A,0.10,0.0
1394.jpg,D:\GP\EALPR Vechicles dataset\Vehicles\1394.jpg,False,,211,661,568,836,N/A,0.10,0.0
1395.jpg,D:\GP\EALPR Vechicles dataset\Vehicles\1395.jpg,False,,583,129,688,190,N/A,0.11,0.0
1396.jpg,D:\GP\EALPR Vechicles dataset\Vehicles\1396.jpg,False,,521,249,659,328,N/A,0.11,0.0
1397.jpg,D:\GP\EALPR Vechicles dataset\Vehicles\1397.jpg,False,,403,151,654,277,N/A,0.13,0.0
1398.jpg,D:\GP\EALPR Vechicles dataset\Vehicles\1398.jpg,False,,316,513,541,627,N/A,0.10,0.0
1399.jpg,D:\GP\EALPR Vechicles dataset\Vehicles\1399.jpg,False,,256,563,365,621,N/A,0.11,0.0
1400.jpg,D:\GP\EALPR Vechicles dataset\Vehicles\1400.jpg,False,,304,497,395,546,N/A,0.09,0.0
1401.jpg,D:\GP\EALPR Vechicles dataset\Vehicles\1401.jpg,False,,380,456,574,565,N/A,0.12,0.0
1402.jpg,D:\GP\EALPR Vechicles dataset\Vehicles\1402.jpg,False,,478,478,637,569,N/A,0.13,0.0
1403.jpg,D:\GP\EALPR Vechicles dataset\Vehicles\1403.jpg,False,,169,475,397,603,N/A,0.09,0.0
1404.jpg,D:\GP\EALPR Vechicles dataset\Vehicles\1404.jpg,False,,404,403,662,531,N/A,0.08,0.0
1405.jpg,D:\GP\EALPR Vechicles dataset\Vehicles\1405.jpg,False,,326,578,580,702,N/A,0.11,0.0
1406.jpg,D:\GP\EALPR Vechicles dataset\Vehicles\1406.jpg,False,,339,388,547,506,N/A,0.11,0.0
1407.jpg,D:\GP\EALPR Vechicles dataset\Vehicles\1407.jpg,False,,301,408,597,562,N/A,0.12,0.0
1408.jpg,D:\GP\EALPR Vechicles dataset\Vehicles\1408.jpg,False,,454,860,636,951,N/A,0.13,0.0
1409.jpg,D:\GP\EALPR Vechicles dataset\Vehicles\1409.jpg,False,,312,359,583,499,N/A,0.13,0.0
1410.jpg,D:\GP\EALPR Vechicles dataset\Vehicles\1410.jpg,False,,362,308,552,410,N/A,0.12,0.0
1411.jpg,D:\GP\EALPR Vechicles dataset\Vehicles\1411.jpg,False,,337,333,624,474,N/A,0.11,0.0
1412.jpg,D:\GP\EALPR Vechicles dataset\Vehicles\1412.jpg,False,,194,614,329,697,N/A,0.11,0.0
1413.jpg,D:\GP\EALPR Vechicles dataset\Vehicles\1413.jpg,False,,298,354,422,422,N/A,0.10,0.0
1414.jpg,D:\GP\EALPR Vechicles dataset\Vehicles\1414.jpg,False,,341,548,597,662,N/A,0.11,0.0
1415.jpg,D:\GP\EALPR Vechicles dataset\Vehicles\1415.jpg,False,,434,452,541,509,N/A,0.11,0.0
1416.jpg,D:\GP\EALPR Vechicles dataset\Vehicles\1416.jpg,False,,522,563,594,600,N/A,0.11,0.0
1417.jpg,D:\GP\EALPR Vechicles dataset\Vehicles\1417.jpg,False,,409,407,634,524,N/A,0.11,0.0
1418.jpg,D:\GP\EALPR Vechicles dataset\Vehicles\1418.jpg,False,,501,491,713,600,N/A,0.11,0.0
1419.jpg,D:\GP\EALPR Vechicles dataset\Vehicles\1419.jpg,False,,448,560,676,673,N/A,0.17,0.0
1420.jpg,D:\GP\EALPR Vechicles dataset\Vehicles\1420.jpg,False,,420,570,534,627,N/A,0.10,0.0
1421.jpg,D:\GP\EALPR Vechicles dataset\Vehicles\1421.jpg,False,,376,497,581,600,N/A,0.10,0.0
1422.jpg,D:\GP\EALPR Vechicles dataset\Vehicles\1422.jpg,False,,359,676,640,819,N/A,0.11,0.0
1423.jpg,D:\GP\EALPR Vechicles dataset\Vehicles\1423.jpg,False,,356,749,487,822,N/A,0.10,0.0
1424.jpg,D:\GP\EALPR Vechicles dataset\Vehicles\1424.jpg,False,,411,696,570,776,N/A,0.14,0.0
1425.jpg,D:\GP\EALPR Vechicles dataset\Vehicles\1425.jpg,False,,466,410,650,504,N/A,0.11,0.0
1426.jpg,D:\GP\EALPR Vechicles dataset\Vehicles\1426.jpg,False,,291,768,486,869,N/A,0.10,0.0
1427.jpg,D:\GP\EALPR Vechicles dataset\Vehicles\1427.jpg,False,,362,667,511,747,N/A,0.12,0.0
1428.jpg,D:\GP\EALPR Vechicles dataset\Vehicles\1428.jpg,False,,405,305,600,396,N/A,0.08,0.0
1429.jpg,D:\GP\EALPR Vechicles dataset\Vehicles\1429.jpg,False,,360,601,535,700,N/A,0.10,0.0
1430.jpg,D:\GP\EALPR Vechicles dataset\Vehicles\1430.jpg,False,,372,689,565,794,N/A,0.11,0.0
1431.jpg,D:\GP\EALPR Vechicles dataset\Vehicles\1431.jpg,False,,428,224,647,335,N/A,0.08,0.0
1432.jpg,D:\GP\EALPR Vechicles dataset\Vehicles\1432.jpg,False,,484,373,593,430,N/A,0.09,0.0
1433.jpg,D:\GP\EALPR Vechicles dataset\Vehicles\1433.jpg,False,,410,300,684,437,N/A,0.09,0.0
1434.jpg,D:\GP\EALPR Vechicles dataset\Vehicles\1434.jpg,False,,353,533,470,592,N/A,0.10,0.0
1435.jpg,D:\GP\EALPR Vechicles dataset\Vehicles\1435.jpg,False,,348,587,508,669,N/A,0.12,0.0
1436.jpg,D:\GP\EALPR Vechicles dataset\Vehicles\1436.jpg,False,,66,276,116,311,N/A,0.09,0.0
1437.jpg,D:\GP\EALPR Vechicles dataset\Vehicles\1437.jpg,False,,536,381,742,487,N/A,0.11,0.0
1438.jpg,D:\GP\EALPR Vechicles dataset\Vehicles\1438.jpg,False,,492,339,653,417,N/A,0.11,0.0
1439.jpg,D:\GP\EALPR Vechicles dataset\Vehicles\1439.jpg,False,,479,602,634,682,N/A,0.11,0.0
1440.jpg,D:\GP\EALPR Vechicles dataset\Vehicles\1440.jpg,False,,147,198,876,554,N/A,0.11,0.0
1441.jpg,D:\GP\EALPR Vechicles dataset\Vehicles\1441.jpg,False,,409,424,527,482,N/A,0.11,0.0
1442.jpg,D:\GP\EALPR Vechicles dataset\Vehicles\1442.jpg,False,,419,537,598,629,N/A,0.09,0.0
1443.jpg,D:\GP\EALPR Vechicles dataset\Vehicles\1443.jpg,False,,519,545,684,626,N/A,0.11,0.0
1444.jpg,D:\GP\EALPR Vechicles dataset\Vehicles\1444.jpg,False,,283,610,474,721,N/A,0.11,0.0
1445.jpg,D:\GP\EALPR Vechicles dataset\Vehicles\1445.jpg,False,,549,355,712,441,N/A,0.12,0.0
1446.jpg,D:\GP\EALPR Vechicles dataset\Vehicles\1446.jpg,False,,438,552,618,635,N/A,0.11,0.0
1447.jpg,D:\GP\EALPR Vechicles dataset\Vehicles\1447.jpg,False,,272,319,354,364,N/A,0.13,0.0
1448.jpg,D:\GP\EALPR Vechicles dataset\Vehicles\1448.jpg,False,,429,580,529,632,N/A,0.10,0.0
1449.jpg,D:\GP\EALPR Vechicles dataset\Vehicles\1449.jpg,False,,486,508,579,559,N/A,0.13,0.0
1450.jpg,D:\GP\EALPR Vechicles dataset\Vehicles\1450.jpg,False,,431,565,525,613,N/A,0.11,0.0
1451.jpg,D:\GP\EALPR Vechicles dataset\Vehicles\1451.jpg,False,,400,527,653,658,N/A,0.12,0.0
1452.jpg,D:\GP\EALPR Vechicles dataset\Vehicles\1452.jpg,False,,455,617,639,695,N/A,0.11,0.0
1453.jpg,D:\GP\EALPR Vechicles dataset\Vehicles\1453.jpg,False,,436,880,676,982,N/A,0.14,0.0
1454.jpg,D:\GP\EALPR Vechicles dataset\Vehicles\1454.jpg,False,,358,621,555,722,N/A,0.13,0.0
1455.jpg,D:\GP\EALPR Vechicles dataset\Vehicles\1455.jpg,False,,321,690,571,822,N/A,0.11,0.0
1456.jpg,D:\GP\EALPR Vechicles dataset\Vehicles\1456.jpg,False,,370,136,548,241,N/A,0.13,0.0
1457.jpg,D:\GP\EALPR Vechicles dataset\Vehicles\1457.jpg,False,,429,452,598,538,N/A,0.11,0.0
1458.jpg,D:\GP\EALPR Vechicles dataset\Vehicles\1458.jpg,False,,560,427,664,482,N/A,0.13,0.0
1459.jpg,D:\GP\EALPR Vechicles dataset\Vehicles\1459.jpg,False,,362,634,486,695,N/A,0.13,0.0
1460.jpg,D:\GP\EALPR Vechicles dataset\Vehicles\1460.jpg,False,,368,361,571,467,N/A,0.09,0.0
1461.jpg,D:\GP\EALPR Vechicles dataset\Vehicles\1461.jpg,False,,163,462,703,671,N/A,0.10,0.0
1462.jpg,D:\GP\EALPR Vechicles dataset\Vehicles\1462.jpg,False,,281,694,396,777,N/A,0.14,0.0
1463.jpg,D:\GP\EALPR Vechicles dataset\Vehicles\1463.jpg,False,,364,668,532,756,N/A,0.11,0.0
1464.jpg,D:\GP\EALPR Vechicles dataset\Vehicles\1464.jpg,False,,368,272,547,361,N/A,0.11,0.0
1465.jpg,D:\GP\EALPR Vechicles dataset\Vehicles\1465.jpg,False,,409,824,575,907,N/A,0.10,0.0
1466.jpg,D:\GP\EALPR Vechicles dataset\Vehicles\1466.jpg,False,,540,264,711,351,N/A,0.11,0.0
1467.jpg,D:\GP\EALPR Vechicles dataset\Vehicles\1467.jpg,False,,402,471,524,533,N/A,0.11,0.0
1468.jpg,D:\GP\EALPR Vechicles dataset\Vehicles\1468.jpg,False,,399,490,647,616,N/A,0.09,0.0
1469.jpg,D:\GP\EALPR Vechicles dataset\Vehicles\1469.jpg,False,,477,729,685,828,N/A,0.13,0.0
1470.jpg,D:\GP\EALPR Vechicles dataset\Vehicles\1470.jpg,False,,381,864,673,971,N/A,0.13,0.0
1471.jpg,D:\GP\EALPR Vechicles dataset\Vehicles\1471.jpg,False,,439,436,604,518,N/A,0.11,0.0
1472.jpg,D:\GP\EALPR Vechicles dataset\Vehicles\1472.jpg,False,,352,440,508,526,N/A,0.08,0.0
1473.jpg,D:\GP\EALPR Vechicles dataset\Vehicles\1473.jpg,False,,407,206,626,311,N/A,0.10,0.0
1474.jpg,D:\GP\EALPR Vechicles dataset\Vehicles\1474.jpg,False,,409,585,656,708,N/A,0.09,0.0
1475.jpg,D:\GP\EALPR Vechicles dataset\Vehicles\1475.jpg,False,,344,744,508,823,N/A,0.09,0.0
1476.jpg,D:\GP\EALPR Vechicles dataset\Vehicles\1476.jpg,False,,407,366,485,410,N/A,0.12,0.0
1477.jpg,D:\GP\EALPR Vechicles dataset\Vehicles\1477.jpg,False,,426,621,553,685,N/A,0.10,0.0
1478.jpg,D:\GP\EALPR Vechicles dataset\Vehicles\1478.jpg,False,,445,442,502,473,N/A,0.12,0.0
1479.jpg,D:\GP\EALPR Vechicles dataset\Vehicles\1479.jpg,False,,278,542,362,585,N/A,0.14,0.0
1480.jpg,D:\GP\EALPR Vechicles dataset\Vehicles\1480.jpg,False,,401,384,512,442,N/A,0.11,0.0
1481.jpg,D:\GP\EALPR Vechicles dataset\Vehicles\1481.jpg,False,,666,632,823,727,N/A,0.13,0.0
1482.jpg,D:\GP\EALPR Vechicles dataset\Vehicles\1482.jpg,False,,595,796,727,878,N/A,0.14,0.0
1483.jpg,D:\GP\EALPR Vechicles dataset\Vehicles\1483.jpg,False,,291,350,418,414,N/A,0.11,0.0
1484.jpg,D:\GP\EALPR Vechicles dataset\Vehicles\1484.jpg,False,,438,318,575,392,N/A,0.10,0.0
1485.jpg,D:\GP\EALPR Vechicles dataset\Vehicles\1485.jpg,False,,353,470,505,552,N/A,0.11,0.0
1486.jpg,D:\GP\EALPR Vechicles dataset\Vehicles\1486.jpg,False,,465,574,568,627,N/A,0.10,0.0
1487.jpg,D:\GP\EALPR Vechicles dataset\Vehicles\1487.jpg,False,,415,403,531,463,N/A,0.10,0.0
1488.jpg,D:\GP\EALPR Vechicles dataset\Vehicles\1488.jpg,False,,367,494,535,580,N/A,0.10,0.0
1489.jpg,D:\GP\EALPR Vechicles dataset\Vehicles\1489.jpg,False,,392,529,658,660,N/A,0.10,0.0
1490.jpg,D:\GP\EALPR Vechicles dataset\Vehicles\1490.jpg,False,,281,474,422,548,N/A,0.12,0.0
1491.jpg,D:\GP\EALPR Vechicles dataset\Vehicles\1491.jpg,False,,370,492,519,569,N/A,0.09,0.0
1492.jpg,D:\GP\EALPR Vechicles dataset\Vehicles\1492.jpg,False,,156,372,418,514,N/A,0.10,0.0
1493.jpg,D:\GP\EALPR Vechicles dataset\Vehicles\1493.jpg,False,,364,416,479,476,N/A,0.10,0.0
1494.jpg,D:\GP\EALPR Vechicles dataset\Vehicles\1494.jpg,False,,406,480,481,520,N/A,0.10,0.0
1495.jpg,D:\GP\EALPR Vechicles dataset\Vehicles\1495.jpg,False,,387,729,583,825,N/A,0.10,0.0
1496.jpg,D:\GP\EALPR Vechicles dataset\Vehicles\1496.jpg,False,,351,466,491,535,N/A,0.10,0.0
1497.jpg,D:\GP\EALPR Vechicles dataset\Vehicles\1497.jpg,False,,87,186,148,224,N/A,0.11,0.0
1498.jpg,D:\GP\EALPR Vechicles dataset\Vehicles\1498.jpg,False,,411,706,566,789,N/A,0.11,0.0
1499.jpg,D:\GP\EALPR Vechicles dataset\Vehicles\1499.jpg,False,,450,375,615,465,N/A,0.14,0.0
1500.jpg,D:\GP\EALPR Vechicles dataset\Vehicles\1500.jpg,False,,393,309,552,389,N/A,0.11,0.0
1501.jpg,D:\GP\EALPR Vechicles dataset\Vehicles\1501.jpg,False,,401,410,508,464,N/A,0.11,0.0
1502.jpg,D:\GP\EALPR Vechicles dataset\Vehicles\1502.jpg,False,,178,165,238,198,N/A,0.11,0.0
1503.jpg,D:\GP\EALPR Vechicles dataset\Vehicles\1503.jpg,False,,461,397,600,469,N/A,0.11,0.0
1504.jpg,D:\GP\EALPR Vechicles dataset\Vehicles\1504.jpg,False,,352,667,512,742,N/A,0.11,0.0
1505.jpg,D:\GP\EALPR Vechicles dataset\Vehicles\1505.jpg,False,,547,534,691,644,N/A,0.11,0.0
1506.jpg,D:\GP\EALPR Vechicles dataset\Vehicles\1506.jpg,False,,384,489,605,599,N/A,0.11,0.0
1507.jpg,D:\GP\EALPR Vechicles dataset\Vehicles\1507.jpg,False,,378,741,564,831,N/A,0.12,0.0
1508.jpg,D:\GP\EALPR Vechicles dataset\Vehicles\1508.jpg,False,,373,809,495,873,N/A,0.11,0.0
1509.jpg,D:\GP\EALPR Vechicles dataset\Vehicles\1509.jpg,False,,349,536,556,639,N/A,0.13,0.0
1510.jpg,D:\GP\EALPR Vechicles dataset\Vehicles\1510.jpg,False,,391,140,691,294,N/A,0.11,0.0
1511.jpg,D:\GP\EALPR Vechicles dataset\Vehicles\1511.jpg,False,,378,430,579,561,N/A,0.11,0.0
1512.jpg,D:\GP\EALPR Vechicles dataset\Vehicles\1512.jpg,False,,478,547,713,678,N/A,0.13,0.0
1513.jpg,D:\GP\EALPR Vechicles dataset\Vehicles\1513.jpg,False,,475,259,728,392,N/A,0.12,0.0
1514.jpg,D:\GP\EALPR Vechicles dataset\Vehicles\1514.jpg,False,,228,435,354,496,N/A,0.12,0.0
1515.jpg,D:\GP\EALPR Vechicles dataset\Vehicles\1515.jpg,False,,304,644,436,721,N/A,0.11,0.0
1516.jpg,D:\GP\EALPR Vechicles dataset\Vehicles\1516.jpg,False,,402,202,600,314,N/A,0.08,0.0
1517.jpg,D:\GP\EALPR Vechicles dataset\Vehicles\1517.jpg,False,,414,231,642,343,N/A,0.08,0.0
1518.jpg,D:\GP\EALPR Vechicles dataset\Vehicles\1518.jpg,False,,399,571,602,672,N/A,0.09,0.0
1519.jpg,D:\GP\EALPR Vechicles dataset\Vehicles\1519.jpg,False,,386,530,571,625,N/A,0.14,0.0
1520.jpg,D:\GP\EALPR Vechicles dataset\Vehicles\1520.jpg,False,,339,636,548,731,N/A,0.11,0.0
1521.jpg,D:\GP\EALPR Vechicles dataset\Vehicles\1521.jpg,False,,178,219,270,264,N/A,0.10,0.0
1522.jpg,D:\GP\EALPR Vechicles dataset\Vehicles\1522.jpg,False,,441,358,1060,687,N/A,0.10,0.0
1523.jpg,D:\GP\EALPR Vechicles dataset\Vehicles\1523.jpg,False,,451,491,558,552,N/A,0.10,0.0
1524.jpg,D:\GP\EALPR Vechicles dataset\Vehicles\1524.jpg,False,,386,407,505,469,N/A,0.11,0.0
1525.jpg,D:\GP\EALPR Vechicles dataset\Vehicles\1525.jpg,False,,465,906,671,997,N/A,0.16,0.0
1526.jpg,D:\GP\EALPR Vechicles dataset\Vehicles\1526.jpg,False,,237,381,409,486,N/A,0.11,0.0
1527.jpg,D:\GP\EALPR Vechicles dataset\Vehicles\1527.jpg,False,,386,565,532,638,N/A,0.11,0.0
1528.jpg,D:\GP\EALPR Vechicles dataset\Vehicles\1528.jpg,False,,383,467,468,510,N/A,0.13,0.0
1529.jpg,D:\GP\EALPR Vechicles dataset\Vehicles\1529.jpg,False,,331,367,633,517,N/A,0.10,0.0
1530.jpg,D:\GP\EALPR Vechicles dataset\Vehicles\1530.jpg,False,,468,727,634,808,N/A,0.13,0.0
1531.jpg,D:\GP\EALPR Vechicles dataset\Vehicles\1531.jpg,False,,436,423,596,502,N/A,0.12,0.0
1532.jpg,D:\GP\EALPR Vechicles dataset\Vehicles\1532.jpg,False,,274,446,403,506,N/A,0.11,0.0
1533.jpg,D:\GP\EALPR Vechicles dataset\Vehicles\1533.jpg,False,,489,492,662,573,N/A,0.11,0.0
1534.jpg,D:\GP\EALPR Vechicles dataset\Vehicles\1534.jpg,False,,358,757,572,865,N/A,0.11,0.0
1535.jpg,D:\GP\EALPR Vechicles dataset\Vehicles\1535.jpg,False,,189,747,377,844,N/A,0.13,0.0
1536.jpg,D:\GP\EALPR Vechicles dataset\Vehicles\1536.jpg,False,,467,335,678,443,N/A,0.13,0.0
1537.jpg,D:\GP\EALPR Vechicles dataset\Vehicles\1537.jpg,False,,434,524,521,568,N/A,0.11,0.0
1538.jpg,D:\GP\EALPR Vechicles dataset\Vehicles\1538.jpg,False,,320,612,487,699,N/A,0.14,0.0
1539.jpg,D:\GP\EALPR Vechicles dataset\Vehicles\1539.jpg,False,,733,568,868,641,N/A,0.16,0.0
1540.jpg,D:\GP\EALPR Vechicles dataset\Vehicles\1540.jpg,False,,334,509,481,583,N/A,0.10,0.0
1541.jpg,D:\GP\EALPR Vechicles dataset\Vehicles\1541.jpg,False,,406,534,669,664,N/A,0.10,0.0
1542.jpg,D:\GP\EALPR Vechicles dataset\Vehicles\1542.jpg,False,,362,822,534,909,N/A,0.11,0.0
1543.jpg,D:\GP\EALPR Vechicles dataset\Vehicles\1543.jpg,False,,372,720,532,795,N/A,0.10,0.0
1544.jpg,D:\GP\EALPR Vechicles dataset\Vehicles\1544.jpg,False,,420,410,642,520,N/A,0.13,0.0
1545.jpg,D:\GP\EALPR Vechicles dataset\Vehicles\1545.jpg,False,,345,553,658,719,N/A,0.09,0.0
1546.jpg,D:\GP\EALPR Vechicles dataset\Vehicles\1546.jpg,False,,416,572,591,666,N/A,0.13,0.0
1547.jpg,D:\GP\EALPR Vechicles dataset\Vehicles\1547.jpg,False,,333,506,546,613,N/A,0.11,0.0
1548.jpg,D:\GP\EALPR Vechicles dataset\Vehicles\1548.jpg,False,,713,292,828,375,N/A,0.07,0.0
1549.jpg,D:\GP\EALPR Vechicles dataset\Vehicles\1549.jpg,False,,257,492,401,560,N/A,0.11,0.0
1550.jpg,D:\GP\EALPR Vechicles dataset\Vehicles\1550.jpg,False,,534,440,682,518,N/A,0.09,0.0
1551.jpg,D:\GP\EALPR Vechicles dataset\Vehicles\1551.jpg,False,,434,497,685,616,N/A,0.12,0.0
1552.jpg,D:\GP\EALPR Vechicles dataset\Vehicles\1552.jpg,False,,398,659,574,746,N/A,0.12,0.0
1553.jpg,D:\GP\EALPR Vechicles dataset\Vehicles\1553.jpg,False,,436,371,625,466,N/A,0.11,0.0
1554.jpg,D:\GP\EALPR Vechicles dataset\Vehicles\1554.jpg,False,,333,430,497,511,N/A,0.13,0.0
1555.jpg,D:\GP\EALPR Vechicles dataset\Vehicles\1555.jpg,False,,268,402,362,451,N/A,0.12,0.0
1556.jpg,D:\GP\EALPR Vechicles dataset\Vehicles\1556.jpg,False,,522,638,725,736,N/A,0.11,0.0
1557.jpg,D:\GP\EALPR Vechicles dataset\Vehicles\1557.jpg,False,,407,534,515,591,N/A,0.11,0.0
1558.jpg,D:\GP\EALPR Vechicles dataset\Vehicles\1558.jpg,False,,409,439,512,496,N/A,0.10,0.0
1559.jpg,D:\GP\EALPR Vechicles dataset\Vehicles\1559.jpg,False,,372,425,480,482,N/A,0.09,0.0
1560.jpg,D:\GP\EALPR Vechicles dataset\Vehicles\1560.jpg,False,,408,610,516,666,N/A,0.10,0.0
1561.jpg,D:\GP\EALPR Vechicles dataset\Vehicles\1561.jpg,False,,351,342,455,396,N/A,0.12,0.0
1562.jpg,D:\GP\EALPR Vechicles dataset\Vehicles\1562.jpg,False,,378,367,459,415,N/A,0.12,0.0
1563.jpg,D:\GP\EALPR Vechicles dataset\Vehicles\1563.jpg,False,,488,296,557,335,N/A,0.08,0.0
1564.jpg,D:\GP\EALPR Vechicles dataset\Vehicles\1564.jpg,False,,399,622,585,714,N/A,0.14,0.0
1565.jpg,D:\GP\EALPR Vechicles dataset\Vehicles\1565.jpg,False,,410,466,678,602,N/A,0.10,0.0
1566.jpg,D:\GP\EALPR Vechicles dataset\Vehicles\1566.jpg,False,,448,717,662,825,N/A,0.15,0.0
1567.jpg,D:\GP\EALPR Vechicles dataset\Vehicles\1567.jpg,False,,269,799,587,949,N/A,0.11,0.0
1568.jpg,D:\GP\EALPR Vechicles dataset\Vehicles\1568.jpg,False,,479,473,627,549,N/A,0.13,0.0
1569.jpg,D:\GP\EALPR Vechicles dataset\Vehicles\1569.jpg,False,,466,380,599,447,N/A,0.11,0.0
1570.jpg,D:\GP\EALPR Vechicles dataset\Vehicles\1570.jpg,False,,162,540,322,617,N/A,0.08,0.0
1571.jpg,D:\GP\EALPR Vechicles dataset\Vehicles\1571.jpg,False,,233,265,356,328,N/A,0.10,0.0
1572.jpg,D:\GP\EALPR Vechicles dataset\Vehicles\1572.jpg,False,,324,490,507,581,N/A,0.11,0.0
1573.jpg,D:\GP\EALPR Vechicles dataset\Vehicles\1573.jpg,False,,389,737,641,859,N/A,0.13,0.0
1574.jpg,D:\GP\EALPR Vechicles dataset\Vehicles\1574.jpg,False,,356,533,523,617,N/A,0.11,0.0
1575.jpg,D:\GP\EALPR Vechicles dataset\Vehicles\1575.jpg,False,,392,346,508,405,N/A,0.10,0.0
1576.jpg,D:\GP\EALPR Vechicles dataset\Vehicles\1576.jpg,False,,441,263,681,384,N/A,0.10,0.0
1577.jpg,D:\GP\EALPR Vechicles dataset\Vehicles\1577.jpg,False,,491,683,735,801,N/A,0.13,0.0
1578.jpg,D:\GP\EALPR Vechicles dataset\Vehicles\1578.jpg,False,,503,668,748,788,N/A,0.12,0.0
1579.jpg,D:\GP\EALPR Vechicles dataset\Vehicles\1579.jpg,False,,405,447,671,603,N/A,0.10,0.0
1580.jpg,D:\GP\EALPR Vechicles dataset\Vehicles\1580.jpg,False,,419,501,541,564,N/A,0.11,0.0
1581.jpg,D:\GP\EALPR Vechicles dataset\Vehicles\1581.jpg,False,,219,220,383,286,N/A,0.08,0.0
1582.jpg,D:\GP\EALPR Vechicles dataset\Vehicles\1582.jpg,False,,288,511,366,551,N/A,0.11,0.0
1583.jpg,D:\GP\EALPR Vechicles dataset\Vehicles\1583.jpg,False,,490,748,632,823,N/A,0.14,0.0
1584.jpg,D:\GP\EALPR Vechicles dataset\Vehicles\1584.jpg,False,,379,263,559,356,N/A,0.12,0.0
1585.jpg,D:\GP\EALPR Vechicles dataset\Vehicles\1585.jpg,False,,379,638,611,756,N/A,0.11,0.0
1586.jpg,D:\GP\EALPR Vechicles dataset\Vehicles\1586.jpg,False,,403,775,623,880,N/A,0.10,0.0
1587.jpg,D:\GP\EALPR Vechicles dataset\Vehicles\1587.jpg,False,,587,524,700,590,N/A,0.13,0.0
1588.jpg,D:\GP\EALPR Vechicles dataset\Vehicles\1588.jpg,False,,231,303,340,355,N/A,0.09,0.0
1589.jpg,D:\GP\EALPR Vechicles dataset\Vehicles\1589.jpg,False,,122,663,244,759,N/A,0.12,0.0
1590.jpg,D:\GP\EALPR Vechicles dataset\Vehicles\1590.jpg,False,,345,558,462,620,N/A,0.11,0.0
1591.jpg,D:\GP\EALPR Vechicles dataset\Vehicles\1591.jpg,False,,407,284,522,341,N/A,0.11,0.0
1592.jpg,D:\GP\EALPR Vechicles dataset\Vehicles\1592.jpg,False,,412,419,614,502,N/A,0.11,0.0
1593.jpg,D:\GP\EALPR Vechicles dataset\Vehicles\1593.jpg,False,,665,857,810,953,N/A,0.11,0.0
1594.jpg,D:\GP\EALPR Vechicles dataset\Vehicles\1594.jpg,False,,218,401,351,467,N/A,0.09,0.0
1595.jpg,D:\GP\EALPR Vechicles dataset\Vehicles\1595.jpg,False,,808,435,909,484,N/A,0.08,0.0
1596.jpg,D:\GP\EALPR Vechicles dataset\Vehicles\1596.jpg,False,,302,479,464,562,N/A,0.14,0.0
1597.jpg,D:\GP\EALPR Vechicles dataset\Vehicles\1597.jpg,False,,316,694,587,840,N/A,0.11,0.0
1598.jpg,D:\GP\EALPR Vechicles dataset\Vehicles\1598.jpg,False,,484,933,692,1038,N/A,0.11,0.0
1599.jpg,D:\GP\EALPR Vechicles dataset\Vehicles\1599.jpg,False,,416,408,539,480,N/A,0.11,0.0
1600.jpg,D:\GP\EALPR Vechicles dataset\Vehicles\1600.jpg,False,,358,425,513,505,N/A,0.11,0.0
1601.jpg,D:\GP\EALPR Vechicles dataset\Vehicles\1601.jpg,False,,191,441,351,531,N/A,0.13,0.0
1602.jpg,D:\GP\EALPR Vechicles dataset\Vehicles\1602.jpg,False,,514,710,674,787,N/A,0.13,0.0
1603.jpg,D:\GP\EALPR Vechicles dataset\Vehicles\1603.jpg,False,,351,413,581,537,N/A,0.13,0.0
1604.jpg,D:\GP\EALPR Vechicles dataset\Vehicles\1604.jpg,False,,368,909,654,1022,N/A,0.11,0.0
1605.jpg,D:\GP\EALPR Vechicles dataset\Vehicles\1605.jpg,False,,284,515,505,635,N/A,0.09,0.0
1606.jpg,D:\GP\EALPR Vechicles dataset\Vehicles\1606.jpg,False,,178,418,274,470,N/A,0.08,0.0
1607.jpg,D:\GP\EALPR Vechicles dataset\Vehicles\1607.jpg,False,,399,541,581,629,N/A,0.11,0.0
1608.jpg,D:\GP\EALPR Vechicles dataset\Vehicles\1608.jpg,False,,365,752,534,845,N/A,0.14,0.0
1609.jpg,D:\GP\EALPR Vechicles dataset\Vehicles\1609.jpg,False,,464,699,649,791,N/A,0.12,0.0
1610.jpg,D:\GP\EALPR Vechicles dataset\Vehicles\1610.jpg,False,,427,830,708,984,N/A,0.11,0.0
1611.jpg,D:\GP\EALPR Vechicles dataset\Vehicles\1611.jpg,False,,176,229,251,267,N/A,0.10,0.0
1612.jpg,D:\GP\EALPR Vechicles dataset\Vehicles\1612.jpg,False,,238,275,339,325,N/A,0.09,0.0
1613.jpg,D:\GP\EALPR Vechicles dataset\Vehicles\1613.jpg,False,,497,391,631,467,N/A,0.11,0.0
1614.jpg,D:\GP\EALPR Vechicles dataset\Vehicles\1614.jpg,False,,358,621,581,741,N/A,0.13,0.0
1615.jpg,D:\GP\EALPR Vechicles dataset\Vehicles\1615.jpg,False,,317,231,436,294,N/A,0.10,0.0
1616.jpg,D:\GP\EALPR Vechicles dataset\Vehicles\1616.jpg,False,,190,244,270,286,N/A,0.10,0.0
1617.jpg,D:\GP\EALPR Vechicles dataset\Vehicles\1617.jpg,False,,187,311,273,362,N/A,0.11,0.0
1618.jpg,D:\GP\EALPR Vechicles dataset\Vehicles\1618.jpg,False,,104,382,195,435,N/A,0.11,0.0
1619.jpg,D:\GP\EALPR Vechicles dataset\Vehicles\1619.jpg,False,,411,612,613,712,N/A,0.14,0.0
1620.jpg,D:\GP\EALPR Vechicles dataset\Vehicles\1620.jpg,False,,354,834,598,946,N/A,0.11,0.0
1621.jpg,D:\GP\EALPR Vechicles dataset\Vehicles\1621.jpg,False,,283,686,512,805,N/A,0.13,0.0
1622.jpg,D:\GP\EALPR Vechicles dataset\Vehicles\1622.jpg,False,,372,493,566,590,N/A,0.14,0.0
1623.jpg,D:\GP\EALPR Vechicles dataset\Vehicles\1623.jpg,False,,277,749,420,827,N/A,0.11,0.0
1624.jpg,D:\GP\EALPR Vechicles dataset\Vehicles\1624.jpg,False,,269,363,356,408,N/A,0.13,0.0
1625.jpg,D:\GP\EALPR Vechicles dataset\Vehicles\1625.jpg,False,,269,300,376,357,N/A,0.10,0.0
1626.jpg,D:\GP\EALPR Vechicles dataset\Vehicles\1626.jpg,False,,392,617,576,707,N/A,0.13,0.0
1627.jpg,D:\GP\EALPR Vechicles dataset\Vehicles\1627.jpg,False,,567,882,678,947,N/A,0.13,0.0
1628.jpg,D:\GP\EALPR Vechicles dataset\Vehicles\1628.jpg,False,,493,537,612,611,N/A,0.10,0.0
1629.jpg,D:\GP\EALPR Vechicles dataset\Vehicles\1629.jpg,False,,273,826,458,899,N/A,0.10,0.0
1630.jpg,D:\GP\EALPR Vechicles dataset\Vehicles\1630.jpg,False,,335,529,461,593,N/A,0.11,0.0
1631.jpg,D:\GP\EALPR Vechicles dataset\Vehicles\1631.jpg,False,,262,707,440,794,N/A,0.11,0.0
1632.jpg,D:\GP\EALPR Vechicles dataset\Vehicles\1632.jpg,False,,350,435,618,566,N/A,0.11,0.0
1633.jpg,D:\GP\EALPR Vechicles dataset\Vehicles\1633.jpg,False,,249,674,438,760,N/A,0.13,0.0
1634.jpg,D:\GP\EALPR Vechicles dataset\Vehicles\1634.jpg,False,,268,640,359,697,N/A,0.09,0.0
1635.jpg,D:\GP\EALPR Vechicles dataset\Vehicles\1635.jpg,False,,318,630,458,705,N/A,0.11,0.0
1636.jpg,D:\GP\EALPR Vechicles dataset\Vehicles\1636.jpg,False,,261,798,442,889,N/A,0.13,0.0
1637.jpg,D:\GP\EALPR Vechicles dataset\Vehicles\1637.jpg,False,,319,578,451,645,N/A,0.11,0.0
1638.jpg,D:\GP\EALPR Vechicles dataset\Vehicles\1638.jpg,False,,297,451,454,527,N/A,0.11,0.0
1639.jpg,D:\GP\EALPR Vechicles dataset\Vehicles\1639.jpg,False,,465,1027,689,1133,N/A,0.13,0.0
1640.jpg,D:\GP\EALPR Vechicles dataset\Vehicles\1640.jpg,False,,174,409,278,460,N/A,0.06,0.0
1641.jpg,D:\GP\EALPR Vechicles dataset\Vehicles\1641.jpg,False,,186,341,296,395,N/A,0.10,0.0
1642.jpg,D:\GP\EALPR Vechicles dataset\Vehicles\1642.jpg,False,,222,721,386,795,N/A,0.14,0.0
1643.jpg,D:\GP\EALPR Vechicles dataset\Vehicles\1643.jpg,False,,370,440,509,505,N/A,0.12,0.0
1644.jpg,D:\GP\EALPR Vechicles dataset\Vehicles\1644.jpg,False,,266,698,421,775,N/A,0.15,0.0
1645.jpg,D:\GP\EALPR Vechicles dataset\Vehicles\1645.jpg,False,,240,504,404,588,N/A,0.12,0.0
1646.jpg,D:\GP\EALPR Vechicles dataset\Vehicles\1646.jpg,False,,279,535,403,599,N/A,0.11,0.0
1647.jpg,D:\GP\EALPR Vechicles dataset\Vehicles\1647.jpg,False,,397,368,553,449,N/A,0.13,0.0
1648.jpg,D:\GP\EALPR Vechicles dataset\Vehicles\1648.jpg,False,,402,470,540,539,N/A,0.12,0.0
1649.jpg,D:\GP\EALPR Vechicles dataset\Vehicles\1649.jpg,False,,264,549,403,622,N/A,0.11,0.0
1650.jpg,D:\GP\EALPR Vechicles dataset\Vehicles\1650.jpg,False,,335,503,462,567,N/A,0.11,0.0
1651.jpg,D:\GP\EALPR Vechicles dataset\Vehicles\1651.jpg,False,,464,376,638,469,N/A,0.10,0.0
1652.jpg,D:\GP\EALPR Vechicles dataset\Vehicles\1652.jpg,False,,529,1334,852,1497,N/A,0.22,0.0
1653.jpg,D:\GP\EALPR Vechicles dataset\Vehicles\1653.jpg,False,,649,1045,813,1131,N/A,0.13,0.0
1654.jpg,D:\GP\EALPR Vechicles dataset\Vehicles\1654.jpg,False,,285,669,425,737,N/A,0.11,0.0
1655.jpg,D:\GP\EALPR Vechicles dataset\Vehicles\1655.jpg,False,,669,1231,943,1359,N/A,0.19,0.0
1656.jpg,D:\GP\EALPR Vechicles dataset\Vehicles\1656.jpg,False,,362,404,487,466,N/A,0.11,0.0
1657.jpg,D:\GP\EALPR Vechicles dataset\Vehicles\1657.jpg,False,,465,612,655,707,N/A,0.13,0.0
1658.jpg,D:\GP\EALPR Vechicles dataset\Vehicles\1658.jpg,False,,286,685,441,763,N/A,0.12,0.0
1659.jpg,D:\GP\EALPR Vechicles dataset\Vehicles\1659.jpg,False,,254,697,390,762,N/A,0.10,0.0
1660.jpg,D:\GP\EALPR Vechicles dataset\Vehicles\1660.jpg,False,,290,327,469,419,N/A,0.10,0.0
1661.jpg,D:\GP\EALPR Vechicles dataset\Vehicles\1661.jpg,False,,322,412,483,493,N/A,0.10,0.0
1662.jpg,D:\GP\EALPR Vechicles dataset\Vehicles\1662.jpg,False,,489,589,634,659,N/A,0.15,0.0
1663.jpg,D:\GP\EALPR Vechicles dataset\Vehicles\1663.jpg,False,,638,713,799,797,N/A,0.13,0.0
1664.jpg,D:\GP\EALPR Vechicles dataset\Vehicles\1664.jpg,False,,316,861,530,970,N/A,0.13,0.0
1665.jpg,D:\GP\EALPR Vechicles dataset\Vehicles\1665.jpg,False,,460,600,738,743,N/A,0.15,0.0
1666.jpg,D:\GP\EALPR Vechicles dataset\Vehicles\1666.jpg,False,,96,447,161,480,N/A,0.13,0.0
1667.jpg,D:\GP\EALPR Vechicles dataset\Vehicles\1667.jpg,False,,464,460,621,540,N/A,0.12,0.0
1668.jpg,D:\GP\EALPR Vechicles dataset\Vehicles\1668.jpg,False,,613,731,759,807,N/A,0.16,0.0
1669.jpg,D:\GP\EALPR Vechicles dataset\Vehicles\1669.jpg,False,,212,332,313,393,N/A,0.11,0.0
1670.jpg,D:\GP\EALPR Vechicles dataset\Vehicles\1670.jpg,False,,516,577,649,644,N/A,0.18,0.0
1671.jpg,D:\GP\EALPR Vechicles dataset\Vehicles\1671.jpg,False,,395,478,472,518,N/A,0.13,0.0
1672.jpg,D:\GP\EALPR Vechicles dataset\Vehicles\1672.jpg,False,,220,220,298,259,N/A,0.08,0.0
1673.jpg,D:\GP\EALPR Vechicles dataset\Vehicles\1673.jpg,False,,405,667,634,779,N/A,0.19,0.0
1674.jpg,D:\GP\EALPR Vechicles dataset\Vehicles\1674.jpg,False,,444,536,652,642,N/A,0.18,0.0
1675.jpg,D:\GP\EALPR Vechicles dataset\Vehicles\1675.jpg,False,,130,397,192,428,N/A,0.12,0.0
1676.jpg,D:\GP\EALPR Vechicles dataset\Vehicles\1676.jpg,False,,337,353,499,433,N/A,0.10,0.0
1677.jpg,D:\GP\EALPR Vechicles dataset\Vehicles\1677.jpg,False,,298,310,480,401,N/A,0.12,0.0
1678.jpg,D:\GP\EALPR Vechicles dataset\Vehicles\1678.jpg,False,,470,704,611,777,N/A,0.14,0.0
1679.jpg,D:\GP\EALPR Vechicles dataset\Vehicles\1679.jpg,False,,482,592,711,715,N/A,0.12,0.0
1680.jpg,D:\GP\EALPR Vechicles dataset\Vehicles\1680.jpg,False,,390,574,564,661,N/A,0.15,0.0
1681.jpg,D:\GP\EALPR Vechicles dataset\Vehicles\1681.jpg,False,,215,402,302,450,N/A,0.13,0.0
1682.jpg,D:\GP\EALPR Vechicles dataset\Vehicles\1682.jpg,False,,238,390,393,471,N/A,0.12,0.0
1683.jpg,D:\GP\EALPR Vechicles dataset\Vehicles\1683.jpg,False,,413,765,657,890,N/A,0.13,0.0
1684.jpg,D:\GP\EALPR Vechicles dataset\Vehicles\1684.jpg,False,,429,615,667,738,N/A,0.12,0.0
1685.jpg,D:\GP\EALPR Vechicles dataset\Vehicles\1685.jpg,False,,523,578,732,695,N/A,0.11,0.0
1686.jpg,D:\GP\EALPR Vechicles dataset\Vehicles\1686.jpg,False,,384,581,604,689,N/A,0.11,0.0
1687.jpg,D:\GP\EALPR Vechicles dataset\Vehicles\1687.jpg,False,,429,1065,637,1172,N/A,0.15,0.0
1688.jpg,D:\GP\EALPR Vechicles dataset\Vehicles\1688.jpg,False,,337,509,498,589,N/A,0.13,0.0
1689.jpg,D:\GP\EALPR Vechicles dataset\Vehicles\1689.jpg,False,,234,428,320,472,N/A,0.09,0.0
1690.jpg,D:\GP\EALPR Vechicles dataset\Vehicles\1690.jpg,False,,626,480,753,560,N/A,0.13,0.0
1691.jpg,D:\GP\EALPR Vechicles dataset\Vehicles\1691.jpg,False,,312,299,418,352,N/A,0.09,0.0
1692.jpg,D:\GP\EALPR Vechicles dataset\Vehicles\1692.jpg,False,,252,693,398,792,N/A,0.11,0.0
1693.jpg,D:\GP\EALPR Vechicles dataset\Vehicles\1693.jpg,False,,341,319,487,395,N/A,0.09,0.0
1694.jpg,D:\GP\EALPR Vechicles dataset\Vehicles\1694.jpg,False,,296,322,421,387,N/A,0.10,0.0
1695.jpg,D:\GP\EALPR Vechicles dataset\Vehicles\1695.jpg,False,,254,197,399,269,N/A,0.12,0.0
1696.jpg,D:\GP\EALPR Vechicles dataset\Vehicles\1696.jpg,False,,273,435,406,501,N/A,0.10,0.0
1697.jpg,D:\GP\EALPR Vechicles dataset\Vehicles\1697.jpg,False,,507,807,666,892,N/A,0.13,0.0
1698.jpg,D:\GP\EALPR Vechicles dataset\Vehicles\1698.jpg,False,,416,547,734,705,N/A,0.13,0.0
1699.jpg,D:\GP\EALPR Vechicles dataset\Vehicles\1699.jpg,False,,431,708,575,782,N/A,0.13,0.0
1700.jpg,D:\GP\EALPR Vechicles dataset\Vehicles\1700.jpg,False,,413,966,627,1076,N/A,0.12,0.0
1701.jpg,D:\GP\EALPR Vechicles dataset\Vehicles\1701.jpg,False,,391,201,590,299,N/A,0.11,0.0
1702.jpg,D:\GP\EALPR Vechicles dataset\Vehicles\1702.jpg,False,,303,348,434,408,N/A,0.12,0.0
1703.jpg,D:\GP\EALPR Vechicles dataset\Vehicles\1703.jpg,False,,252,421,373,486,N/A,0.11,0.0
1704.jpg,D:\GP\EALPR Vechicles dataset\Vehicles\1704.jpg,False,,355,662,524,751,N/A,0.12,0.0
1705.jpg,D:\GP\EALPR Vechicles dataset\Vehicles\1705.jpg,False,,438,798,606,886,N/A,0.12,0.0
1706.jpg,D:\GP\EALPR Vechicles dataset\Vehicles\1706.jpg,False,,355,618,479,682,N/A,0.13,0.0
1707.jpg,D:\GP\EALPR Vechicles dataset\Vehicles\1707.jpg,False,,394,648,588,746,N/A,0.13,0.0
1708.jpg,D:\GP\EALPR Vechicles dataset\Vehicles\1708.jpg,False,,489,1179,604,1258,N/A,0.14,0.0
1709.jpg,D:\GP\EALPR Vechicles dataset\Vehicles\1709.jpg,False,,367,793,543,879,N/A,0.12,0.0
1710.jpg,D:\GP\EALPR Vechicles dataset\Vehicles\1710.jpg,False,,764,452,915,534,N/A,0.12,0.0
1711.jpg,D:\GP\EALPR Vechicles dataset\Vehicles\1711.jpg,False,,369,877,497,944,N/A,0.13,0.0
1712.jpg,D:\GP\EALPR Vechicles dataset\Vehicles\1712.jpg,False,,428,680,628,772,N/A,0.12,0.0
1713.jpg,D:\GP\EALPR Vechicles dataset\Vehicles\1713.jpg,False,,535,309,670,382,N/A,0.09,0.0
1714.jpg,D:\GP\EALPR Vechicles dataset\Vehicles\1714.jpg,False,,321,807,461,888,N/A,0.11,0.0
1715.jpg,D:\GP\EALPR Vechicles dataset\Vehicles\1715.jpg,False,,710,289,788,330,N/A,0.12,0.0
1716.jpg,D:\GP\EALPR Vechicles dataset\Vehicles\1716.jpg,False,,494,702,719,814,N/A,0.12,0.0
1717.jpg,D:\GP\EALPR Vechicles dataset\Vehicles\1717.jpg,False,,378,491,549,579,N/A,0.12,0.0
1718.jpg,D:\GP\EALPR Vechicles dataset\Vehicles\1718.jpg,False,,323,323,430,377,N/A,0.11,0.0
1719.jpg,D:\GP\EALPR Vechicles dataset\Vehicles\1719.jpg,False,,315,520,650,691,N/A,0.11,0.0
1720.jpg,D:\GP\EALPR Vechicles dataset\Vehicles\1720.jpg,False,,388,730,530,806,N/A,0.15,0.0
1721.jpg,D:\GP\EALPR Vechicles dataset\Vehicles\1721.jpg,False,,314,225,462,295,N/A,0.09,0.0
1722.jpg,D:\GP\EALPR Vechicles dataset\Vehicles\1722.jpg,False,,628,794,752,858,N/A,0.14,0.0
1723.jpg,D:\GP\EALPR Vechicles dataset\Vehicles\1723.jpg,False,,280,673,436,743,N/A,0.10,0.0
1724.jpg,D:\GP\EALPR Vechicles dataset\Vehicles\1724.jpg,False,,233,782,368,869,N/A,0.12,0.0
1725.jpg,D:\GP\EALPR Vechicles dataset\Vehicles\1725.jpg,False,,244,531,354,599,N/A,0.14,0.0
1726.jpg,D:\GP\EALPR Vechicles dataset\Vehicles\1726.jpg,False,,257,620,456,719,N/A,0.12,0.0
1727.jpg,D:\GP\EALPR Vechicles dataset\Vehicles\1727.jpg,False,,666,331,866,440,N/A,0.10,0.0
1728.jpg,D:\GP\EALPR Vechicles dataset\Vehicles\1728.jpg,False,,231,563,411,653,N/A,0.10,0.0
1729.jpg,D:\GP\EALPR Vechicles dataset\Vehicles\1729.jpg,False,,247,567,409,651,N/A,0.09,0.0
1730.jpg,D:\GP\EALPR Vechicles dataset\Vehicles\1730.jpg,False,,632,474,830,578,N/A,0.12,0.0
1731.jpg,D:\GP\EALPR Vechicles dataset\Vehicles\1731.jpg,False,,890,365,1004,446,N/A,0.10,0.0
1732.jpg,D:\GP\EALPR Vechicles dataset\Vehicles\1732.jpg,False,,290,652,458,737,N/A,0.14,0.0
1733.jpg,D:\GP\EALPR Vechicles dataset\Vehicles\1733.jpg,False,,293,393,436,505,N/A,0.11,0.0
1734.jpg,D:\GP\EALPR Vechicles dataset\Vehicles\1734.jpg,False,,663,380,842,471,N/A,0.09,0.0
1735.jpg,D:\GP\EALPR Vechicles dataset\Vehicles\1735.jpg,False,,105,415,179,455,N/A,0.08,0.0
1736.jpg,D:\GP\EALPR Vechicles dataset\Vehicles\1736.jpg,False,,225,557,365,622,N/A,0.11,0.0
1737.jpg,D:\GP\EALPR Vechicles dataset\Vehicles\1737.jpg,False,,453,424,564,478,N/A,0.10,0.0
1738.jpg,D:\GP\EALPR Vechicles dataset\Vehicles\1738.jpg,False,,307,493,406,544,N/A,0.11,0.0
1739.jpg,D:\GP\EALPR Vechicles dataset\Vehicles\1739.jpg,False,,462,683,642,766,N/A,0.14,0.0
1740.jpg,D:\GP\EALPR Vechicles dataset\Vehicles\1740.jpg,False,,318,662,426,715,N/A,0.12,0.0
1741.jpg,D:\GP\EALPR Vechicles dataset\Vehicles\1741.jpg,False,,196,355,300,410,N/A,0.15,0.0
1742.jpg,D:\GP\EALPR Vechicles dataset\Vehicles\1742.jpg,False,,417,356,512,399,N/A,0.09,0.0
1743.jpg,D:\GP\EALPR Vechicles dataset\Vehicles\1743.jpg,False,,423,259,509,303,N/A,0.08,0.0
1744.jpg,D:\GP\EALPR Vechicles dataset\Vehicles\1744.jpg,False,,300,340,430,413,N/A,0.14,0.0
1745.jpg,D:\GP\EALPR Vechicles dataset\Vehicles\1745.jpg,False,,275,576,465,675,N/A,0.12,0.0
1746.jpg,D:\GP\EALPR Vechicles dataset\Vehicles\1746.jpg,False,,219,546,325,598,N/A,0.11,0.0
1747.jpg,D:\GP\EALPR Vechicles dataset\Vehicles\1747.jpg,False,,232,784,440,863,N/A,0.10,0.0
1748.jpg,D:\GP\EALPR Vechicles dataset\Vehicles\1748.jpg,False,,262,632,447,717,N/A,0.13,0.0
1749.jpg,D:\GP\EALPR Vechicles dataset\Vehicles\1749.jpg,False,,496,387,628,461,N/A,0.13,0.0
1750.jpg,D:\GP\EALPR Vechicles dataset\Vehicles\1750.jpg,False,,292,643,428,700,N/A,0.11,0.0
1751.jpg,D:\GP\EALPR Vechicles dataset\Vehicles\1751.jpg,False,,285,646,463,727,N/A,0.11,0.0
1752.jpg,D:\GP\EALPR Vechicles dataset\Vehicles\1752.jpg,False,,271,681,408,753,N/A,0.10,0.0
1753.jpg,D:\GP\EALPR Vechicles dataset\Vehicles\1753.jpg,False,,340,886,571,957,N/A,0.13,0.0
1754.jpg,D:\GP\EALPR Vechicles dataset\Vehicles\1754.jpg,False,,457,615,620,703,N/A,0.12,0.0
1755.jpg,D:\GP\EALPR Vechicles dataset\Vehicles\1755.jpg,False,,408,287,581,373,N/A,0.11,0.0
1756.jpg,D:\GP\EALPR Vechicles dataset\Vehicles\1756.jpg,False,,375,499,554,571,N/A,0.10,0.0
1757.jpg,D:\GP\EALPR Vechicles dataset\Vehicles\1757.jpg,False,,278,531,370,591,N/A,0.10,0.0
1758.jpg,D:\GP\EALPR Vechicles dataset\Vehicles\1758.jpg,False,,224,391,335,444,N/A,0.11,0.0
1759.jpg,D:\GP\EALPR Vechicles dataset\Vehicles\1759.jpg,False,,281,587,442,660,N/A,0.11,0.0
1760.jpg,D:\GP\EALPR Vechicles dataset\Vehicles\1760.jpg,False,,420,385,503,428,N/A,0.09,0.0
1761.jpg,D:\GP\EALPR Vechicles dataset\Vehicles\1761.jpg,False,,370,551,522,627,N/A,0.15,0.0
1762.jpg,D:\GP\EALPR Vechicles dataset\Vehicles\1762.jpg,False,,657,557,792,647,N/A,0.15,0.0
1763.jpg,D:\GP\EALPR Vechicles dataset\Vehicles\1763.jpg,False,,460,285,522,320,N/A,0.08,0.0
1764.jpg,D:\GP\EALPR Vechicles dataset\Vehicles\1764.jpg,False,,164,667,251,712,N/A,0.08,0.0
1765.jpg,D:\GP\EALPR Vechicles dataset\Vehicles\1765.jpg,False,,428,816,610,930,N/A,0.12,0.0
1766.jpg,D:\GP\EALPR Vechicles dataset\Vehicles\1766.jpg,False,,171,490,292,544,N/A,0.07,0.0
1767.jpg,D:\GP\EALPR Vechicles dataset\Vehicles\1767.jpg,False,,563,466,729,559,N/A,0.13,0.0
1768.jpg,D:\GP\EALPR Vechicles dataset\Vehicles\1768.jpg,False,,134,567,225,637,N/A,0.10,0.0
1769.jpg,D:\GP\EALPR Vechicles dataset\Vehicles\1769.jpg,False,,440,452,591,540,N/A,0.10,0.0
1770.jpg,D:\GP\EALPR Vechicles dataset\Vehicles\1770.jpg,False,,128,384,223,427,N/A,0.09,0.0
1771.jpg,D:\GP\EALPR Vechicles dataset\Vehicles\1771.jpg,False,,421,362,555,425,N/A,0.10,0.0
1772.jpg,D:\GP\EALPR Vechicles dataset\Vehicles\1772.jpg,False,,418,361,538,417,N/A,0.12,0.0
1773.jpg,D:\GP\EALPR Vechicles dataset\Vehicles\1773.jpg,False,,431,448,613,536,N/A,0.10,0.0
1774.jpg,D:\GP\EALPR Vechicles dataset\Vehicles\1774.jpg,False,,412,508,567,588,N/A,0.10,0.0
1775.jpg,D:\GP\EALPR Vechicles dataset\Vehicles\1775.jpg,False,,364,430,506,502,N/A,0.08,0.0
1776.jpg,D:\GP\EALPR Vechicles dataset\Vehicles\1776.jpg,False,,185,592,310,644,N/A,0.10,0.0
1777.jpg,D:\GP\EALPR Vechicles dataset\Vehicles\1777.jpg,False,,274,480,400,544,N/A,0.12,0.0
1778.jpg,D:\GP\EALPR Vechicles dataset\Vehicles\1778.jpg,False,,227,290,318,334,N/A,0.10,0.0
1779.jpg,D:\GP\EALPR Vechicles dataset\Vehicles\1779.jpg,False,,289,558,458,639,N/A,0.13,0.0
1780.jpg,D:\GP\EALPR Vechicles dataset\Vehicles\1780.jpg,False,,227,568,360,629,N/A,0.14,0.0
1781.jpg,D:\GP\EALPR Vechicles dataset\Vehicles\1781.jpg,False,,230,404,364,473,N/A,0.11,0.0
1782.jpg,D:\GP\EALPR Vechicles dataset\Vehicles\1782.jpg,False,,352,474,510,556,N/A,0.12,0.0
1783.jpg,D:\GP\EALPR Vechicles dataset\Vehicles\1783.jpg,False,,392,772,609,880,N/A,0.14,0.0
1784.jpg,D:\GP\EALPR Vechicles dataset\Vehicles\1784.jpg,False,,293,641,453,714,N/A,0.11,0.0
1785.jpg,D:\GP\EALPR Vechicles dataset\Vehicles\1785.jpg,False,,292,562,445,631,N/A,0.11,0.0
1786.jpg,D:\GP\EALPR Vechicles dataset\Vehicles\1786.jpg,False,,407,494,674,645,N/A,0.11,0.0
1787.jpg,D:\GP\EALPR Vechicles dataset\Vehicles\1787.jpg,False,,231,375,306,413,N/A,0.08,0.0
1788.jpg,D:\GP\EALPR Vechicles dataset\Vehicles\1788.jpg,False,,412,599,564,677,N/A,0.14,0.0
1789.jpg,D:\GP\EALPR Vechicles dataset\Vehicles\1789.jpg,False,,247,391,320,429,N/A,0.08,0.0
1790.jpg,D:\GP\EALPR Vechicles dataset\Vehicles\1790.jpg,False,,268,712,429,790,N/A,0.10,0.0
1791.jpg,D:\GP\EALPR Vechicles dataset\Vehicles\1791.jpg,False,,159,477,280,524,N/A,0.10,0.0
1792.jpg,D:\GP\EALPR Vechicles dataset\Vehicles\1792.jpg,False,,209,554,322,612,N/A,0.09,0.0
1793.jpg,D:\GP\EALPR Vechicles dataset\Vehicles\1793.jpg,False,,215,408,311,457,N/A,0.10,0.0
1794.jpg,D:\GP\EALPR Vechicles dataset\Vehicles\1794.jpg,False,,251,602,391,676,N/A,0.12,0.0
1795.jpg,D:\GP\EALPR Vechicles dataset\Vehicles\1795.jpg,False,,166,912,320,991,N/A,0.10,0.0
1796.jpg,D:\GP\EALPR Vechicles dataset\Vehicles\1796.jpg,False,,321,469,430,527,N/A,0.10,0.0
1797.jpg,D:\GP\EALPR Vechicles dataset\Vehicles\1797.jpg,False,,418,435,657,570,N/A,0.10,0.0
1798.jpg,D:\GP\EALPR Vechicles dataset\Vehicles\1798.jpg,False,,405,577,525,644,N/A,0.12,0.0
1799.jpg,D:\GP\EALPR Vechicles dataset\Vehicles\1799.jpg,False,,55,868,260,981,N/A,0.10,0.0
1800.jpg,D:\GP\EALPR Vechicles dataset\Vehicles\1800.jpg,False,,312,559,443,635,N/A,0.11,0.0
1801.jpg,D:\GP\EALPR Vechicles dataset\Vehicles\1801.jpg,False,,289,605,482,700,N/A,0.12,0.0
1802.jpg,D:\GP\EALPR Vechicles dataset\Vehicles\1802.jpg,False,,433,368,612,456,N/A,0.11,0.0
1803.jpg,D:\GP\EALPR Vechicles dataset\Vehicles\1803.jpg,False,,326,347,457,417,N/A,0.09,0.0
1804.jpg,D:\GP\EALPR Vechicles dataset\Vehicles\1804.jpg,False,,250,625,389,701,N/A,0.11,0.0
1805.jpg,D:\GP\EALPR Vechicles dataset\Vehicles\1805.jpg,False,,167,669,232,703,N/A,0.09,0.0
1806.jpg,D:\GP\EALPR Vechicles dataset\Vehicles\1806.jpg,False,,278,657,411,717,N/A,0.11,0.0
1807.jpg,D:\GP\EALPR Vechicles dataset\Vehicles\1807.jpg,False,,286,659,461,733,N/A,0.12,0.0
1808.jpg,D:\GP\EALPR Vechicles dataset\Vehicles\1808.jpg,False,,400,378,514,434,N/A,0.10,0.0
1809.jpg,D:\GP\EALPR Vechicles dataset\Vehicles\1809.jpg,False,,400,508,540,577,N/A,0.13,0.0
1810.jpg,D:\GP\EALPR Vechicles dataset\Vehicles\1810.jpg,False,,398,432,639,571,N/A,0.11,0.0
1811.jpg,D:\GP\EALPR Vechicles dataset\Vehicles\1811.jpg,False,,155,485,222,521,N/A,0.08,0.0
1812.jpg,D:\GP\EALPR Vechicles dataset\Vehicles\1812.jpg,False,,285,618,420,690,N/A,0.14,0.0
1813.jpg,D:\GP\EALPR Vechicles dataset\Vehicles\1813.jpg,False,,274,575,422,649,N/A,0.12,0.0
1814.jpg,D:\GP\EALPR Vechicles dataset\Vehicles\1814.jpg,False,,416,652,624,746,N/A,0.11,0.0
1815.jpg,D:\GP\EALPR Vechicles dataset\Vehicles\1815.jpg,False,,302,743,430,799,N/A,0.10,0.0
1816.jpg,D:\GP\EALPR Vechicles dataset\Vehicles\1816.jpg,False,,242,659,417,767,N/A,0.12,0.0
1817.jpg,D:\GP\EALPR Vechicles dataset\Vehicles\1817.jpg,False,,242,659,417,767,N/A,0.10,0.0
1818.jpg,D:\GP\EALPR Vechicles dataset\Vehicles\1818.jpg,False,,248,392,433,478,N/A,0.10,0.0
1819.jpg,D:\GP\EALPR Vechicles dataset\Vehicles\1819.jpg,False,,272,622,455,709,N/A,0.12,0.0
1820.jpg,D:\GP\EALPR Vechicles dataset\Vehicles\1820.jpg,False,,253,527,428,624,N/A,0.12,0.0
1821.jpg,D:\GP\EALPR Vechicles dataset\Vehicles\1821.jpg,False,,398,632,519,691,N/A,0.11,0.0
1822.jpg,D:\GP\EALPR Vechicles dataset\Vehicles\1822.jpg,False,,340,430,441,488,N/A,0.11,0.0
1823.jpg,D:\GP\EALPR Vechicles dataset\Vehicles\1823.jpg,False,,305,698,473,789,N/A,0.10,0.0
1824.jpg,D:\GP\EALPR Vechicles dataset\Vehicles\1824.jpg,False,,304,710,430,775,N/A,0.12,0.0
1825.jpg,D:\GP\EALPR Vechicles dataset\Vehicles\1825.jpg,False,,0,587,223,703,N/A,0.11,0.0
1826.jpg,D:\GP\EALPR Vechicles dataset\Vehicles\1826.jpg,False,,312,734,444,803,N/A,0.14,0.0
1827.jpg,D:\GP\EALPR Vechicles dataset\Vehicles\1827.jpg,False,,366,565,577,656,N/A,0.10,0.0
1828.jpg,D:\GP\EALPR Vechicles dataset\Vehicles\1828.jpg,False,,283,504,385,556,N/A,0.10,0.0
1829.jpg,D:\GP\EALPR Vechicles dataset\Vehicles\1829.jpg,False,,290,516,449,596,N/A,0.12,0.0
1830.jpg,D:\GP\EALPR Vechicles dataset\Vehicles\1830.jpg,False,,293,725,464,792,N/A,0.12,0.0
1831.jpg,D:\GP\EALPR Vechicles dataset\Vehicles\1831.jpg,False,,28,544,139,605,N/A,0.08,0.0
1832.jpg,D:\GP\EALPR Vechicles dataset\Vehicles\1832.jpg,False,,739,584,844,664,N/A,0.11,0.0
1833.jpg,D:\GP\EALPR Vechicles dataset\Vehicles\1833.jpg,False,,392,635,552,718,N/A,0.14,0.0
1834.jpg,D:\GP\EALPR Vechicles dataset\Vehicles\1834.jpg,False,,257,592,367,644,N/A,0.10,0.0
1835.jpg,D:\GP\EALPR Vechicles dataset\Vehicles\1835.jpg,False,,380,482,584,592,N/A,0.14,0.0
1836.jpg,D:\GP\EALPR Vechicles dataset\Vehicles\1836.jpg,False,,502,771,637,839,N/A,0.15,0.0
1837.jpg,D:\GP\EALPR Vechicles dataset\Vehicles\1837.jpg,False,,287,425,451,508,N/A,0.11,0.0
1838.jpg,D:\GP\EALPR Vechicles dataset\Vehicles\1838.jpg,False,,427,489,628,590,N/A,0.12,0.0
1839.jpg,D:\GP\EALPR Vechicles dataset\Vehicles\1839.jpg,False,,350,336,482,411,N/A,0.12,0.0
1840.jpg,D:\GP\EALPR Vechicles dataset\Vehicles\1840.jpg,False,,236,572,380,646,N/A,0.12,0.0
1841.jpg,D:\GP\EALPR Vechicles dataset\Vehicles\1841.jpg,False,,365,661,599,765,N/A,0.12,0.0
1842.jpg,D:\GP\EALPR Vechicles dataset\Vehicles\1842.jpg,False,,178,392,258,432,N/A,0.08,0.0
1843.jpg,D:\GP\EALPR Vechicles dataset\Vehicles\1843.jpg,False,,302,479,432,552,N/A,0.10,0.0
1844.jpg,D:\GP\EALPR Vechicles dataset\Vehicles\1844.jpg,False,,324,815,584,914,N/A,0.11,0.0
1845.jpg,D:\GP\EALPR Vechicles dataset\Vehicles\1845.jpg,False,,421,470,580,549,N/A,0.10,0.0
1846.jpg,D:\GP\EALPR Vechicles dataset\Vehicles\1846.jpg,False,,270,736,464,808,N/A,0.11,0.0
1847.jpg,D:\GP\EALPR Vechicles dataset\Vehicles\1847.jpg,False,,303,564,450,627,N/A,0.12,0.0
1848.jpg,D:\GP\EALPR Vechicles dataset\Vehicles\1848.jpg,False,,247,649,429,746,N/A,0.10,0.0
1849.jpg,D:\GP\EALPR Vechicles dataset\Vehicles\1849.jpg,False,,563,377,725,468,N/A,0.12,0.0
1850.jpg,D:\GP\EALPR Vechicles dataset\Vehicles\1850.jpg,False,,434,597,611,688,N/A,0.12,0.0
1851.jpg,D:\GP\EALPR Vechicles dataset\Vehicles\1851.jpg,False,,287,470,438,547,N/A,0.10,0.0
1852.jpg,D:\GP\EALPR Vechicles dataset\Vehicles\1852.jpg,False,,287,470,438,547,N/A,0.11,0.0
1853.jpg,D:\GP\EALPR Vechicles dataset\Vehicles\1853.jpg,False,,179,557,304,621,N/A,0.10,0.0
1854.jpg,D:\GP\EALPR Vechicles dataset\Vehicles\1854.jpg,False,,243,373,471,485,N/A,0.13,0.0
1855.jpg,D:\GP\EALPR Vechicles dataset\Vehicles\1855.jpg,False,,184,426,267,466,N/A,0.07,0.0
1856.jpg,D:\GP\EALPR Vechicles dataset\Vehicles\1856.jpg,False,,222,832,474,926,N/A,0.13,0.0
1857.jpg,D:\GP\EALPR Vechicles dataset\Vehicles\1857.jpg,False,,326,404,426,457,N/A,0.10,0.0
1858.jpg,D:\GP\EALPR Vechicles dataset\Vehicles\1858.jpg,False,,326,417,512,511,N/A,0.12,0.0
1859.jpg,D:\GP\EALPR Vechicles dataset\Vehicles\1859.jpg,False,,282,441,445,522,N/A,0.11,0.0
1860.jpg,D:\GP\EALPR Vechicles dataset\Vehicles\1860.jpg,False,,398,487,588,580,N/A,0.11,0.0
1861.jpg,D:\GP\EALPR Vechicles dataset\Vehicles\1861.jpg,False,,358,554,444,599,N/A,0.10,0.0
1862.jpg,D:\GP\EALPR Vechicles dataset\Vehicles\1862.jpg,False,,465,429,624,507,N/A,0.10,0.0
1863.jpg,D:\GP\EALPR Vechicles dataset\Vehicles\1863.jpg,False,,452,340,637,436,N/A,0.12,0.0
1864.jpg,D:\GP\EALPR Vechicles dataset\Vehicles\1864.jpg,False,,278,641,449,714,N/A,0.13,0.0
1865.jpg,D:\GP\EALPR Vechicles dataset\Vehicles\1865.jpg,False,,397,559,565,646,N/A,0.12,0.0
1866.jpg,D:\GP\EALPR Vechicles dataset\Vehicles\1866.jpg,False,,230,422,333,482,N/A,0.10,0.0
1867.jpg,D:\GP\EALPR Vechicles dataset\Vehicles\1867.jpg,False,,308,508,410,557,N/A,0.11,0.0
1868.jpg,D:\GP\EALPR Vechicles dataset\Vehicles\1868.jpg,False,,314,619,426,676,N/A,0.12,0.0
1869.jpg,D:\GP\EALPR Vechicles dataset\Vehicles\1869.jpg,False,,274,577,383,630,N/A,0.09,0.0
1870.jpg,D:\GP\EALPR Vechicles dataset\Vehicles\1870.jpg,False,,275,654,428,724,N/A,0.15,0.0
1871.jpg,D:\GP\EALPR Vechicles dataset\Vehicles\1871.jpg,False,,307,584,476,660,N/A,0.12,0.0
1872.jpg,D:\GP\EALPR Vechicles dataset\Vehicles\1872.jpg,False,,285,485,442,557,N/A,0.11,0.0
1873.jpg,D:\GP\EALPR Vechicles dataset\Vehicles\1873.jpg,False,,419,667,570,740,N/A,0.13,0.0
1874.jpg,D:\GP\EALPR Vechicles dataset\Vehicles\1874.jpg,False,,284,676,437,745,N/A,0.11,0.0
1875.jpg,D:\GP\EALPR Vechicles dataset\Vehicles\1875.jpg,False,,407,578,536,653,N/A,0.10,0.0
1876.jpg,D:\GP\EALPR Vechicles dataset\Vehicles\1876.jpg,False,,259,631,335,668,N/A,0.10,0.0
1877.jpg,D:\GP\EALPR Vechicles dataset\Vehicles\1877.jpg,False,,256,599,401,670,N/A,0.13,0.0
1878.jpg,D:\GP\EALPR Vechicles dataset\Vehicles\1878.jpg,False,,345,339,425,384,N/A,0.10,0.0
1879.jpg,D:\GP\EALPR Vechicles dataset\Vehicles\1879.jpg,False,,323,538,472,619,N/A,0.09,0.0
1880.jpg,D:\GP\EALPR Vechicles dataset\Vehicles\1880.jpg,False,,258,552,411,633,N/A,0.11,0.0
1881.jpg,D:\GP\EALPR Vechicles dataset\Vehicles\1881.jpg,False,,173,422,318,497,N/A,0.11,0.0
1882.jpg,D:\GP\EALPR Vechicles dataset\Vehicles\1882.jpg,False,,256,376,413,448,N/A,0.11,0.0
1883.jpg,D:\GP\EALPR Vechicles dataset\Vehicles\1883.jpg,False,,478,546,604,604,N/A,0.13,0.0
1884.jpg,D:\GP\EALPR Vechicles dataset\Vehicles\1884.jpg,False,,245,667,441,739,N/A,0.11,0.0
1885.jpg,D:\GP\EALPR Vechicles dataset\Vehicles\1885.jpg,False,,701,549,831,633,N/A,0.14,0.0
1886.jpg,D:\GP\EALPR Vechicles dataset\Vehicles\1886.jpg,False,,435,476,543,531,N/A,0.11,0.0
1887.jpg,D:\GP\EALPR Vechicles dataset\Vehicles\1887.jpg,False,,279,590,435,671,N/A,0.12,0.0
1888.jpg,D:\GP\EALPR Vechicles dataset\Vehicles\1888.jpg,False,,188,390,341,486,N/A,0.12,0.0
1889.jpg,D:\GP\EALPR Vechicles dataset\Vehicles\1889.jpg,False,,235,526,378,623,N/A,0.12,0.0
1890.jpg,D:\GP\EALPR Vechicles dataset\Vehicles\1890.jpg,False,,459,339,606,411,N/A,0.12,0.0
1891.jpg,D:\GP\EALPR Vechicles dataset\Vehicles\1891.jpg,False,,282,366,397,444,N/A,0.09,0.0
1892.jpg,D:\GP\EALPR Vechicles dataset\Vehicles\1892.jpg,False,,150,342,268,408,N/A,0.07,0.0
1893.jpg,D:\GP\EALPR Vechicles dataset\Vehicles\1893.jpg,False,,159,450,256,507,N/A,0.09,0.0
1894.jpg,D:\GP\EALPR Vechicles dataset\Vehicles\1894.jpg,False,,371,493,556,587,N/A,0.11,0.0
1895.jpg,D:\GP\EALPR Vechicles dataset\Vehicles\1895.jpg,False,,74,600,164,664,N/A,0.13,0.0
1896.jpg,D:\GP\EALPR Vechicles dataset\Vehicles\1896.jpg,False,,311,316,534,436,N/A,0.13,0.0
1897.jpg,D:\GP\EALPR Vechicles dataset\Vehicles\1897.jpg,False,,348,416,455,471,N/A,0.09,0.0
1898.jpg,D:\GP\EALPR Vechicles dataset\Vehicles\1898.jpg,False,,331,441,489,525,N/A,0.12,0.0
1899.jpg,D:\GP\EALPR Vechicles dataset\Vehicles\1899.jpg,False,,274,769,432,838,N/A,0.13,0.0
1900.jpg,D:\GP\EALPR Vechicles dataset\Vehicles\1900.jpg,False,,142,376,245,440,N/A,0.10,0.0
1901.jpg,D:\GP\EALPR Vechicles dataset\Vehicles\1901.jpg,False,,309,465,445,532,N/A,0.09,0.0
1902.jpg,D:\GP\EALPR Vechicles dataset\Vehicles\1902.jpg,False,,300,552,449,626,N/A,0.11,0.0
1903.jpg,D:\GP\EALPR Vechicles dataset\Vehicles\1903.jpg,False,,286,400,453,481,N/A,0.09,0.0
1904.jpg,D:\GP\EALPR Vechicles dataset\Vehicles\1904.jpg,False,,303,613,446,684,N/A,0.12,0.0
1905.jpg,D:\GP\EALPR Vechicles dataset\Vehicles\1905.jpg,False,,440,454,557,511,N/A,0.09,0.0
1906.jpg,D:\GP\EALPR Vechicles dataset\Vehicles\1906.jpg,False,,251,544,423,627,N/A,0.10,0.0
1907.jpg,D:\GP\EALPR Vechicles dataset\Vehicles\1907.jpg,False,,280,707,448,783,N/A,0.10,0.0
1908.jpg,D:\GP\EALPR Vechicles dataset\Vehicles\1908.jpg,False,,462,357,579,417,N/A,0.09,0.0
1909.jpg,D:\GP\EALPR Vechicles dataset\Vehicles\1909.jpg,False,,437,357,538,407,N/A,0.09,0.0
1910.jpg,D:\GP\EALPR Vechicles dataset\Vehicles\1910.jpg,False,,370,556,479,616,N/A,0.12,0.0
1911.jpg,D:\GP\EALPR Vechicles dataset\Vehicles\1911.jpg,False,,357,417,518,493,N/A,0.10,0.0
1912.jpg,D:\GP\EALPR Vechicles dataset\Vehicles\1912.jpg,False,,256,643,424,737,N/A,0.10,0.0
1913.jpg,D:\GP\EALPR Vechicles dataset\Vehicles\1913.jpg,False,,183,495,281,543,N/A,0.07,0.0
1914.jpg,D:\GP\EALPR Vechicles dataset\Vehicles\1914.jpg,False,,205,490,297,537,N/A,0.07,0.0
1915.jpg,D:\GP\EALPR Vechicles dataset\Vehicles\1915.jpg,False,,364,529,478,592,N/A,0.12,0.0
1916.jpg,D:\GP\EALPR Vechicles dataset\Vehicles\1916.jpg,False,,173,377,267,430,N/A,0.06,0.0
1917.jpg,D:\GP\EALPR Vechicles dataset\Vehicles\1917.jpg,False,,281,655,428,723,N/A,0.13,0.0
1918.jpg,D:\GP\EALPR Vechicles dataset\Vehicles\1918.jpg,False,,387,179,520,245,N/A,0.09,0.0
1919.jpg,D:\GP\EALPR Vechicles dataset\Vehicles\1919.jpg,False,,405,325,591,418,N/A,0.11,0.0
1920.jpg,D:\GP\EALPR Vechicles dataset\Vehicles\1920.jpg,False,,309,612,419,670,N/A,0.11,0.0
1921.jpg,D:\GP\EALPR Vechicles dataset\Vehicles\1921.jpg,False,,291,727,433,798,N/A,0.13,0.0
1922.jpg,D:\GP\EALPR Vechicles dataset\Vehicles\1922.jpg,False,,314,638,482,709,N/A,0.10,0.0
1923.jpg,D:\GP\EALPR Vechicles dataset\Vehicles\1923.jpg,False,,238,764,425,844,N/A,0.12,0.0
1924.jpg,D:\GP\EALPR Vechicles dataset\Vehicles\1924.jpg,False,,409,442,592,535,N/A,0.11,0.0
1925.jpg,D:\GP\EALPR Vechicles dataset\Vehicles\1925.jpg,False,,795,475,956,567,N/A,0.12,0.0
1926.jpg,D:\GP\EALPR Vechicles dataset\Vehicles\1926.jpg,False,,346,552,558,647,N/A,0.11,0.0
1927.jpg,D:\GP\EALPR Vechicles dataset\Vehicles\1927.jpg,False,,448,568,611,648,N/A,0.12,0.0
1928.jpg,D:\GP\EALPR Vechicles dataset\Vehicles\1928.jpg,False,,188,440,286,489,N/A,0.10,0.0
1929.jpg,D:\GP\EALPR Vechicles dataset\Vehicles\1929.jpg,False,,327,355,445,417,N/A,0.13,0.0
1930.jpg,D:\GP\EALPR Vechicles dataset\Vehicles\1930.jpg,False,,288,488,396,550,N/A,0.10,0.0
1931.jpg,D:\GP\EALPR Vechicles dataset\Vehicles\1931.jpg,False,,412,532,575,611,N/A,0.10,0.0
1932.jpg,D:\GP\EALPR Vechicles dataset\Vehicles\1932.jpg,False,,302,511,387,556,N/A,0.11,0.0
1933.jpg,D:\GP\EALPR Vechicles dataset\Vehicles\1933.jpg,False,,305,546,432,612,N/A,0.11,0.0
1934.jpg,D:\GP\EALPR Vechicles dataset\Vehicles\1934.jpg,False,,379,426,595,535,N/A,0.10,0.0
1935.jpg,D:\GP\EALPR Vechicles dataset\Vehicles\1935.jpg,False,,220,466,343,526,N/A,0.08,0.0
1936.jpg,D:\GP\EALPR Vechicles dataset\Vehicles\1936.jpg,False,,302,553,431,630,N/A,0.12,0.0
1937.jpg,D:\GP\EALPR Vechicles dataset\Vehicles\1937.jpg,False,,303,649,423,713,N/A,0.10,0.0
1938.jpg,D:\GP\EALPR Vechicles dataset\Vehicles\1938.jpg,False,,327,566,413,613,N/A,0.10,0.0
1939.jpg,D:\GP\EALPR Vechicles dataset\Vehicles\1939.jpg,False,,365,640,463,692,N/A,0.12,0.0
1940.jpg,D:\GP\EALPR Vechicles dataset\Vehicles\1940.jpg,False,,280,639,482,729,N/A,0.13,0.0
1941.jpg,D:\GP\EALPR Vechicles dataset\Vehicles\1941.jpg,False,,724,504,818,567,N/A,0.10,0.0
1942.jpg,D:\GP\EALPR Vechicles dataset\Vehicles\1942.jpg,False,,164,498,262,553,N/A,0.09,0.0
1943.jpg,D:\GP\EALPR Vechicles dataset\Vehicles\1943.jpg,False,,415,539,607,622,N/A,0.12,0.0
1944.jpg,D:\GP\EALPR Vechicles dataset\Vehicles\1944.jpg,False,,171,501,266,550,N/A,0.07,0.0
1945.jpg,D:\GP\EALPR Vechicles dataset\Vehicles\1945.jpg,False,,211,461,372,537,N/A,0.09,0.0
1946.jpg,D:\GP\EALPR Vechicles dataset\Vehicles\1946.jpg,False,,365,416,511,489,N/A,0.09,0.0
1947.jpg,D:\GP\EALPR Vechicles dataset\Vehicles\1947.jpg,False,,236,482,349,556,N/A,0.13,0.0
1948.jpg,D:\GP\EALPR Vechicles dataset\Vehicles\1948.jpg,False,,291,553,473,643,N/A,0.12,0.0
1949.jpg,D:\GP\EALPR Vechicles dataset\Vehicles\1949.jpg,False,,470,304,561,360,N/A,0.08,0.0
1950.jpg,D:\GP\EALPR Vechicles dataset\Vehicles\1950.jpg,False,,332,742,429,785,N/A,0.11,0.0
1951.jpg,D:\GP\EALPR Vechicles dataset\Vehicles\1951.jpg,False,,399,279,559,362,N/A,0.12,0.0
1952.jpg,D:\GP\EALPR Vechicles dataset\Vehicles\1952.jpg,False,,291,574,418,635,N/A,0.13,0.0
1953.jpg,D:\GP\EALPR Vechicles dataset\Vehicles\1953.jpg,False,,410,362,560,438,N/A,0.10,0.0
1954.jpg,D:\GP\EALPR Vechicles dataset\Vehicles\1954.jpg,False,,410,268,507,317,N/A,0.08,0.0
1955.jpg,D:\GP\EALPR Vechicles dataset\Vehicles\1955.jpg,False,,379,426,595,535,N/A,0.11,0.0
1956.jpg,D:\GP\EALPR Vechicles dataset\Vehicles\1956.jpg,False,,274,245,430,323,N/A,0.09,0.0
1957.jpg,D:\GP\EALPR Vechicles dataset\Vehicles\1957.jpg,False,,544,365,696,435,N/A,0.10,0.0
1958.jpg,D:\GP\EALPR Vechicles dataset\Vehicles\1958.jpg,False,,310,546,472,625,N/A,0.14,0.0
1959.jpg,D:\GP\EALPR Vechicles dataset\Vehicles\1959.jpg,False,,261,568,364,626,N/A,0.12,0.0
1960.jpg,D:\GP\EALPR Vechicles dataset\Vehicles\1960.jpg,False,,414,410,525,461,N/A,0.10,0.0
1961.jpg,D:\GP\EALPR Vechicles dataset\Vehicles\1961.jpg,False,,274,452,448,542,N/A,0.10,0.0
1962.jpg,D:\GP\EALPR Vechicles dataset\Vehicles\1962.jpg,False,,365,640,463,692,N/A,0.13,0.0
1963.jpg,D:\GP\EALPR Vechicles dataset\Vehicles\1963.jpg,False,,443,599,584,662,N/A,0.12,0.0
1964.jpg,D:\GP\EALPR Vechicles dataset\Vehicles\1964.jpg,False,,402,376,587,467,N/A,0.11,0.0
1967.jpg,D:\GP\EALPR Vechicles dataset\Vehicles\1967.jpg,False,,315,607,473,689,N/A,0.12,0.0
1968.jpg,D:\GP\EALPR Vechicles dataset\Vehicles\1968.jpg,False,,363,279,473,332,N/A,0.12,0.0
1969.jpg,D:\GP\EALPR Vechicles dataset\Vehicles\1969.jpg,False,,188,552,268,594,N/A,0.10,0.0
1970.jpg,D:\GP\EALPR Vechicles dataset\Vehicles\1970.jpg,False,,342,496,574,619,N/A,0.11,0.0
1971.jpg,D:\GP\EALPR Vechicles dataset\Vehicles\1971.jpg,False,,269,259,380,317,N/A,0.12,0.0
1972.jpg,D:\GP\EALPR Vechicles dataset\Vehicles\1972.jpg,False,,318,390,478,471,N/A,0.10,0.0
1973.jpg,D:\GP\EALPR Vechicles dataset\Vehicles\1973.jpg,False,,267,170,402,239,N/A,0.09,0.0
1974.jpg,D:\GP\EALPR Vechicles dataset\Vehicles\1974.jpg,False,,405,363,668,476,N/A,0.08,0.0
1975.jpg,D:\GP\EALPR Vechicles dataset\Vehicles\1975.jpg,False,,351,288,453,342,N/A,0.10,0.0
1976.jpg,D:\GP\EALPR Vechicles dataset\Vehicles\1976.jpg,False,,511,598,622,658,N/A,0.15,0.0
1977.jpg,D:\GP\EALPR Vechicles dataset\Vehicles\1977.jpg,False,,257,294,346,336,N/A,0.10,0.0
1978.jpg,D:\GP\EALPR Vechicles dataset\Vehicles\1978.jpg,False,,354,669,536,756,N/A,0.09,0.0
1979.jpg,D:\GP\EALPR Vechicles dataset\Vehicles\1979.jpg,False,,342,301,457,357,N/A,0.10,0.0
1980.jpg,D:\GP\EALPR Vechicles dataset\Vehicles\1980.jpg,False,,361,359,484,426,N/A,0.09,0.0
1981.jpg,D:\GP\EALPR Vechicles dataset\Vehicles\1981.jpg,False,,396,199,696,349,N/A,0.11,0.0
1982.jpg,D:\GP\EALPR Vechicles dataset\Vehicles\1982.jpg,False,,323,606,517,703,N/A,0.11,0.0
1983.jpg,D:\GP\EALPR Vechicles dataset\Vehicles\1983.jpg,False,,356,720,544,816,N/A,0.16,0.0
1984.jpg,D:\GP\EALPR Vechicles dataset\Vehicles\1984.jpg,False,,448,678,672,772,N/A,0.13,0.0
1985.jpg,D:\GP\EALPR Vechicles dataset\Vehicles\1985.jpg,False,,297,199,383,243,N/A,0.10,0.0
1986.jpg,D:\GP\EALPR Vechicles dataset\Vehicles\1986.jpg,False,,260,251,365,301,N/A,0.11,0.0
1987.jpg,D:\GP\EALPR Vechicles dataset\Vehicles\1987.jpg,False,,369,459,574,564,N/A,0.14,0.0
1988.jpg,D:\GP\EALPR Vechicles dataset\Vehicles\1988.jpg,False,,245,197,414,279,N/A,0.10,0.0
1989.jpg,D:\GP\EALPR Vechicles dataset\Vehicles\1989.jpg,False,,267,460,647,650,N/A,0.13,0.0
1990.jpg,D:\GP\EALPR Vechicles dataset\Vehicles\1990.jpg,False,,332,204,463,270,N/A,0.11,0.0
1991.jpg,D:\GP\EALPR Vechicles dataset\Vehicles\1991.jpg,False,,439,518,614,605,N/A,0.08,0.0
1992.jpg,D:\GP\EALPR Vechicles dataset\Vehicles\1992.jpg,False,,123,450,277,533,N/A,0.14,0.0
1993.jpg,D:\GP\EALPR Vechicles dataset\Vehicles\1993.jpg,False,,166,276,253,323,N/A,0.10,0.0
1994.jpg,D:\GP\EALPR Vechicles dataset\Vehicles\1994.jpg,False,,269,223,391,285,N/A,0.10,0.0
1995.jpg,D:\GP\EALPR Vechicles dataset\Vehicles\1995.jpg,False,,320,342,434,402,N/A,0.09,0.0
1996.jpg,D:\GP\EALPR Vechicles dataset\Vehicles\1996.jpg,False,,267,180,342,221,N/A,0.07,0.0
1997.jpg,D:\GP\EALPR Vechicles dataset\Vehicles\1997.jpg,False,,252,246,425,335,N/A,0.12,0.0
1998.jpg,D:\GP\EALPR Vechicles dataset\Vehicles\1998.jpg,False,,306,193,380,230,N/A,0.11,0.0
1999.jpg,D:\GP\EALPR Vechicles dataset\Vehicles\1999.jpg,False,,283,269,396,325,N/A,0.10,0.0
2000.jpg,D:\GP\EALPR Vechicles dataset\Vehicles\2000.jpg,False,,442,480,682,596,N/A,0.10,0.0
2001.jpg,D:\GP\EALPR Vechicles dataset\Vehicles\2001.jpg,False,,333,814,544,924,N/A,0.13,0.0
2002.jpg,D:\GP\EALPR Vechicles dataset\Vehicles\2002.jpg,False,,308,154,400,199,N/A,0.12,0.0
2003.jpg,D:\GP\EALPR Vechicles dataset\Vehicles\2003.jpg,False,,301,321,446,392,N/A,0.12,0.0
2004.jpg,D:\GP\EALPR Vechicles dataset\Vehicles\2004.jpg,False,,493,568,708,684,N/A,0.11,0.0
2005.jpg,D:\GP\EALPR Vechicles dataset\Vehicles\2005.jpg,False,,455,661,594,732,N/A,0.12,0.0
2006.jpg,D:\GP\EALPR Vechicles dataset\Vehicles\2006.jpg,False,,355,469,500,542,N/A,0.12,0.0
2007.jpg,D:\GP\EALPR Vechicles dataset\Vehicles\2007.jpg,False,,325,477,408,519,N/A,0.12,0.0
2008.jpg,D:\GP\EALPR Vechicles dataset\Vehicles\2008.jpg,False,,426,568,645,678,N/A,0.13,0.0
2009.jpg,D:\GP\EALPR Vechicles dataset\Vehicles\2009.jpg,False,,324,400,470,474,N/A,0.12,0.0
2010.jpg,D:\GP\EALPR Vechicles dataset\Vehicles\2010.jpg,False,,364,474,509,550,N/A,0.10,0.0
2011.jpg,D:\GP\EALPR Vechicles dataset\Vehicles\2011.jpg,False,,304,543,485,636,N/A,0.10,0.0
2012.jpg,D:\GP\EALPR Vechicles dataset\Vehicles\2012.jpg,False,,410,425,562,508,N/A,0.10,0.0
2013.jpg,D:\GP\EALPR Vechicles dataset\Vehicles\2013.jpg,False,,385,601,539,681,N/A,0.11,0.0
2014.jpg,D:\GP\EALPR Vechicles dataset\Vehicles\2014.jpg,False,,271,223,407,290,N/A,0.13,0.0
2015.jpg,D:\GP\EALPR Vechicles dataset\Vehicles\2015.jpg,False,,743,367,835,413,N/A,0.14,0.0
2016.jpg,D:\GP\EALPR Vechicles dataset\Vehicles\2016.jpg,False,,193,579,334,654,N/A,0.13,0.0
2017.jpg,D:\GP\EALPR Vechicles dataset\Vehicles\2017.jpg,False,,398,737,600,835,N/A,0.11,0.0
2018.jpg,D:\GP\EALPR Vechicles dataset\Vehicles\2018.jpg,False,N/A,N/A,N/A,N/A,N/A,N/A,0.03,0.0
2019.jpg,D:\GP\EALPR Vechicles dataset\Vehicles\2019.jpg,False,,536,868,741,980,N/A,0.15,0.0
2020.jpg,D:\GP\EALPR Vechicles dataset\Vehicles\2020.jpg,False,,361,744,568,850,N/A,0.13,0.0
2021.jpg,D:\GP\EALPR Vechicles dataset\Vehicles\2021.jpg,False,,282,608,445,686,N/A,0.11,0.0
2022.jpg,D:\GP\EALPR Vechicles dataset\Vehicles\2022.jpg,False,,324,421,573,544,N/A,0.11,0.0
2023.jpg,D:\GP\EALPR Vechicles dataset\Vehicles\2023.jpg,False,,543,759,755,872,N/A,0.13,0.0
2024.jpg,D:\GP\EALPR Vechicles dataset\Vehicles\2024.jpg,False,,242,357,421,461,N/A,0.11,0.0
2025.jpg,D:\GP\EALPR Vechicles dataset\Vehicles\2025.jpg,False,,475,350,624,422,N/A,0.11,0.0
2026.jpg,D:\GP\EALPR Vechicles dataset\Vehicles\2026.jpg,False,,399,369,571,455,N/A,0.09,0.0
2027.jpg,D:\GP\EALPR Vechicles dataset\Vehicles\2027.jpg,False,,388,222,504,283,N/A,0.08,0.0
2028.jpg,D:\GP\EALPR Vechicles dataset\Vehicles\2028.jpg,False,,423,399,595,488,N/A,0.14,0.0
2029.jpg,D:\GP\EALPR Vechicles dataset\Vehicles\2029.jpg,False,,317,503,459,569,N/A,0.11,0.0
2030.jpg,D:\GP\EALPR Vechicles dataset\Vehicles\2030.jpg,False,,398,192,546,270,N/A,0.08,0.0
2031.jpg,D:\GP\EALPR Vechicles dataset\Vehicles\2031.jpg,False,,107,438,271,528,N/A,0.12,0.0
2032.jpg,D:\GP\EALPR Vechicles dataset\Vehicles\2032.jpg,False,,128,432,288,514,N/A,0.08,0.0
2033.jpg,D:\GP\EALPR Vechicles dataset\Vehicles\2033.jpg,False,,283,606,425,673,N/A,0.12,0.0
2034.jpg,D:\GP\EALPR Vechicles dataset\Vehicles\2034.jpg,False,,357,268,478,332,N/A,0.10,0.0
2035.jpg,D:\GP\EALPR Vechicles dataset\Vehicles\2035.jpg,False,,253,451,336,495,N/A,0.09,0.0
2036.jpg,D:\GP\EALPR Vechicles dataset\Vehicles\2036.jpg,False,,382,341,485,394,N/A,0.13,0.0
2037.jpg,D:\GP\EALPR Vechicles dataset\Vehicles\2037.jpg,False,,374,263,495,326,N/A,0.09,0.0
2038.jpg,D:\GP\EALPR Vechicles dataset\Vehicles\2038.jpg,False,,427,314,575,392,N/A,0.11,0.0
2039.jpg,D:\GP\EALPR Vechicles dataset\Vehicles\2039.jpg,False,,374,370,539,451,N/A,0.12,0.0
2040.jpg,D:\GP\EALPR Vechicles dataset\Vehicles\2040.jpg,False,,487,296,654,394,N/A,0.07,0.0
2041.jpg,D:\GP\EALPR Vechicles dataset\Vehicles\2041.jpg,False,,598,389,692,439,N/A,0.08,0.0
2042.jpg,D:\GP\EALPR Vechicles dataset\Vehicles\2042.jpg,False,,212,401,325,459,N/A,0.09,0.0
2043.jpg,D:\GP\EALPR Vechicles dataset\Vehicles\2043.jpg,False,,320,205,460,278,N/A,0.08,0.0
2044.jpg,D:\GP\EALPR Vechicles dataset\Vehicles\2044.jpg,False,,316,173,485,261,N/A,0.11,0.0
2045.jpg,D:\GP\EALPR Vechicles dataset\Vehicles\2045.jpg,False,,140,202,226,245,N/A,0.08,0.0
2046.jpg,D:\GP\EALPR Vechicles dataset\Vehicles\2046.jpg,False,,289,314,384,359,N/A,0.11,0.0
2047.jpg,D:\GP\EALPR Vechicles dataset\Vehicles\2047.jpg,False,,240,277,371,346,N/A,0.12,0.0
2048.jpg,D:\GP\EALPR Vechicles dataset\Vehicles\2048.jpg,False,,233,207,395,286,N/A,0.11,0.0
2049.jpg,D:\GP\EALPR Vechicles dataset\Vehicles\2049.jpg,False,,265,105,693,337,N/A,0.07,0.0
2050.jpg,D:\GP\EALPR Vechicles dataset\Vehicles\2050.jpg,False,,342,259,517,342,N/A,0.11,0.0
2051.jpg,D:\GP\EALPR Vechicles dataset\Vehicles\2051.jpg,False,,482,290,675,392,N/A,0.12,0.0
2052.jpg,D:\GP\EALPR Vechicles dataset\Vehicles\2052.jpg,False,,274,241,374,292,N/A,0.10,0.0
2053.jpg,D:\GP\EALPR Vechicles dataset\Vehicles\2053.jpg,False,,422,406,511,461,N/A,0.11,0.0
2054.jpg,D:\GP\EALPR Vechicles dataset\Vehicles\2054.jpg,False,,260,395,394,465,N/A,0.09,0.0
2055.jpg,D:\GP\EALPR Vechicles dataset\Vehicles\2055.jpg,False,,291,319,464,411,N/A,0.11,0.0
2056.jpg,D:\GP\EALPR Vechicles dataset\Vehicles\2056.jpg,False,,316,173,485,261,N/A,0.08,0.0
2057.jpg,D:\GP\EALPR Vechicles dataset\Vehicles\2057.jpg,False,,304,237,454,311,N/A,0.09,0.0
2058.jpg,D:\GP\EALPR Vechicles dataset\Vehicles\2058.jpg,False,,232,411,369,486,N/A,0.10,0.0
2059.jpg,D:\GP\EALPR Vechicles dataset\Vehicles\2059.jpg,False,,94,116,349,256,N/A,0.09,0.0
2060.jpg,D:\GP\EALPR Vechicles dataset\Vehicles\2060.jpg,False,,324,282,411,327,N/A,0.12,0.0
2061.jpg,D:\GP\EALPR Vechicles dataset\Vehicles\2061.jpg,False,,231,359,336,406,N/A,0.10,0.0
2062.jpg,D:\GP\EALPR Vechicles dataset\Vehicles\2062.jpg,False,,251,243,372,304,N/A,0.09,0.0
2063.jpg,D:\GP\EALPR Vechicles dataset\Vehicles\2063.jpg,False,,152,312,207,340,N/A,0.07,0.0
2064.jpg,D:\GP\EALPR Vechicles dataset\Vehicles\2064.jpg,False,,398,297,475,335,N/A,0.07,0.0
2065.jpg,D:\GP\EALPR Vechicles dataset\Vehicles\2065.jpg,False,,472,372,634,471,N/A,0.11,0.0
2066.jpg,D:\GP\EALPR Vechicles dataset\Vehicles\2066.jpg,False,,192,109,383,216,N/A,0.12,0.0
2067.jpg,D:\GP\EALPR Vechicles dataset\Vehicles\2067.jpg,False,,240,406,357,467,N/A,0.09,0.0
2068.jpg,D:\GP\EALPR Vechicles dataset\Vehicles\2068.jpg,False,,360,402,519,487,N/A,0.11,0.0
2069.jpg,D:\GP\EALPR Vechicles dataset\Vehicles\2069.jpg,False,,407,440,522,498,N/A,0.09,0.0
2070.jpg,D:\GP\EALPR Vechicles dataset\Vehicles\2070.jpg,False,,365,247,475,313,N/A,0.08,0.0
2071.jpg,D:\GP\EALPR Vechicles dataset\Vehicles\2071.jpg,False,,308,391,438,467,N/A,0.10,0.0
2072.jpg,D:\GP\EALPR Vechicles dataset\Vehicles\2072.jpg,False,,355,156,563,260,N/A,0.12,0.0
2073.jpg,D:\GP\EALPR Vechicles dataset\Vehicles\2073.jpg,False,,472,372,634,471,N/A,0.12,0.0
2074.jpg,D:\GP\EALPR Vechicles dataset\Vehicles\2074.jpg,False,,94,116,349,256,N/A,0.09,0.0
2075.jpg,D:\GP\EALPR Vechicles dataset\Vehicles\2075.jpg,False,,248,343,380,411,N/A,0.10,0.0
2076.jpg,D:\GP\EALPR Vechicles dataset\Vehicles\2076.jpg,False,,421,799,604,901,N/A,0.13,0.0
2077.jpg,D:\GP\EALPR Vechicles dataset\Vehicles\2077.jpg,False,,391,291,545,370,N/A,0.08,0.0
2078.jpg,D:\GP\EALPR Vechicles dataset\Vehicles\2078.jpg,False,,256,279,466,386,N/A,0.10,0.0
2079.jpg,D:\GP\EALPR Vechicles dataset\Vehicles\2079.jpg,False,,289,451,403,516,N/A,0.13,0.0
2080.jpg,D:\GP\EALPR Vechicles dataset\Vehicles\2080.jpg,False,,311,349,413,401,N/A,0.10,0.0
2081.jpg,D:\GP\EALPR Vechicles dataset\Vehicles\2081.jpg,False,,367,252,543,338,N/A,0.09,0.0
2082.jpg,D:\GP\EALPR Vechicles dataset\Vehicles\2082.jpg,False,,251,755,405,836,N/A,0.10,0.0
2083.jpg,D:\GP\EALPR Vechicles dataset\Vehicles\2083.jpg,False,,390,482,599,586,N/A,0.11,0.0
2084.jpg,D:\GP\EALPR Vechicles dataset\Vehicles\2084.jpg,False,,256,279,466,385,N/A,0.11,0.0
2085.jpg,D:\GP\EALPR Vechicles dataset\Vehicles\2085.jpg,False,,412,202,570,284,N/A,0.08,0.0
2086.jpg,D:\GP\EALPR Vechicles dataset\Vehicles\2086.jpg,False,,266,198,374,253,N/A,0.13,0.0
2087.jpg,D:\GP\EALPR Vechicles dataset\Vehicles\2087.jpg,False,,315,282,684,466,N/A,0.10,0.0
1965.jpeg,D:\GP\EALPR Vechicles dataset\Vehicles\1965.jpeg,False,,123,348,170,370,N/A,0.24,0.0
1966.jpeg,D:\GP\EALPR Vechicles dataset\Vehicles\1966.jpeg,False,,335,312,386,340,N/A,0.09,0.0
